"Word","IPA","POS","Category","Definition","Examples","Notes","Synonyms","Antonyms","SynonymDistinction"
"postulate","/ˈpɒstʃəleɪt/","v.","学术写作","义1. 假定；假设（作为推理或理论起点的命题，比 assume 更学术、更正式）","义1:
  • The theory postulates a direct link between diet and mood.
  • It is postulated that the universe has been expanding since the Big Bang.
  • We postulate a common ancestor for these two species.","后常接 that 从句；名词 postulate 指‘公设 / 假定’，哲学、数学、理科高频。","assume、hypothesize、presuppose","disprove、refute","assume 最日常、把握最弱；hypothesize 强调基于有限证据的科学推测；postulate 多用于理论体系的逻辑起点，语气最正式。"
"hypothesize","/haɪˈpɒθəsaɪz/","v.","学术写作","义1. 提出假说；推测（基于不完整证据，待检验）","义1:
  • Researchers hypothesize that sleep loss impairs memory consolidation.
  • It was hypothesized that the drug would reduce inflammation.
  • We hypothesize a causal relationship, not merely a correlation.","名词 hypothesis（假说）；形容词 hypothetical（假设的）。常与 test / confirm / reject 搭配。","postulate、speculate、surmise","confirm、verify","speculate 更偏‘猜测、泛泛推想’；hypothesize 是科研语境下‘可检验的假设’；postulate 比 hypothesize 更正式、更偏理论前提。"
"corroborate","/kəˈrɒbəreɪt/","v.","学术写作","义1. 佐证；证实（用独立证据支撑已有结论）","义1:
  • Subsequent experiments corroborated the initial findings.
  • Witness testimony corroborated the defendant's alibi.
  • The data corroborate our earlier claim about rising temperatures.","及物，宾语多为 finding / claim / theory；名词 corroboration，形容词 corroborating。","confirm、substantiate、verify","contradict、refute","confirm 泛指确认；substantiate 强调提供实质证据支撑主张；corroborate 特指‘另一来源的独立证据’与原有证据相互印证。"
"refute","/rɪˈfjuːt/","v.","学术写作","义1. 驳斥；推翻（用证据否定某观点）","义1:
  • These results refute the longstanding theory proposed by Smith (2010).
  • The author refutes the claim that technology reduces employment.
  • New fossils refute the idea that birds evolved later than mammals.","注意：refute = 用证据反驳（不是 merely deny）。名词 refutation。","rebut、disprove、contradict","support、corroborate","rebut 多用于辩论/法律当场反驳；disprove 强调证明为假；refute 强调以论证+证据系统性推翻。"
"elucidate","/iˈluːsɪdeɪt/","v.","学术写作","义1. 阐明；解释清楚（把复杂、晦涩的概念讲明白）","义1:
  • The diagram elucidates the mechanism underlying cell division.
  • Chapter 3 elucidates the difference between the two models.
  • She elucidated her position with several historical examples.","正式书面；名词 elucidation。比 explain 更学术。","clarify、explain、illuminate","obscure、confuse","clarify 侧重‘消除歧义’；illuminate 侧重‘照亮、使人领悟’；elucidate 侧重对复杂理论的细致剖析，最正式。"
"extrapolate","/ɪkˈstræpəleɪt/","v.","学术写作","义1. 外推；推断（由已知数据推测未知情况）","义1:
  • We can extrapolate from these trends to predict future demand.
  • Do not extrapolate findings from mice to humans too readily.
  • The chart lets us extrapolate the population in 2050.","常与 from / to 搭配；名词 extrapolation。注意外推有风险，论文中宜用谨慎语气。","infer、project、deduce","","infer 由证据推结论；project 多指‘预测’数值；extrapolate 特指沿已有趋势延伸到范围外。"
"underscore","/ˌʌndəˈskɔː(r)/","v.","学术写作","义1. 强调；突出（比 emphasize 更书面）","义1:
  • These findings underscore the importance of early intervention.
  • The crisis underscores how fragile global supply chains are.
  • His silence underscored his disagreement.","及物，宾语多为 importance / need / fact。亦可作名词 underscore（下划线）。","emphasize、highlight、stress","understate、minimize","highlight 像‘高亮’般凸显一点；stress 语气更重带‘施压’感；underscore 书面对重要性做低调而有力的强调。"
"substantiate","/səbˈstænʃieɪt/","v.","学术写作","义1. 证实；为（说法）提供实质证据","义1:
  • There is insufficient evidence to substantiate this claim.
  • He substantiated his argument with court records.
  • The allegations were never substantiated.","宾语多为 claim / allegation / charge；名词 substantiation。","corroborate、confirm、verify","disprove、refute","confirm 泛确认；corroborate 强调‘另一独立来源印证’；substantiate 强调给主张‘填充实质证据’，常用在指控/声明语境。"
"mitigate","/ˈmɪtɪɡeɪt/","v.","学术写作","义1. 减轻；缓和（负面影响的程度）","义1:
  • Policies were introduced to mitigate the impact of climate change.
  • Medicine can mitigate but not cure the symptoms.
  • Steps were taken to mitigate the risk of flooding.","宾语多为 impact / effect / risk / damage；名词 mitigation。勿与 militate（影响、起作用）混淆。","alleviate、lessen、diminish","exacerbate、aggravate","alleviate 多用于痛苦/负担；lessen 最通用；mitigate 书面、多用于风险/损害等负面事物。"
"exacerbate","/ɪɡˈzæsəbeɪt/","v.","学术写作","义1. 加剧；使恶化（负面情况）","义1:
  • Poor diet can exacerbate existing health conditions.
  • The policy exacerbated rather than solved inequality.
  • Stress exacerbates the symptoms of the disease.","宾语多为 problem / condition / tension；名词 exacerbation。与 aggravate 近义。","aggravate、worsen、intensify","mitigate、alleviate","worsen 最通用；aggravate 可指‘激怒人’；exacerbate 最正式，专指使负面局势更糟。"
"fluctuate","/ˈflʌktʃueɪt/","v.","学术写作","义1. 波动；起伏不定","义1:
  • Prices fluctuated wildly throughout the decade.
  • Body temperature fluctuates slightly during the day.
  • Public support for the policy fluctuated between 40% and 55%.","名词 fluctuation；常与 widely / sharply / between A and B 搭配。","vary、oscillate、swing","stabilize、steady","vary 泛指变化；oscillate 多指在两极值间摆动（也用于观点）；fluctuate 强调无规律上下波动（数据、价格）。"
"parameter","/pəˈræmɪtə(r)/","n.","学术写作","义1. 参数；界限（决定系统行为的可变因素）","义1:
  • Several key parameters were adjusted during the simulation.
  • We must work within the parameters of the law.
  • The model has too many unknown parameters.","常用复数 parameters；口语中也指‘范围 / 限制’（within the parameters of...）。","variable、factor、criterion","","variable 通用‘变量’；factor 指‘影响因素’；parameter 是模型/系统中的‘可调参数’，更技术化。"
"correlation","/ˌkɒrəˈleɪʃn/","n.","学术写作","义1. 相关（性）；关联","义1:
  • There is a strong correlation between exercise and mental health.
  • Correlation does not imply causation.
  • The study found a positive correlation between the two variables.","常接 between A and B；形容词 correlated。务必区分 correlation（相关）与 causation（因果）。","connection、link、association","independence","link / connection 泛指联系；association 偏统计‘共现’；correlation 是量化‘相关系数’意义上的相关。"
"paradigm","/ˈpærədaɪm/","n.","学术写作","义1. 范式；典范（一套被广泛接受的理论/方法框架）","义1:
  • The discovery triggered a paradigm shift in physics.
  • This model offers a new paradigm for understanding memory.
  • We need a paradigm change in how cities are planned.","paradigm shift = 范式转移（库恩《科学革命的结构》）。","model、framework、pattern","","model 指具体模型；framework 指结构框架；paradigm 指一整套‘世界观/方法论’层面的典范，层级最高。"
"robust","/rəʊˈbʌst/","adj.","学术写作","义1. 稳健的；强健的（结果/方法经得起检验）","义1:
  • The conclusion is robust to changes in the data.
  • We need a robust statistical method.
  • A robust immune system resists infection.","论文中常说 robust to / against...（对…稳健）。也形容人‘健壮’。","sound、sturdy、reliable","fragile、weak","sound 指‘合理可靠’（a sound argument）；sturdy 指物理结实；robust 在学术中指‘方法/结论不易被推翻’。"
"rigorous","/ˈrɪɡərəs/","adj.","学术写作","义1. 严密的；严格的（方法、标准）","义1:
  • The study used a rigorous experimental design.
  • We applied rigorous quality controls.
  • His reasoning is rigorous and well-supported.","名词 rigour（美 rigor）。形容人‘一丝不苟’也可。","strict、meticulous、thorough","sloppy、lax","strict 侧重遵守规则严；meticulous 侧重细节精确；rigorous 强调逻辑/方法上的严密无漏洞。"
"nuanced","/ˈnjuːɑːnst/","adj.","学术写作","义1. 细腻的；有细微差别的","义1:
  • The issue is more nuanced than it appears.
  • She offered a nuanced analysis of the conflict.
  • A nuanced view avoids simple right-or-wrong judgments.","名词 nuance（细微差别）。常用于批评‘过度简化’。","subtle、complicated、refined","crude、simplistic","subtle 泛指微妙；complicated 指复杂；nuanced 强调‘包含需要体察的细微层次’，评价性偏正面。"
"nevertheless","/ˌnevəðəˈles/","adv.","学术写作","义1. 然而；尽管如此（转折连接词）","义1:
  • The data are limited; nevertheless, the trend is clear.
  • It is costly. Nevertheless, it is necessary.
  • He was tired; nevertheless, he finished the work.","正式，功能同 however / nonetheless，但更强调‘让步后仍成立’。","however、nonetheless、yet","","however 最通用；nonetheless 语气略轻；nevertheless 在学术写作中表‘承认前述、仍坚持后述’的强转折。"
"consequently","/ˈkɒnsɪkwəntli/","adv.","学术写作","义1. 因此；所以（表因果）","义1:
  • Demand fell; consequently, prices dropped.
  • The bridge was closed; consequently, traffic worsened.
  • He missed the deadline; consequently, the project was delayed.","比 so 正式；近 therefore，但 consequently 更强调‘自然导致的结果’。","therefore、thus、hence","","therefore 通用因果；thus 可表‘如此一来’也用于数学；hence 较简洁书面；consequently 偏‘顺理成章的结果’。"
"metaphor","/ˈmetəfə(r)/","n.","英语文学","义1. 暗喻（直接把 A 说成 B，不用 like/as）","义1:
  • 'Time is a thief' is a metaphor, not a simile.
  • The poet uses the sea as a metaphor for the unconscious.
  • Her voice was a metaphor for freedom in the novel.","区别于 simile（明喻，用 like/as）。动词 metaphorize。","simile、analogy、figure of speech","","simile 明喻（用 like/as）；analogy 类比是说明性比较；metaphor 是文学性直接等同，最凝练。"
"irony","/ˈaɪrəni/","n.","英语文学","义1. 反讽（言意相反，或事态与预期相悖）","义1:
  • 'What lovely weather,' she said, with irony, in the storm.
  • The irony is that the fire station burned down.
  • Verbal irony says the opposite of what is meant.","分 verbal / situational / dramatic 三类；形容词 ironic。","sarcasm、paradox、contradiction","sincerity","sarcasm 是带刺的口头反讽（含贬义）；irony 范围更广、可中性甚至悲剧性；paradox 是逻辑上的自相矛盾。"
"foil","/fɔɪl/","n.","英语文学","义1. 衬托角色（以对比凸显主角特质）","义1:
  • The cowardly friend is a foil to the brave hero.
  • Her calmness acts as a foil to his agitation.
  • In the play, the fool is the king's foil.","也可作动词 foil = 阻止（The plan was foiled）。文学义专指‘衬托’。","contrast、counterpart、antithesis","","contrast 通用对比；antithesis 是对立（黑vs白）；foil 专指文学中‘用来衬托主角的配角’。"
"epiphany","/ɪˈpɪfəni/","n.","英语文学","义1. 顿悟（人物突然的领悟，常为转折）","义1:
  • The novel ends with the hero's epiphany about his past.
  • She had an epiphany that she loved the city.
  • His epiphany changes the whole meaning of the story.","源自宗教‘显现’；在成长小说(bildungsroman)中常见。","realization、revelation、insight","","realization 通用‘意识到’；revelation 强调‘被揭示的真相’；epiphany 特指文学中突然而深刻的顿悟时刻。"
"bildungsroman","/ˈbɪldʊŋzrəʊmɑːn/","n.","英语文学","义1. 成长小说（记述主人公心理/道德成长）","义1:
  • 'Great Expectations' is a classic bildungsroman.
  • The film is a bildungsroman about a young artist.
  • Many Victorian novels are bildungsromane (plural).","德语借词，复数 bildungsromane；常写 coming-of-age story。","coming-of-age story、apprenticeship novel","","coming-of-age 是通俗说法；bildungsroman 是文学术语，强调‘教育/修养形成’的成长过程。"
"sovereignty","/ˈsɒvrənti/","n.","法律政治","义1. 主权（国家的最高独立权力）","义1:
  • The treaty respects the sovereignty of each member state.
  • Questions of sovereignty lie at the heart of the conflict.
  • Popular sovereignty holds that power resides in the people.","形容词 sovereign（主权的；君主）。","autonomy、independence、authority","subjection、dependency","autonomy 指‘自治权’（可小于国家）；independence 指独立状态；sovereignty 是国际法上‘最高、对外独立’的主权。"
"ratify","/ˈrætɪfaɪ/","v.","法律政治","义1. 批准；正式签署生效（条约、协议）","义1:
  • The senate ratified the trade treaty last year.
  • The constitution was ratified by a public vote.
  • The agreement cannot take effect until both sides ratify it.","名词 ratification；名词 ratifier。","approve、confirm、sanction","reject、void","approve 通用批准；sanction 可指‘批准’也可指‘制裁’（看语境）；ratify 专指对条约/宪法等‘正式追认生效’。"
"legislation","/ˌledʒɪsˈleɪʃn/","n.","法律政治","义1. 立法；法律（总称）","义1:
  • New legislation bans single-use plastics.
  • The legislation was passed by a narrow margin.
  • We need legislation to protect gig workers.","不可数；动词 legislate；立法者 legislator。","law、statute、act","","law 泛指法律；statute 指成文法条款；legislation 是‘立法行为或成套法规’的总称。"
"acquit","/əˈkwɪt/","v.","法律政治","义1. 宣判无罪","义1:
  • The jury acquitted him of all charges.
  • She was acquitted for lack of evidence.
  • The court acquitted the defendant.","多用于刑事；反义 convict。名词 acquittal。","clear、exonerate","convict、condemn","clear / exonerate 较通用‘洗清’；acquit 是法庭正式‘无罪开释’。"
"convict","/kənˈvɪkt/","v.","法律政治","义1. 宣判有罪","义1:
  • He was convicted of fraud.
  • The court convicted her on two counts.
  • They were convicted and sentenced to prison.","名词 /ˈkɒnvɪkt/ 指‘已定罪者’；反义 acquit。","find guilty、sentence","acquit、exonerate","find guilty 是陪审团‘认定有罪’；convict 是整个‘定罪’动作；sentence 是后续的‘判刑’。"
"hegemony","/hɪˈdʒeməni/","n.","法律政治","义1. 霸权；支配地位（一国/集团的主导权）","义1:
  • The hegemony of the superpower is weakening.
  • Cultural hegemony shapes what people accept as normal.
  • They challenged the region's economic hegemony.","形容词 hegemonic。源自希腊，政治/国际关系高频。","dominance、supremacy、leadership","subordination","dominance 通用‘主导’；supremacy 强调‘至高无上’；hegemony 特指一国对他国/地区的‘领导+控制’式霸权。"
"deterrence","/dɪˈterəns/","n.","法律政治","义1. 威慑（以报复能力阻止敌对方行动）","义1:
  • Nuclear deterrence prevented direct war between the blocs.
  • The fine acts as a deterrence to speeding.
  • Deterrence relies on the threat, not the act.","动词 deter；形容词 deterrent（也指‘威慑物/防盗装置’）。","prevention、discouragement","encouragement","prevention 指‘预防发生’；deterrence 指‘以惩罚/报复的威胁使人不敢做’，军事/外交核心概念。"
"diagnosis","/ˌdaɪəɡˈnəʊsɪs/","n.","医疗健康","义1. 诊断（对病症的判断）","义1:
  • The doctor made a diagnosis of pneumonia.
  • Early diagnosis improves the chance of recovery.
  • The diagnosis was confirmed by a blood test.","动词 diagnose；复数 diagnoses；反义 prognosis（预后）。","identification、detection","misdiagnosis","detection 指‘发现疾病存在’；diagnosis 是完整的‘判断是什么病’；prognosis 是‘预后/会怎样’。"
"prognosis","/prɒɡˈnəʊsɪs/","n.","医疗健康","义1. 预后；对病程与康复的预测","义1:
  • The prognosis is good if treated early.
  • Doctors gave him a poor prognosis.
  • The long-term prognosis remains uncertain.","复数 prognoses；与 diagnosis（诊断）易混，注意区分。","forecast、outlook","","outlook 通用‘前景’；prognosis 专指医学上‘对疾病走向的预测’。"
"chronic","/ˈkrɒnɪk/","adj.","医疗健康","义1. 慢性的；长期的（病症持续不愈）","义1:
  • He suffers from chronic back pain.
  • Chronic stress harms the heart.
  • Diabetes is a chronic condition.","反义 acute（急性的）。也用于贬义‘严重的’（a chronic liar 惯骗）。","persistent、long-term、ongoing","acute、temporary","persistent 指‘持续存在’；long-term 中性‘长期’；chronic 医学专指‘慢性、迁延不愈’。"
"acute","/əˈkjuːt/","adj.","医疗健康","义1. 急性的；剧烈的（突然、严重）","义1:
  • She was taken to hospital with acute appendicitis.
  • The patient felt acute chest pain.
  • There is an acute shortage of beds.","反义 chronic（慢性）。也指‘敏锐’（an acute observer）或‘尖锐’（an acute angle 锐角）。","severe、intense、sharp","chronic、mild","severe 通用‘严重’；intense 指‘强烈’；acute 医学指‘突发且剧烈/急性’，与 chronic 相对。"
"therapy","/ˈθerəpi/","n.","医疗健康","义1. 治疗；疗法","义1:
  • She is undergoing physical therapy.
  • Cognitive therapy helped his anxiety.
  • Gene therapy is a promising field.","复数 therapies；形容词 therapeutic（有疗效的）。","treatment、cure、remedy","","treatment 通用‘治疗’；cure 强调‘治愈’；therapy 多指‘系统性理疗/心理疗法’过程。"
"prescription","/prɪˈskrɪpʃn/","n.","医疗健康","义1. 处方；处方药","义1:
  • The doctor wrote a prescription for antibiotics.
  • You need a prescription to buy this medicine.
  • Fill the prescription at the pharmacy.","动词 prescribe；形容词 prescriptive（也指‘规定性的’）。","script、order、medication","","medication 指‘药物本身’；prescription 是‘医生开的方子/凭方取的药’；script 是口语缩写。"
"vaccine","/ˈvæksiːn/","n.","医疗健康","义1. 疫苗","义1:
  • The vaccine protects against the virus.
  • She received two doses of the vaccine.
  • A new vaccine is in clinical trials.","动词 vaccinate；名词 vaccination。相关：antibody 抗体，immunity 免疫力。","inoculation、immunization","","inoculation 泛指‘接种’（含疫苗）；immunization 强调‘获得免疫’；vaccine 特指‘疫苗制剂’。"
"epidemic","/ˌepɪˈdemɪk/","n./adj.","医疗健康","义1. （疾病）流行；传染高峰","义1:
  • An epidemic of flu swept the city.
  • Measures slowed the epidemic.
  • Obesity has become an epidemic in wealthy nations.","范围跨地区用 pandemic（大流行）；形容词 endemic 指‘地方性的’。","outbreak、pandemic、plague","endemic","outbreak 指‘暴发’（事件）；pandemic 是跨国大流行；epidemic 是一国/地区内的流行。"
"avocado","/ˌævəˈkɑːdəʊ/","n.","美食食品","义1. 牛油果；鳄梨","义1:
  • I spread avocado on my toast.
  • Guacamole is made from avocado.
  • She added avocado to the salad.","复数 avocados；也作形容词‘牛油果绿的’。","alligator pear","","alligator pear 是旧称/别称；avocado 是标准名。"
"pomegranate","/ˈpɒmɪɡrænɪt/","n.","美食食品","义1. 石榴","义1:
  • She squeezed the pomegranate for juice.
  • The salad was topped with pomegranate seeds.
  • Pomegranate is rich in antioxidants.","籽 edible；皮不可食。","","",""
"quinoa","/ˈkiːnwɑː/","n.","美食食品","义1. 藜麦（高蛋白谷物）","义1:
  • Quinoa is a good source of protein.
  • We served quinoa instead of rice.
  • Boil the quinoa for about fifteen minutes.","发音为 KEEN-wah；植物学上非真谷物但常作主食。","grain、pseudocereal","","grain 是谷物统称；quinoa 是具体的高蛋白伪谷物。"
"zucchini","/zuˈkiːni/","n.","美食食品","义1. 西葫芦（美）； courgette（英）","义1:
  • Slice the zucchini thinly.
  • We grilled the zucchini with olive oil.
  • Add diced zucchini to the stir-fry.","英式 courgette；复数同形或 zucchini。","courgette","","courgette 是英式说法；zucchini 是美式。"
"yogurt","/ˈjɒɡət/","n.","美食食品","义1. 酸奶","义1:
  • I eat yogurt for breakfast.
  • Greek yogurt is thicker than regular yogurt.
  • The sauce is made with plain yogurt.","也拼 yoghurt；可作形容词 yogurt-based。","curd","","curd 多指‘凝乳’（制作环节）；yogurt 是成品酸奶。"
"magnanimous","/mæɡˈnænɪməs/","adj.","外貌性格","义1. 宽宏大量的；豁达的","义1:
  • He was magnanimous in victory and thanked his rival.
  • A magnanimous leader forgives past insults.
  • She made a magnanimous gesture of reconciliation.","名词 magnanimity；勿与 unanimous（一致的）混淆。","generous、forgiving、noble","petty、mean","generous 通用‘慷慨’；forgiving 侧重‘原谅’；magnanimous 强调‘地位高者不念旧恶’的胸襟，最正式。"
"pusillanimous","/ˌpjuːsɪˈlænɪməs/","adj.","外貌性格","义1. 怯懦的；胆小如鼠的","义1:
  • His pusillanimous refusal to speak up angered them.
  • A pusillanimous ruler avoids all risk.
  • Do not be so pusillanimous; state your view.","正式、带贬义；名词 pusillanimity。","cowardly、timid、fainthearted","brave、courageous","timid 中性‘害羞胆小’；cowardly 常用贬义；pusillanimous 最正式、强调‘缺乏胆魄’。"
"mercurial","/mɜːˈkjʊəriəl/","adj.","外貌性格","义1. 善变的；情绪起伏快的","义1:
  • His mercurial mood swings puzzled the team.
  • She is a mercurial genius, brilliant yet unpredictable.
  • The mercurial market rose and fell within a day.","源自 Mercury（水星/神），喻‘多变、敏捷’；也形容‘机敏’。","volatile、capricious、changeable","steady、stable","capricious 强调‘任性、无理由地变’；volatile 强调‘剧烈不稳’；mercurial 偏‘敏捷而善变’，可褒可贬。"
"ebullient","/ɪˈbʌliənt/","adj.","外貌性格","义1. 热情奔放的；兴致勃勃的","义1:
  • The ebullient host welcomed every guest.
  • She gave an ebullient speech full of laughter.
  • His ebullient nature lifts the room.","名词 ebullience；比 enthusiastic 更有‘外溢的喜悦’之感。","exuberant、effervescent、cheerful","morose、glum","cheerful 通用‘开心’；effervescent 像气泡般活泼；ebullient 强调‘满溢的热情’，最生动。"
"taciturn","/ˈtæsɪtɜːn/","adj.","外貌性格","义1. 沉默寡言的","义1:
  • The taciturn old man rarely spoke.
  • His taciturn manner was mistaken for rudeness.
  • She is taciturn in meetings but warm in private.","反义 garrulous / loquacious；名词 taciturnity。","reserved、silent、reticent","garrulous、talkative","reserved 中性‘内敛’；reticent 指‘不愿吐露’；taciturn 强调‘天性少言’。"
"garrulous","/ˈɡærələs/","adj.","外貌性格","义1. 饶舌的；爱说话的","义1:
  • The garrulous neighbor talked for an hour.
  • He is garrulous when he drinks.
  • A garrulous guide can exhaust tourists.","略带贬义；反义 taciturn；名词 garrulity。","talkative、loquacious、voluble","taciturn、reticent","talkative 中性‘爱说话’；loquacious 较正式；garrulous 带‘絮叨、停不下来’的贬义。"
"inscrutable","/ɪnˈskruːtəbl/","adj.","外貌性格","义1. 高深莫测的；难以看透的","义1:
  • He wore an inscrutable smile.
  • Her motives remained inscrutable.
  • The monk's face was calm and inscrutable.","名词 inscrutability；常用于表情、意图。","enigmatic、mysterious、unfathomable","transparent、clear","mysterious 通用‘神秘’；enigmatic 偏‘谜样引人猜’；inscrutable 强调‘无法读懂（表情/心思）’。"
"sanguine","/ˈsæŋɡwɪn/","adj.","外貌性格","义1. 乐观的；充满信心的（也指面色红润）","义1:
  • She is sanguine about the project's chances.
  • He remained sanguine despite the setbacks.
  • A sanguine complexion suggests good health.","源于‘血’（体液说中血液旺则乐观）；反义 melancholic。","optimistic、hopeful、cheerful","pessimistic、melancholic","optimistic 通用‘乐观’；hopeful 指‘抱有希望’；sanguine 正式、带‘天性豁达’意味，也保留‘红润’古义。"
"blasé","/ˈblɑːzeɪ/","adj.","外貌性格","义1. 见怪不怪的；漠然厌倦的","义1:
  • The blasé critic yawned at the fireworks.
  • Having traveled everywhere, he is blasé about sights.
  • Don't be so blasé; this is a real achievement.","源自法语，常形容‘对寻常刺激无感、略显倦怠’。","jaded、apathetic、unimpressed","enthusiastic、eager","jaded 强调‘因过度经历而麻木’；apathetic 指‘冷漠无心’；blasé 强调‘见多不怪、不为所动’的倦怠感。"
"biodiversity","/ˌbaɪəʊdaɪˈvɜːsəti/","n.","地理环境","义1. 生物多样性","义1:
  • The rainforest is rich in biodiversity.
  • Loss of biodiversity threatens ecosystems.
  • Protected areas help preserve biodiversity.","形容词 biodiverse；常用前缀 bio-（生命）。","variety of life、ecological richness","monoculture","variety of life 是通俗说法；biodiversity 是生态学术语，强调‘物种/基因/生态系统’多层次多样。"
"sustainability","/səˌsteɪnəˈbɪləti/","n.","地理环境","义1. 可持续性","义1:
  • We must balance growth with environmental sustainability.
  • The report measures the sustainability of farming.
  • Urban sustainability requires clean transport.","形容词 sustainable（可持续的）；动词 sustain。","endurance、viability","depletion","viability 指‘能否维持运转’；sustainability 专指‘不损害未来、长期可续’的发展观。"
"erosion","/ɪˈrəʊʒn/","n.","地理环境","义1. 侵蚀；磨损（风、水、时间造成）","义1:
  • Soil erosion washed away the topsoil.
  • Coastal erosion threatens the village.
  • The erosion of trust damaged the team.","动词 erode；也可喻‘侵蚀（权利/信任）’。","wearing away、corrosion、decline","buildup","corrosion 多指‘化学锈蚀’；wearing away 通用‘磨耗’；erosion 专指自然力对地表/物质的逐步剥蚀，亦可比喻。"
"watershed","/ˈwɔːtəʃed/","n.","地理环境","义1. 分水岭（也喻重大转折点）","义1:
  • The year 1989 was a watershed in European history.
  • The reform marked a watershed for the economy.
  • The river's watershed covers three provinces.","地理义‘流域分水岭’；比喻义‘转折点’更常用。","turning point、milestone、divide","","milestone 指‘里程碑/标志事件’；turning point 指‘转折’；watershed 强调‘分界、此后截然不同’的转折。"
"mammal","/ˈmæml/","n.","动植物","义1. 哺乳动物","义1:
  • Whales are mammals, not fish.
  • Humans are mammals that give birth to live young.
  • The mammal feeds its young with milk.","形容词 mammalian；特征：胎生、哺乳、恒温。","vertebrate","","vertebrate 指‘脊椎动物’（含鱼鸟爬）；mammal 是其中‘哺乳’的一类。"
"pollinate","/ˈpɒlɪneɪt/","v.","动植物","义1. 给…传粉","义1:
  • Bees pollinate most fruit trees.
  • Wind pollinates grasses and cereals.
  • The flower is pollinated by moths at night.","名词 pollination；传粉者 pollinator（蜂、蝶等）。","fertilize","","fertilize 可指‘施肥’或‘受精’；pollinate 专指‘花粉传递’这一生态过程。"
"deciduous","/dɪˈsɪdʒuəs/","adj.","动植物","义1. 落叶的（树木季节性地落叶）","义1:
  • Oak is a deciduous tree.
  • Deciduous forests turn red in autumn.
  • Plant deciduous shrubs for seasonal color.","反义 evergreen（常绿）。","leaf-shedding","evergreen","leaf-shedding 是描述；deciduous 是植物学术语，与 evergreen 相对。"
"renaissance","/rɪˈneɪsns/","n.","艺术音乐","义1. 文艺复兴；复兴","义1:
  • The Renaissance began in Italy in the 14th century.
  • There is a renaissance of craft beer.
  • Her work sparked a renaissance in local art.","首字母大写指欧洲文艺复兴；小写指‘复兴’。","revival、rebirth、awakening","decline","revival 通用‘复兴’；rebirth 强调‘重生’；Renaissance 专指14–17世纪欧洲文化运动。"
"crescendo","/krəˈʃendəʊ/","n.","艺术音乐","义1. （音乐）渐强；高潮渐起","义1:
  • The music built to a crescendo.
  • The applause reached a crescendo.
  • Tensions rose in a crescendo before the war.","源于意大利语；也喻‘逐步高涨到顶点’。","climax、swelling、peak","decrescendo","climax 指‘顶点’；peak 指‘峰值’；crescendo 强调‘由弱到强逐渐推到高潮’的过程。"
"improvisation","/ɪmˌprɒvəˈzeɪʃn/","n.","艺术音乐","义1. 即兴创作；即兴表演","义1:
  • Jazz relies on improvisation.
  • The actor's improvisation saved the scene.
  • We performed with little preparation and much improvisation.","动词 improvise；形容词 improvised。","extemporization、ad-lib","scripting","ad-lib 口语‘临时加词’；extemporization 偏演讲‘即兴’；improvisation 是音乐/戏剧通用的‘即兴创作’。"
"itinerary","/aɪˈtɪnərəri/","n.","旅游","义1. 行程单；旅行路线","义1:
  • Our itinerary includes three cities in five days.
  • Send me the itinerary before we book.
  • The tour's itinerary changed due to weather.","也用于商务‘日程安排’。","schedule、route、plan","","route 指‘路线’；schedule 指‘时刻表’；itinerary 是‘逐站旅行计划’。"
"heritage","/ˈherɪtɪdʒ/","n.","旅游","义1. 遗产；传统（文化/自然）","义1:
  • The town is a UNESCO world heritage site.
  • They preserve their cultural heritage.
  • The festival celebrates local heritage.","world heritage site = 世界遗产；形容词 heritage（heritage railway 遗产铁路）。","legacy、inheritance、tradition","","legacy 多指‘先辈留下的影响/财物’；tradition 指‘传统习俗’；heritage 强调‘可珍视、需保护的文化/自然遗产’。"
"Confucius","/kənˈfjuːʃəs/","n.","历史人物","义1. 孔子（公元前 551–479，中国思想家、儒家创始人）","义1:
  • Confucius emphasized filial piety and education.
  • The sayings of Confucius were compiled in the Analects.
  • Confucius influenced East Asian thought for two millennia.","拉丁化名；本名孔丘，字仲尼。相关 Confucianism 儒家。","","",""
"Leonardo da Vinci","/liːəˈnɑːdəʊ dɑː ˈvɪntʃi/","n.","历史人物","义1. 列奥纳多·达·芬奇（1452–1519，意大利文艺复兴全才：画家、科学家、发明家）","义1:
  • Leonardo da Vinci painted the Mona Lisa.
  • Leonardo da Vinci sketched early flying machines.
  • Leonardo da Vinci embodies the Renaissance ideal of the universal genius.","《蒙娜丽莎》《最后的晚餐》作者；也作科学家、工程师。","","",""
"Alexander the Great","/ˌælɪɡˈzɑːndə ðə ˈɡreɪt/","n.","历史人物","义1. 亚历山大大帝（公元前 356–323，马其顿国王，建立横跨欧亚非的帝国）","义1:
  • Alexander the Great conquered Persia by the age of 25.
  • Alexander the Great spread Greek culture across his empire.
  • The conquests of Alexander the Great shaped the ancient world.","马其顿王，师事亚里士多德；帝国昙花一现。","","",""
"Einstein","/ˈaɪnʃtaɪn/","n.","历史人物","义1. 爱因斯坦（1879–1955，物理学家，相对论提出者，1921 诺贝尔物理学奖）","义1:
  • Einstein published the theory of relativity in 1905.
  • Einstein's E=mc² reshaped physics.
  • Einstein fled Nazi Germany and later urged atomic caution.","相对论的提出者；也象征‘天才’。","","",""
"premise","/ˈpremɪs/","n.","学术写作","义1. 前提；假定（论证的起点）","义1:
  • The argument rests on a false premise.
  • We must question the premise that growth equals progress.
  • His theory starts from the premise of equal opportunity.","常用 on the premise that...；复数 premises 也指‘房屋/经营场所’。","assumption、presupposition","conclusion","assumption 最日常‘假定’；presupposition 是‘预先假定’；premise 在逻辑/论文中指‘作为推理基础的前提’。"
"thesis","/ˈθiːsɪs/","n.","学术写作","义1. 论点；论文（学位论文）","义1:
  • The thesis of the book is that cities make us freer.
  • She is writing her doctoral thesis on climate law.
  • His thesis challenges the standard view.","复数 theses；‘毕业论文’英式 dissertation，美式 thesis 常指硕士/博士论文。","argument、dissertation、claim","","argument 泛指论证；claim 指‘主张’；thesis 是系统性的‘中心论点/学位论文’。"
"empirical","/ɪmˈpɪrɪkl/","adj.","学术写作","义1. 实证的；基于观察/实验的","义1:
  • We need empirical evidence, not just theory.
  • The claim lacks empirical support.
  • Empirical studies show a clear effect.","反义 theoretical；名词 empiricism（经验主义）。","observational、experimental","theoretical、speculative","observational 偏‘观察得来’；experimental 指‘实验控制’；empirical 总称‘来自经验证据’。"
"quantitative","/ˈkwɒntɪtətɪv/","adj.","学术写作","义1. 定量的（可用数字衡量）","义1:
  • The study uses quantitative data from 10,000 surveys.
  • Quantitative analysis reveals a steady decline.
  • They prefer quantitative over qualitative methods.","反义 qualitative（定性的）；量化研究 quantitative research。","numerical、measurable","qualitative","numerical 泛指‘数字的’；measurable 指‘可测的’；quantitative 是方法论上‘定量’研究。"
"qualitative","/ˈkwɒlɪtətɪv/","adj.","学术写作","义1. 定性的（关于性质、特征）","义1:
  • We collected qualitative feedback through interviews.
  • Qualitative research explores meanings, not numbers.
  • The report combines qualitative and quantitative findings.","反义 quantitative。","descriptive、subjective","quantitative","descriptive 指‘描述性’；subjective 指‘主观’；qualitative 专指‘质性/非数值’研究取向。"
"synthesize","/ˈsɪnθəsaɪz/","v.","学术写作","义1. 综合；归纳（整合多方信息得出结论）","义1:
  • The paper synthesizes findings from 40 studies.
  • He synthesized the debate into three positions.
  • Chapter 5 synthesizes the main arguments.","名词 synthesis；形容词 synthetic（合成的）。论文常用‘综合既有研究’。","integrate、summarize、combine","analyze、break down","summarize 偏‘简要重述’；integrate 指‘整合’；synthesize 强调‘把分散材料提炼成新整体’。"
"articulate","/ɑːˈtɪkjuleɪt/","v./adj.","学术写作","义1. 清晰表达；发音清晰的","义1:
  • She articulated her concerns with precision.
  • The report articulates a novel framework.
  • He is an articulate and confident speaker.","作形容词读 /ɑːˈtɪkjələt/ 指‘口齿清晰、善于表达’；作动词指‘阐明’。","express、voice、eloquent","mumble、incoherent","express 通用‘表达’；voice 指‘说出（意见）’；articulate 强调‘条理清晰、措辞到位’。"
"salient","/ˈseɪliənt/","adj.","学术写作","义1. 显著的；最突出的","义1:
  • The salient feature of the data is its volatility.
  • Three salient points emerge from the discussion.
  • He ignored the most salient fact.","正式；常修饰 point / feature / difference。","prominent、notable、striking","minor、trivial","prominent 指‘显眼/重要’；notable 指‘值得注意’；salient 正式、强调‘最关健、跃然而出’。"
"tentative","/ˈtentətɪv/","adj.","学术写作","义1. 初步的；试探性的","义1:
  • These are tentative conclusions pending more data.
  • We offer a tentative explanation.
  • He made a tentative suggestion.","名词 tentativeness；常修饰 finding / conclusion / plan。","provisional、preliminary、hesitant","definitive、firm","provisional 指‘临时替代’；preliminary 指‘前期’；tentative 强调‘尚不肯定、留有余地’。"
"underlie","/ˌʌndəˈlaɪ/","v.","学术写作","义1. 构成…的基础；是…的深层原因","义1:
  • A shared belief underlies both policies.
  • The principle that underlies the law is fairness.
  • Several factors underlie the recent unrest.","过去式 underlay，过去分词 underlain；形容词 underlying（潜在的）。","ground、base、explain","","base 通用‘基于’；ground 指‘使有根据’；underlie 强调‘在底层支撑/成因’。"
"albeit","/ɔːlˈbiːɪt/","conj.","学术写作","义1. 尽管；虽然（语气正式）","义1:
  • The plan succeeded, albeit slowly.
  • Useful, albeit limited, evidence was found.
  • He agreed, albeit reluctantly.","= although，但更书面，常连接一个让步小句。","though、although","","though/although 更口语；albeit 正式、紧凑，常置于形容词或短语前。"
"allegory","/ˈæləɡəri/","n.","英语文学","义1. 寓言；讽喻（整体象征叙事）","义1:
  • 'Animal Farm' is an allegory of the Russian Revolution.
  • The poem works as a political allegory.
  • Mediaeval allegories taught moral lessons.","形容词 allegorical；与 metaphor 区别：allegory 是整篇的系统性象征。","parable、fable、symbolism","","fable 短小的道德故事（常动物主角）；parable 圣经式比喻；allegory 是长篇、多层象征叙事。"
"symbolism","/ˈsɪmbəlɪzəm/","n.","英语文学","义1. 象征主义；象征手法","义1:
  • The green light is a symbolism of Gatsby's hope.
  • The novel is rich in religious symbolism.
  • Symbolism conveys meaning beyond the literal.","也指 19 世纪‘象征主义’文艺流派；形容词 symbolic。","metaphor、allegory","","metaphor 是单个修辞；allegory 是整篇象征；symbolism 是‘用象征表意’的手法或流派。"
"imagery","/ˈɪmɪdʒəri/","n.","英语文学","义1. 意象（唤起感官的画面语言）","义1:
  • The poem's sea imagery evokes calm.
  • Visual imagery dominates the opening scene.
  • He uses olfactory imagery to recall childhood.","分 visual / auditory / tactile 等；不是‘图片’。","figures、descriptive language","","description 通用‘描写’；imagery 特指‘唤起感官形象的修辞语言’。"
"motif","/məʊˈtiːf/","n.","英语文学","义1. 母题；反复出现的主题元素","义1:
  • The journey is a recurring motif in the book.
  • Water is a motif symbolizing renewal.
  • The composer reuses a musical motif.","也用于艺术/音乐；区别于 theme（更抽象的中心思想）。","theme、leitmotif","","theme 是中心思想；motif 是‘反复出现的具体意象/元素’，可视为 theme 的载体。"
"protagonist","/prəˈtæɡənɪst/","n.","英语文学","义1. 主角；主要人物","义1:
  • The protagonist struggles against fate.
  • A flawed protagonist engages readers more.
  • The protagonist learns humility by the end.","反义 antagonist（对手）；复数 protagonists。","hero、main character","antagonist","hero 带‘正面’色彩；main character 中性；protagonist 是叙事学‘推动情节的主角’，可非正面。"
"climax","/ˈklaɪmæks/","n.","英语文学","义1. 高潮（情节最紧张处）","义1:
  • The climax occurs when the two rivals meet.
  • The film's climax is quietly moving.
  • The argument builds to a climax.","结构：exposition → rising action → climax → falling action → resolution。","peak、turning point","anticlimax","peak 泛指‘顶点’；turning point 指‘转折’；climax 专指叙事‘张力顶点’。"
"denouement","/deɪˈnuːmɒ̃/","n.","英语文学","义1. 结局；收场（谜团解开）","义1:
  • The denouement reveals the murderer.
  • The novel's denouement feels rushed.
  • In the denouement, loose ends are tied.","源自法语；也拼 dénouement；指‘解结’。","resolution、ending","","ending 通用‘结尾’；resolution 指‘矛盾解决’；denouement 强调‘此前悬疑的最终揭晓’。"
"catharsis","/kəˈθɑːsɪs/","n.","英语文学","义1. 宣泄；净化（观众情绪释放）","义1:
  • Tragedy offers catharsis through pity and fear.
  • The finale provides emotional catharsis.
  • Writing became her catharsis.","亚里士多德《诗学》；形容词 cathartic。","release、purification","","release 通用‘释放’；purification 指‘净化’；catharsis 是美学/心理专用‘情感宣泄’。"
"soliloquy","/səˈlɪləkwi/","n.","英语文学","义1. 独白（角色自言自语，观众听见）","义1:
  • Hamlet's soliloquy 'To be or not to be' is famous.
  • The soliloquy reveals her true motive.
  • He delivers a long soliloquy in Act III.","区别于 aside（旁白，对其他角色隐蔽）；复数 soliloquies。","monologue、aside","","monologue 泛指‘个人长篇讲话’；aside 是‘面向观众、他人听不到’的旁白；soliloquy 是‘独自思考出声’。"
"realism","/ˈrɪəlɪzəm/","n.","英语文学","义1. 现实主义（如实描写现实）","义1:
  • Nineteenth-century realism depicted ordinary life.
  • The novel is a study in social realism.
  • Magical realism blends the real with the fantastic.","反义 romanticism；相关 naturalism（自然主义更决定论）。","naturalism、verisimilitude","romanticism、fantasy","naturalism 更强调‘环境/遗传决定论’；verisimilitude 指‘逼真感’；realism 是‘如实再现现实’的流派/态度。"
"modernism","/ˈmɒdənɪzəm/","n.","英语文学","义1. 现代主义（20 世纪初反传统的实验潮流）","义1:
  • Modernism broke with Victorian conventions.
  • Stream of consciousness is a modernist technique.
  • Eliot and Woolf are modernist writers.","反义/后继 postmodernism（后现代主义）。","avant-garde、experimentalism","traditionalism","avant-garde 泛指‘先锋’；experimentalism 指‘实验性’；modernism 是特定历史流派。"
"statute","/ˈstætʃuːt/","n.","法律政治","义1. 成文法；制定法","义1:
  • The statute prohibits discrimination at work.
  • Under the statute, the act is a crime.
  • Congress passed a new statute.","区别于 common law（判例法）；形容词 statutory。","law、act、legislation","","law 泛指法律；act 指‘法案/单行法’；statute 是‘经立法程序制定的成文法条’。"
"plaintiff","/ˈpleɪntɪf/","n.","法律政治","义1. 原告（民事诉讼起诉方）","义1:
  • The plaintiff filed suit for breach of contract.
  • The plaintiff must prove the claim.
  • The court ruled for the plaintiff.","刑事称 prosecutor（公诉人）；被告 defendant。","claimant、complainant","defendant","claimant 泛指‘索赔人’；complainant 指‘投诉人’；plaintiff 是民事诉讼‘原告’专称。"
"jurisdiction","/ˌdʒʊərɪsˈdɪkʃn/","n.","法律政治","义1. 管辖权；司法辖区","义1:
  • The court lacks jurisdiction over the case.
  • The crime falls within federal jurisdiction.
  • They disputed which country had jurisdiction.","形容词 jurisdictional。","authority、competence","","authority 通用‘权力’；competence 指‘职权能力’；jurisdiction 法律专指‘管辖权限/区域’。"
"sanction","/ˈsæŋkʃn/","n./v.","法律政治","义1. 制裁；批准（一词两义，看语境）","义1:
  • The UN imposed economic sanctions on the regime.
  • The treaty received legislative sanction.
  • Sanctions aim to change behavior without war.","作‘制裁’多为复数；作‘批准’为单数。易混淆，务必看语境！","penalty、embargo、approval","approval、reward","embargo 专指‘禁运’；penalty 指‘处罚’；sanction 作动词/名词可同时表‘批准’与‘制裁’，需据语境判别。"
"referendum","/ˌrefəˈrendəm/","n.","法律政治","义1. 全民公投","义1:
  • A referendum decided the constitutional change.
  • The government called a referendum on membership.
  • The referendum passed by a narrow margin.","复数 referendums 或 referenda。","plebiscite、vote","","plebiscite 也指‘公投’（常带权威性）；vote 泛指‘投票’；referendum 是就具体议题的全民表决。"
"federal","/ˈfedərəl/","adj.","法律政治","义1. 联邦的（中央与地方分权）","义1:
  • The federal government shares power with states.
  • Federal law overrides conflicting state law.
  • Germany is a federal republic.","名词 federation（联邦）；反义 unitary（单一制）。","national、unitary(反)","unitary、centralized","national 指‘全国的’；unitary 指‘单一集权’；federal 特指‘中央与地方分权的联邦制’。"
"unilateral","/ˌjuːnɪˈlætrəl/","adj.","法律政治","义1. 单边的；单方面的","义1:
  • They took unilateral action without allies.
  • A unilateral ceasefire was declared.
  • Unilateral tariffs breach trade norms.","反义 multilateral（多边的）/ bilateral（双边的）。","one-sided、sole","multilateral、bilateral","one-sided 通用‘一面倒’；bilateral 指‘双方’；unilateral 专指‘一方单独行动’。"
"annex","/əˈneks/","v./n.","法律政治","义1. 吞并； annex（附件）","义1:
  • The state annexed the neighbouring territory.
  • The report annexed a detailed table.
  • Annexation of the region was condemned.","作动词‘吞并’；作名词‘附录/附件’。名词 annexation。","seize、append、attachment","cede","seize 指‘武力夺取’；append 指‘附上’；annex 在政治指‘正式吞并’，在文件指‘附件’。"
"embargo","/ɪmˈbɑːɡəʊ/","n.","法律政治","义1. 禁运；贸易禁令","义1:
  • An oil embargo hurt the economy.
  • The embargo was lifted last year.
  • They imposed an arms embargo.","动词 impose / lift an embargo；复数 embargoes。","ban、sanction、blockade","free trade","ban 通用‘禁止’；blockade 指‘封锁’；embargo 专指‘贸易/物资禁运’。"
"apartheid","/əˈpɑːtaɪt/","n.","法律政治","义1. 种族隔离（南非旧制）","义1:
  • Apartheid divided the population by race.
  • The regime ended apartheid in 1994.
  • They compared the policy to apartheid.","源自南非荷兰语‘分离’；现泛指制度化种族隔离。","segregation、discrimination","integration","segregation 泛指‘隔离’；discrimination 指‘歧视’；apartheid 特指‘制度化、法律化的种族隔离’。"
"symptom","/ˈsɪmptəm/","n.","医疗健康","义1. 症状（疾病表现）","义1:
  • Fever is a symptom of infection.
  • He showed no symptoms at first.
  • Cough is a common symptom.","区别于 sign（体征，医生可测）；复数 symptoms。","indication、manifestation","","sign 是客观‘体征’（如血压高）；symptom 是患者主观‘症状’（如疼痛）。"
"syndrome","/ˈsɪndrəʊm/","n.","医疗健康","义1. 综合征（一组并发症状）","义1:
  • Down syndrome is a genetic condition.
  • She was diagnosed with chronic fatigue syndrome.
  • Metabolic syndrome raises heart risk.","指‘症候群’，不等于单一疾病。","condition、disorder","","disorder 指‘紊乱/障碍’；condition 泛指‘病症’；syndrome 是‘多个症状成组出现’。"
"benign","/bɪˈnaɪn/","adj.","医疗健康","义1. 良性的（非癌、不恶化）","义1:
  • The tumour was found to be benign.
  • A benign growth needs no surgery.
  • The condition is benign and self-limiting.","反义 malignant（恶性）；也指‘温和的’（a benign climate）。","harmless、non-cancerous","malignant、deadly","harmless 通用‘无害’；non-cancerous 指‘非癌’；benign 医学专指‘良性（不扩散）’。"
"malignant","/məˈlɪɡnənt/","adj.","医疗健康","义1. 恶性的（癌性、会扩散）","义1:
  • The biopsy showed a malignant tumour.
  • Malignant cells spread to nearby tissue.
  • Early detection of malignant growth saves lives.","反义 benign；名词 malignancy。","cancerous、virulent","benign、harmless","cancerous 指‘癌’；virulent 指‘剧毒/烈性’；malignant 医学指‘恶性、具侵袭性’。"
"immunity","/ɪˈmjuːnəti/","n.","医疗健康","义1. 免疫力；豁免","义1:
  • Vaccination builds immunity to the virus.
  • Her natural immunity protected her.
  • Diplomats enjoy diplomatic immunity.","形容词 immune；相关 antibody 抗体、antigen 抗原。","resistance、exemption","susceptibility","resistance 指‘抵抗（力）’；exemption 指‘豁免’；immunity 专指‘免疫能力’或‘法律豁免’。"
"antibiotic","/ˌæntibaɪˈɒtɪk/","n.","医疗健康","义1. 抗生素","义1:
  • The doctor prescribed an antibiotic for the infection.
  • Overuse of antibiotics breeds resistance.
  • This antibiotic targets bacteria, not viruses.","对病毒无效；滥用致 antibiotic resistance（耐药）。","antimicrobial","","antimicrobial 更广‘抗菌/微生物’；antibiotic 特指‘抗细菌的抗生素’。"
"relapse","/rɪˈlæps/","n./v.","医疗健康","义1. 复发；旧病复发","义1:
  • The patient relapsed after stopping treatment.
  • A relapse is common with this illness.
  • She feared a relapse into depression.","也可喻‘恶习重犯’（relapse into smoking）。","recurrence、setback","recovery","recurrence 通用‘再发生’；setback 指‘挫折’；relapse 专指‘病愈后复发/恶习重犯’。"
"palliative","/ˈpæliətɪv/","adj./n.","医疗健康","义1. 姑息的；缓解（不治之症的对症处理）","义1:
  • The care is palliative, not curative.
  • Palliative treatment eases the pain.
  • They chose palliative care at home.","palliative care = 姑息治疗（减轻痛苦，非治愈）。","relieving、soothing","curative","relieving 通用‘缓解’；curative 指‘治愈’；palliative 专指‘减轻症状而非根治’。"
"triage","/ˈtriːɑːʒ/","n.","医疗健康","义1. 分诊；优先排序（按紧急程度）","义1:
  • Nurses triage patients in the ER.
  • Triage decides who is treated first.
  • Disaster triage saves the most lives.","源自法语‘分拣’；也用于资源/任务优先级。","prioritization、screening","","screening 指‘筛查’；prioritization 指‘排优先级’；triage 专指‘按危重程度分配救治’。"
"mango","/ˈmæŋɡəʊ/","n.","美食食品","义1. 芒果","义1:
  • She peeled a ripe mango.
  • Mango adds sweetness to the salsa.
  • The mango is the national fruit of India.","复数 mangoes / mangos。","","",""
"blueberry","/ˈbluːbəri/","n.","美食食品","义1. 蓝莓","义1:
  • I put blueberries in my cereal.
  • Blueberries are high in antioxidants.
  • She baked blueberry muffins.","复数 blueberries；相关 cranberry 蔓越莓。","","",""
"broccoli","/ˈbrɒkəli/","n.","美食食品","义1. 西兰花","义1:
  • Steam the broccoli for five minutes.
  • Broccoli is rich in vitamin C.
  • The kids refused to eat broccoli.","不可数；十字花科。","","",""
"spinach","/ˈspɪnɪtʃ/","n.","美食食品","义1. 菠菜","义1:
  • Add spinach to the omelette.
  • Spinach wilts quickly in the pan.
  • Fresh spinach is best in spring.","不可数。","","",""
"basil","/ˈbæzl/","n.","美食食品","义1. 罗勒（香草）","义1:
  • Tear basil over the tomato salad.
  • Pesto is made from basil and pine nuts.
  • Thai basil differs from Italian basil.","不可数；常用于意/泰菜。","","",""
"saffron","/ˈsæfrən/","n.","美食食品","义1. 藏红花（珍贵香料）","义1:
  • A pinch of saffron colors the rice.
  • Saffron gives paella its golden hue.
  • Real saffron is the world's costliest spice.","不可数；取自古花柱头。","","",""
"tofu","/ˈtəʊfuː/","n.","美食食品","义1. 豆腐","义1:
  • She stir-fried tofu with greens.
  • Silken tofu goes in the soup.
  • Tofu is a key source of plant protein.","不可数；源自日语。","bean curd","","bean curd 是直译‘豆凝乳’；tofu 是通用名。"
"risotto","/rɪˈzɒtəʊ/","n.","美食食品","义1. 意式炖饭","义1:
  • We ordered mushroom risotto.
  • Risotto is stirred until creamy.
  • He made a saffron risotto.","意式，用 Arborio 米慢炖。","","",""
"croissant","/ˈkwæsɒ̃/","n.","美食食品","义1. 羊角面包；可颂","义1:
  • She ate a buttery croissant for breakfast.
  • The croissant was still warm.
  • A chocolate croissant pairs with coffee.","源自法语。","","",""
"sorbet","/ˈsɔːbeɪ/","n.","美食食品","义1. 雪芭（冰品，无奶）","义1:
  • Lemon sorbet cleansed the palate.
  • Mango sorbet is dairy-free.
  • We served sorbet between courses.","区别于 ice cream（含奶）；gelato（意式冰淇淋）。","water ice","","ice cream 含乳脂；gelato 意式更密；sorbet 是水果冰、无奶。"
"hummus","/ˈhʊməs/","n.","美食食品","义1. 鹰嘴豆泥","义1:
  • Dip the pita in hummus.
  • Hummus is made from chickpeas and tahini.
  • We bought red-pepper hummus.","不可数；中东食品。","","",""
"gregarious","/ɡrɪˈɡeəriəs/","adj.","外貌性格","义1. 合群的；爱社交的","义1:
  • He is gregarious and loves parties.
  • Gregarious animals live in herds.
  • Her gregarious nature eased the meeting.","反义 solitary / reclusive；名词 gregariousness。","sociable、outgoing、extroverted","solitary、reclusive","sociable 通用‘好社交’；outgoing 指‘外向’；gregarious 强调‘天然喜欢群处’（也可形容动物）。"
"phlegmatic","/fleɡˈmætɪk/","adj.","外貌性格","义1. 冷静淡漠的；不易激动的","义1:
  • His phlegmatic manner calmed the room.
  • A phlegmatic captain stays calm in storms.
  • She is phlegmatic even under pressure.","源自‘黏液质’（体液说）；反义 choleric（易怒）。","calm、impassive、composed","excitable、choleric","calm 通用‘平静’；impassive 指‘无表情’；phlegmatic 强调‘天性不易动情、淡然’。"
"diffident","/ˈdɪfɪdənt/","adj.","外貌性格","义1. 羞怯缺乏自信的","义1:
  • He was too diffident to speak up.
  • A diffident smile crossed her face.
  • Don't be diffident; your idea is good.","名词 diffidence；反义 confident。","shy、timid、self-effacing","confident、assertive","shy 通用‘害羞’；timid 指‘胆怯’；diffident 强调‘对自己能力缺乏信心而不敢表达’。"
"laconic","/ləˈkɒnɪk/","adj.","外貌性格","义1. 言简意赅的；惜字如金的","义1:
  • His laconic reply ended the debate.
  • She gave a laconic 'No.'
  • The general was famously laconic.","反义 garrulous / verbose；名词 laconicism。","terse、concise、brief","garrulous、verbose","concise 褒义‘简洁’；terse 可能带‘生硬’；laconic 强调‘少言但往往有力’。"
"quixotic","/kwɪkˈsɒtɪk/","adj.","外貌性格","义1. 堂吉诃德式不切实际的；理想主义的","义1:
  • His quixotic plan to end all war amused them.
  • She launched a quixotic campaign.
  • The quest was noble but quixotic.","源自《堂吉诃德》；常带‘虽不切实际但可爱’的意味。","idealistic、impractical、romantic","pragmatic、realistic","impractical 中性‘不实用’；idealistic 指‘理想化’；quixotic 强调‘为崇高但虚幻的目标而战’。"
"whimsical","/ˈwɪmzɪkl/","adj.","外貌性格","义1. 异想天开的；随兴的","义1:
  • The garden had a whimsical design.
  • His whimsical humor delighted children.
  • She made a whimsical choice of career.","名词 whim（突发奇想）；反义 serious / predictable。","fanciful、playful、capricious","solemn、predictable","fanciful 指‘爱幻想’；capricious 指‘任性多变’；whimsical 强调‘轻松、俏皮、随兴的奇想’。"
"sagacious","/səˈɡeɪʃəs/","adj.","外貌性格","义1. 睿智的；明察的","义1:
  • A sagacious elder advised the king.
  • Her sagacious investment paid off.
  • He made a sagacious choice.","名词 sagacity；比 wise 更正式、带‘洞察力’。","wise、astute、prudent","foolish、frivolous","wise 通用‘智慧’；astute 指‘精明敏锐’；sagacious 正式、强调‘深邃的判断力’。"
"erudite","/ˈerudaɪt/","adj.","外貌性格","义1. 博学的；有学问的","义1:
  • The erudite professor cited rare texts.
  • His erudite lecture impressed all.
  • She is erudite yet humble.","名词 erudition；区别于 learned（也指博学，更平实）。","learned、scholarly、knowledgeable","ignorant、unlettered","learned 通用‘有学识’；scholarly 指‘学术的’；erudite 强调‘广博而深、博闻’。"
"peevish","/ˈpiːvɪʃ/","adj.","外貌性格","义1. 爱抱怨的；脾气坏的","义1:
  • The peevish child whined all day.
  • His peevish tone annoyed colleagues.
  • Don't be so peevish about small things.","名词 peevishness；近 petulant。","irritable、petulant、querulous","cheerful、good-natured","irritable 指‘易恼’；petulant 指‘任性地闹情绪’；peevish 强调‘为小事抱怨、性情乖戾’。"
"churlish","/ˈtʃɜːlɪʃ/","adj.","外貌性格","义1. 粗鲁无礼的；脾气坏的","义1:
  • He gave a churlish refusal.
  • It would be churlish to decline the gift.
  • Her churlish remark silenced the room.","较正式、贬义；名词 churlishness。","rude、boorish、surly","courteous、gracious","rude 通用‘粗鲁’；boorish 指‘粗野没教养’；churlish 强调‘无礼且脾气糟’。"
"statuesque","/stæˈtjuːesk/","adj.","外貌性格","义1. 雕像般端庄高挑的（多形容女性）","义1:
  • The statuesque model walked the runway.
  • She had a statuesque grace.
  • A statuesque figure stood at the door.","褒义，强调‘端庄、如雕塑般美’。","dignified、stately、majestic","ungainly","stately 指‘庄重’；majestic 指‘宏伟’；statuesque 特指‘身姿如雕像般优美挺拔’。"
"svelte","/svelte/","adj.","外貌性格","义1. 优雅苗条的","义1:
  • She looked svelte in the gown.
  • He kept svelte with daily yoga.
  • The dancer was slim and svelte.","源自法语，偏褒义、带‘优雅’。","slender、lithe、graceful","stout、ponderous","slender 通用‘纤细’；lithe 指‘柔软灵活’；svelte 强调‘苗条而优雅’。"
"ecosystem","/ˈiːkəʊsɪstəm/","n.","地理环境","义1. 生态系统","义1:
  • Coral reefs are fragile ecosystems.
  • Human activity disrupts the ecosystem.
  • The pond supports a rich ecosystem.","形容词 ecological（生态的）。","habitat、environment","","habitat 指‘物种栖息地’；environment 泛指‘环境’；ecosystem 强调整体‘生物+环境’的互动系统。"
"deforestation","/diːˌfɒrɪˈsteɪʃn/","n.","地理环境","义1. 森林砍伐","义1:
  • Deforestation accelerates climate change.
  • The region suffers severe deforestation.
  • Reforestation can reverse deforestation.","动词 deforest；反义 reforestation（造林）。","clear-cutting、logging","reforestation","logging 指‘伐木（产业）’；clear-cutting 指‘皆伐’；deforestation 是‘森林消失’这一现象。"
"emission","/iˈmɪʃn/","n.","地理环境","义1. 排放（物）","义1:
  • Carbon emissions must fall by 2030.
  • The factory cut its emissions by half.
  • Zero-emission vehicles are spreading.","常用 carbon / greenhouse gas emissions。","discharge、release","absorption","discharge 泛指‘排出（液/气）’；release 指‘释放’；emission 环境专指‘温室气体等排放’。"
"conservation","/ˌkɒnsəˈveɪʃn/","n.","地理环境","义1. 保护；保育（自然资源）","义1:
  • Wildlife conservation needs funding.
  • Water conservation saves the city.
  • She works in heritage conservation.","动词 conserve；形容词 conservative（保守的，注意歧义）。","preservation、protection","depletion、exploitation","preservation 指‘原样保存’；protection 指‘保护’；conservation 强调‘可持续利用式保育’。"
"peninsula","/pəˈnɪnsjələ/","n.","地理环境","义1. 半岛","义1:
  • Italy is a peninsula.
  • They hiked the peninsula's coast.
  • The peninsula juts into the sea.","形容词 peninsular。","headland","","headland 指‘海岬（小）’；peninsula 指‘三面环水的半岛’。"
"archipelago","/ˌɑːkɪˈpeləɡəʊ/","n.","地理环境","义1. 群岛","义1:
  • Indonesia is a vast archipelago.
  • The archipelago has over a thousand islands.
  • They sailed among the archipelago.","复数 archipelagos。","islands","","islands 泛指‘岛屿’；archipelago 是‘成群的群岛’。"
"monsoon","/mɒnˈsuːn/","n.","地理环境","义1. 季风；雨季","义1:
  • The monsoon brings heavy rain.
  • Rice depends on the summer monsoon.
  • The monsoon failed this year.","也指‘季风季节’；形容词 monsoon。","seasonal rains","","seasonal rains 是描述；monsoon 是气象专名‘季风/雨季’。"
"tundra","/ˈtʌndrə/","n.","地理环境","义1. 苔原（寒带无树平原）","义1:
  • Reindeer graze the tundra.
  • The tundra freezes in winter.
  • Permafrost underlies the tundra.","生态带；与 savanna 热带草原、taiga 针叶林并列。","polar plain","","polar plain 是描述；tundra 是生态专名‘苔原’。"
"drought","/draʊt/","n.","地理环境","义1. 干旱；旱灾","义1:
  • The drought ruined the harvest.
  • Prolonged drought emptied the reservoir.
  • Drought forced farmers to leave.","形容词 drought-stricken。","dry spell、aridity","flood、deluge","dry spell 指‘一段干期’；aridity 指‘干旱状态’；drought 是‘造成灾害的旱’。"
"estuary","/ˈestʃuəri/","n.","地理环境","义1. 河口（咸淡水交汇）","义1:
  • The river forms a wide estuary.
  • Estuaries teem with young fish.
  • The estuary is a protected wetland.","形容词 estuarine。","river mouth","","river mouth 是‘入海口’通俗说法；estuary 是‘受潮汐影响的河口湾’专名。"
"photosynthesis","/ˌfəʊtəʊˈsɪnθəsɪs/","n.","动植物","义1. 光合作用","义1:
  • Photosynthesis turns sunlight into sugar.
  • Plants perform photosynthesis in leaves.
  • Without photosynthesis, life would starve.","动词 photosynthesize；形容词 photosynthetic。","","",""
"carnivore","/ˈkɑːnɪvɔː(r)/","n.","动植物","义1. 肉食动物","义1:
  • The lion is a carnivore.
  • Carnivores sit atop the food chain.
  • A strict carnivore eats only meat.","形容词 carnivorous；反义 herbivore（草食）、omnivore（杂食）。","predator","herbivore","predator 指‘捕食者’；carnivore 是‘食性为肉’的分类词。"
"herbivore","/ˈhɜːbɪvɔː(r)/","n.","动植物","义1. 草食动物","义1:
  • The deer is a herbivore.
  • Herbivores graze on grasses.
  • Rabbits are small herbivores.","形容词 herbivorous；反义 carnivore。","plant-eater","carnivore","plant-eater 是描述；herbivore 是‘食草动物’分类词。"
"endangered","/ɪnˈdeɪndʒəd/","adj.","动植物","义1. 濒危的","义1:
  • The tiger is an endangered species.
  • Endangered habitats need protection.
  • Poaching makes rhinos endangered.","程度：vulnerable < endangered < critically endangered；反义 thriving。","threatened、at risk","thriving、abundant","threatened 泛指‘受威胁’；at risk 通用‘有风险’；endangered 是 IUCN‘濒危’正式等级。"
"extinct","/ɪkˈstɪŋkt/","adj.","动植物","义1. 灭绝的","义1:
  • The dodo is extinct.
  • Many species went extinct recently.
  • An extinct volcano no longer erupts.","名词 extinction（灭绝）；也形容‘熄灭的/死火山’。","gone、vanished","extant、alive","gone 通用‘没了’；vanished 指‘消失’；extinct 生物专指‘物种灭绝’。"
"canopy","/ˈkænəpi/","n.","动植物","义1. 树冠层；顶盖","义1:
  • Birds nest in the forest canopy.
  • Sunlight filters through the canopy.
  • The canopy shields the ground below.","也指‘华盖/罩’；形容词 canopied。","cover、ceiling","","cover 通用‘覆盖’；ceiling 指‘天花板’；canopy 专指‘树冠层/顶篷’。"
"fauna","/ˈfɔːnə/","n.","动植物","义1. 动物群（某区）","义1:
  • The island's fauna includes rare birds.
  • Australian fauna is unique.
  • The park protects its flora and fauna.","与 flora（植物群）对应；常 flora and fauna 连用。","animal life","","animal life 是描述；fauna 是‘某地区动物群’专名，与 flora 对举。"
"flora","/ˈflɔːrə/","n.","动植物","义1. 植物群（某区）","义1:
  • The region's flora is diverse.
  • Alpine flora survives the cold.
  • The guide lists local flora and fauna.","与 fauna（动物群）对应。","plant life","","plant life 是描述；flora 是‘某地区植物群’专名。"
"migration","/maɪˈɡreɪʃn/","n.","动植物","义1. 迁徙；迁移","义1:
  • Bird migration follows the seasons.
  • Wildebeest migration crosses the plains.
  • Human migration reshapes cities.","动词 migrate；形容词 migratory。","movement、displacement","","movement 通用‘移动’；displacement 指‘被迫 displacement’；migration 专指‘周期性/跨国迁徙’。"
"symbiotic","/ˌsɪmbaɪˈɒtɪk/","adj.","动植物","义1. 共生的","义1:
  • The relationship is symbiotic and mutual.
  • Clownfish and anemones are symbiotic.
  • They formed a symbiotic partnership.","名词 symbiosis；可互利也可寄生。","mutual、interdependent","parasitic","mutual 指‘相互’；interdependent 指‘互相依赖’；symbiotic 生物专指‘共生’。"
"species","/ˈspiːʃiːz/","n.","动植物","义1. 物种","义1:
  • This species is found only here.
  • A new species was discovered.
  • The species is at risk of loss.","单复同形 species；形容词 specific。","kind、breed","","kind 通用‘种类’；breed 指‘品种（家畜）’；species 是生物分类‘物种’。"
"baroque","/bəˈrɒk/","adj./n.","艺术音乐","义1. 巴洛克（艺术/音乐风格，华丽繁复）","义1:
  • Bach wrote baroque music.
  • The cathedral is a baroque masterpiece.
  • Baroque art delights in ornament.","约 1600–1750；反义/后继 classical（古典）。","ornate、elaborate","austere、minimalist","ornate 指‘华丽装饰’；elaborate 指‘精细复杂’；baroque 是特定历史风格‘繁复华丽’。"
"impressionism","/ɪmˈpreʃənɪzəm/","n.","艺术音乐","义1. 印象派（绘画，重光影瞬间感）","义1:
  • Monet is a leader of impressionism.
  • Impressionism broke with strict realism.
  • The show surveys French impressionism.","形容词 impressionist；代表：莫奈、雷诺阿。","plein-air painting","","plein-air 指‘外光写生’（技法）；impressionism 是‘印象派’流派。"
"surrealism","/səˈrɪəlɪzəm/","n.","艺术音乐","义1. 超现实主义","义1:
  • Dali is a surrealism icon.
  • Surrealism fuses dream and reality.
  • The film owes much to surrealism.","形容词 surreal（超现实的）；代表：达利、马格利特。","dreamlike art","","dreamlike 形容‘如梦’；surrealism 是‘超现实’艺术流派。"
"chiaroscuro","/ˌkiːɑːrəˈskʊərəʊ/","n.","艺术音乐","义1. 明暗对照法（绘画用光）","义1:
  • Caravaggio mastered chiaroscuro.
  • The chiaroscuro adds drama.
  • Renaissance art used chiaroscuro.","意大利语‘明+暗’；也用于电影用光。","shading、contrast","","shading 指‘明暗渐变’；contrast 指‘对比’；chiaroscuro 是‘强明强暗’的造型技法。"
"sonata","/səˈnɑːtə/","n.","艺术音乐","义1. 奏鸣曲（乐器作品）","义1:
  • Beethoven's Moonlight Sonata is famous.
  • She performed a piano sonata.
  • The sonata has three movements.","区别于 symphony（交响曲，管弦乐）。","","",""
"symphony","/ˈsɪmfəni/","n.","艺术音乐","义1. 交响曲（管弦乐大型作品）","义1:
  • Mahler's symphony moved the hall.
  • The orchestra played a symphony.
  • His Ninth Symphony is beloved.","复数 symphonies；交响乐团 symphony orchestra。","","",""
"harmony","/ˈhɑːməni/","n.","艺术音乐","义1. 和声；和谐","义1:
  • The voices blend in harmony.
  • The chords create rich harmony.
  • Social harmony needs tolerance.","反义 dissonance（不和谐）；形容词 harmonious。","concord、agreement","dissonance、discord","concord 通用‘一致’；agreement 指‘协议/同意’；harmony 音乐指‘和声’，引申‘和谐’。"
"tempo","/ˈtempəʊ/","n.","艺术音乐","义1. 速度；节奏（乐曲）","义1:
  • The conductor slowed the tempo.
  • A brisk tempo lifted the piece.
  • Keep a steady tempo.","复数 tempos / tempi；也喻‘步调’。","pace、speed","slowness","pace 通用‘步速’；speed 指‘速度’；tempo 音乐专指‘演奏速度’。"
"melody","/ˈmelədi/","n.","艺术音乐","义1. 旋律","义1:
  • The melody is easy to hum.
  • She sang the melody alone.
  • The melody stays in your head.","形容词 melodic；与 harmony（和声）相对。","tune、theme","","tune 口语‘曲调’；theme 指‘主题’；melody 是‘旋律’专业词。"
"libretto","/lɪˈbretoʊ/","n.","艺术音乐","义1. 歌剧剧本；唱词","义1:
  • He wrote the libretto for the opera.
  • The libretto is in Italian.
  • Read the libretto before the show.","复数 librettos / libretti。","script、text","","script 通用‘剧本’；text 指‘文本’；libretto 专指‘歌剧/音乐剧唱词本’。"
"ensemble","/ɒnˈsɒmbl/","n.","艺术音乐","义1. 合奏团；全体（演出）","义1:
  • The ensemble played a quartet.
  • She joined the dance ensemble.
  • The period ensemble uses old instruments.","源自法语；也指‘整体服装搭配’。","group、company","","group 通用‘团体’；company 指‘剧团’；ensemble 专指‘小型合奏/表演团体’。"
"souvenir","/ˌsuːvəˈnɪə(r)/","n.","旅游","义1. 纪念品","义1:
  • She bought a souvenir magnet.
  • I kept the ticket as a souvenir.
  • The shop sells local souvenirs.","也拼 souvenier（误）；动词‘留念’。","memento、keepsake","","memento 指‘唤起回忆之物’；keepsake 指‘被珍藏的物件’；souvenir 是‘旅游纪念品’。"
"excursion","/ɪkˈskɜːʃn/","n.","旅游","义1. 短途游览；远足","义1:
  • We took a day excursion to the lake.
  • The excursion included a guide.
  • A boat excursion left at noon.","比 trip 短、更‘出游’；动词 excurse。","trip、outing、jaunt","","trip 通用‘旅行’；outing 指‘外出游玩’；excursion 强调‘当日往返的短途游览’。"
"transit","/ˈtrænzɪt/","n.","旅游","义1. 中转；公共交通","义1:
  • We were in transit for eight hours.
  • The city has good public transit.
  • Allow time for transit between flights.","in transit = 在运输/转机中；形容词 transiting。","transfer、transport","","transfer 指‘换乘’；transport 指‘交通系统’；transit 强调‘途中/中转’状态。"
"visa","/ˈviːzə/","n.","旅游","义1. 签证","义1:
  • You need a visa to enter the country.
  • Her visa expires next month.
  • Apply for a tourist visa early.","复数 visas；动词 approve / deny a visa。","permit、entry clearance","","permit 通用‘许可’；entry clearance 指‘入境许可’；visa 是‘签证’专名。"
"customs","/ˈkʌstəmz/","n.","旅游","义1. 海关","义1:
  • Declare the goods at customs.
  • Customs checked our bags.
  • We cleared customs in ten minutes.","作‘海关’恒用复数形式；也指‘习俗’。","border control、immigration","","immigration 指‘入境审查（人）’；border control 指‘边境管控’；customs 专指‘行李/货物关税检查’。"
"backpacking","/ˈbækpækɪŋ/","n.","旅游","义1. 背包旅行","义1:
  • He went backpacking across Asia.
  • Backpacking teaches independence.
  • She enjoys budget backpacking.","动词 backpack；背包客 backpacker。","hiking、budget travel","","hiking 指‘徒步’；budget travel 指‘穷游’；backpacking 是‘背囊自助旅行’。"
"sightseeing","/ˈsaɪtsiːɪŋ/","n.","旅游","义1. 观光；游览","义1:
  • We spent the day sightseeing.
  • A sightseeing bus toured the city.
  • Sightseeing tired but delighted us.","形容词 sightseeing（a sightseeing tour）。","tourism、visiting","","tourism 指‘旅游业’；visiting 指‘拜访’；sightseeing 是‘看景点’的游览活动。"
"hospitality","/ˌhɒspɪˈtæləti/","n.","旅游","义1. 好客；款待（也指酒店业）","义1:
  • Their hospitality warmed our stay.
  • She works in hospitality.
  • Southern hospitality is famous.","形容词 hospitable；反义 inhospitality。","welcome、guest care","hostility","welcome 指‘欢迎’；guest care 指‘宾客服务’；hospitality 是‘好客/接待业’专名。"
"indigenous","/ɪnˈdɪdʒənəs/","adj.","旅游","义1. 土著的；原生的","义1:
  • Indigenous people have lived here for millennia.
  • The plant is indigenous to the region.
  • Respect indigenous cultures when you travel.","名词 indigenous people / population；近 native（注意 native 在部分语境敏感）。","native、aboriginal","foreign、introduced","native 通用‘本土的’；aboriginal 多指‘澳洲原住’；indigenous 是‘原住民/原生’的正式、尊重用语。"
"ecotourism","/ˈiːkəʊtʊərɪzəm/","n.","旅游","义1. 生态旅游","义1:
  • Ecotourism protects fragile habitats.
  • They promote ecotourism over mass tourism.
  • Ecotourism funds local communities.","合成词 eco- + tourism；强调‘负责任的、保护导向’旅游。","sustainable tourism、nature tourism","mass tourism","nature tourism 指‘自然游’；sustainable tourism 指‘可持续旅游’；ecotourism 强调‘生态保育+社区受益’。"
"Julius Caesar","/ˈdʒuːliəs ˈsiːzə(r)/","n.","历史人物","义1. 尤利乌斯·凯撒（约前100–前44，罗马独裁官，遇刺）","义1:
  • Julius Caesar crossed the Rubicon in 49 BC.
  • Julius Caesar was assassinated on the Ides of March.
  • Julius Caesar reformed the calendar.","‘越过卢比孔河’喻破釜沉舟；名言 Veni, vidi, vici（我来、我见、我胜）。","","",""
"Cleopatra","/kliːəˈpætrə/","n.","历史人物","义1. 克利奥帕特拉七世（前69–前30，埃及托勒密王朝末代女王）","义1:
  • Cleopatra allied with Caesar and Antony.
  • Cleopatra was the last pharaoh of Egypt.
  • Cleopatra's death ended the dynasty.","与罗马政治纠葛；希腊化埃及统治者。","","",""
"Napoleon","/nəˈpəʊliən/","n.","历史人物","义1. 拿破仑·波拿巴（1769–1821，法国皇帝，军事天才）","义1:
  • Napoleon crowned himself emperor in 1804.
  • Napoleon was defeated at Waterloo.
  • Napoleon's code reshaped European law.","《拿破仑法典》影响深远；流放圣赫勒拿岛。","","",""
"Shakespeare","/ˈʃeɪkspɪə(r)/","n.","历史人物","义1. 威廉·莎士比亚（1564–1616，英国剧作家、诗人）","义1:
  • Shakespeare wrote about 38 plays.
  • Shakespeare coined many English words.
  • Hamlet is by Shakespeare.","‘生或死’To be or not to be 出自其手；被誉为语言大师。","","",""
"Isaac Newton","/ˈaɪzək ˈnjuːtən/","n.","历史人物","义1. 艾萨克·牛顿（1643–1727，英国物理学家，经典力学奠基人）","义1:
  • Isaac Newton formulated the laws of motion.
  • Isaac Newton described universal gravitation.
  • Isaac Newton co-invented calculus.","《自然哲学的数学原理》；与莱布尼茨各自发明微积分。","","",""
"Charles Darwin","/tʃɑːlz ˈdɑːwɪn/","n.","历史人物","义1. 查尔斯·达尔文（1809–1882，英国博物学家，进化论提出者）","义1:
  • Charles Darwin sailed on the Beagle.
  • Charles Darwin published On the Origin of Species in 1859.
  • Charles Darwin proposed natural selection.","《物种起源》；自然选择理论。","","",""
"Abraham Lincoln","/ˈeɪbrəhæm ˈlɪŋkən/","n.","历史人物","义1. 亚伯拉罕·林肯（1809–1865，美国第16任总统，废奴）","义1:
  • Abraham Lincoln issued the Emancipation Proclamation.
  • Abraham Lincoln led the Union in the Civil War.
  • Abraham Lincoln was assassinated in 1865.","解放黑奴；葛底斯堡演说。","","",""
"Mahatma Gandhi","/məˈhætmə ˈɡɑːndi/","n.","历史人物","义1. 圣雄甘地（1869–1948，印度独立运动领袖，非暴力抗争）","义1:
  • Mahatma Gandhi led non-violent resistance.
  • Mahatma Gandhi marched for salt rights.
  • Mahatma Gandhi inspired civil-rights movements.","非暴力不合作（Satyagraha）；遇刺。","","",""
"Nelson Mandela","/ˈnelsn mænˈdelə/","n.","历史人物","义1. 纳尔逊·曼德拉（1918–2013，南非反种族隔离领袖，总统）","义1:
  • Nelson Mandela spent 27 years in prison.
  • Nelson Mandela became president in 1994.
  • Nelson Mandela reconciled a divided nation.","终结种族隔离；诺贝尔和平奖。","","",""
"Winston Churchill","/ˈwɪnstən ˈtʃɜːtʃɪl/","n.","历史人物","义1. 温斯顿·丘吉尔（1874–1965，英国首相，二战领袖）","义1:
  • Winston Churchill rallied Britain in 1940.
  • Winston Churchill coined 'iron curtain'.
  • Winston Churchill won the Nobel in Literature.","战时演讲；‘铁幕’一词。","","",""
"Qin Shi Huang","/tʃɪn ʃɪ ˈhwɑːŋ/","n.","历史人物","义1. 秦始皇（前259–前210，中国首位皇帝，统一六国）","义1:
  • Qin Shi Huang unified China in 221 BC.
  • Qin Shi Huang built the first Great Wall link.
  • Qin Shi Huang standardized writing and weights.","统一文字、度量衡、币制；兵马俑为其陵寝。","","",""
"Genghis Khan","/ˈdʒeŋɡɪs ˈkɑːn/","n.","历史人物","义1. 成吉思汗（约1162–1227，蒙古帝国建立者）","义1:
  • Genghis Khan united the Mongol tribes.
  • Genghis Khan built the largest land empire.
  • Genghis Khan reformed the cavalry.","蒙古帝国奠基；横扫欧亚。","","",""
"Hammurabi","/ˌhæmʊˈrɑːbi/","n.","历史人物","义1. 汉谟拉比（约前1792–前1750，古巴比伦王，颁布法典）","义1:
  • Hammurabi issued one of the first law codes.
  • The Code of Hammurabi used 'an eye for an eye'.
  • Hammurabi unified Mesopotamia.","《汉谟拉比法典》——现存最早成文法之一。","","",""
"Socrates","/ˈsɒkrətiːz/","n.","历史人物","义1. 苏格拉底（前470–前399，古希腊哲学家，问答法）","义1:
  • Socrates taught by questioning.
  • Socrates was sentenced to death by Athens.
  • The Socratic method probes assumptions.","‘产婆术’问答法；无著作，事迹见柏拉图对话。","","",""
"Plato","/ˈplɑːtəʊ/","n.","历史人物","义1. 柏拉图（前428–前348，古希腊哲学家，理念论）","义1:
  • Plato founded the Academy in Athens.
  • Plato wrote the Republic.
  • Plato taught that forms are ideal.","苏格拉底弟子；亚里士多德之师；理念论（Forms）。","","",""
"Aristotle","/ˈærɪstɒtl/","n.","历史人物","义1. 亚里士多德（前384–前322，古希腊哲学家，百科全书式学者）","义1:
  • Aristotle tutored Alexander the Great.
  • Aristotle founded logic as a discipline.
  • Aristotle's ethics stress virtue.","柏拉图弟子；著作涵盖逻辑、物理、伦理、政治。","","",""
"lion","/ˈlaɪən/","n.","动植物","义1. 狮子","义1:
  • The lion is a top predator of the savanna.
  • A lioness hunted alone while the males rested.
  • The lion roared to mark its territory.","雄狮 lion，雌狮 lioness；幼崽 cub。象征 courage / royalty。","","",""
"tiger","/ˈtaɪɡə(r)/","n.","动植物","义1. 老虎","义1:
  • The tiger stalks its prey through tall grass.
  • Tigers are solitary and mostly nocturnal.
  • The South China tiger is critically endangered.","big cat 之一；幼崽 cub。与 lion 不同，tiger 独居。","","",""
"elephant","/ˈelɪfənt/","n.","动植物","义1. 大象","义1:
  • The elephant uses its trunk to drink.
  • Elephants have remarkable long-term memory.
  • Poaching threatens wild elephant populations.","trunk 象鼻；tusk 象牙。象征 memory / wisdom。","","",""
"giraffe","/dʒəˈrɑːf/","n.","动植物","义1. 长颈鹿","义1:
  • The giraffe browses leaves high in the trees.
  • A giraffe's neck has the same number of vertebrae as ours.
  • Giraffes live in loose herds on the savanna.","世界上最高的陆生动物。","","",""
"zebra","/ˈzebrə/","n.","动植物","义1. 斑马","义1:
  • The zebra's stripes deter biting flies.
  • Zebras graze alongside wildebeest on the plains.
  • No two zebras have identical stripes.","stripes 条纹；常群居。","","",""
"kangaroo","/ˌkæŋɡəˈruː/","n.","动植物","义1. 袋鼠","义1:
  • The kangaroo moves by powerful hops.
  • A joey lives in its mother's pouch.
  • Kangaroos are endemic to Australia.","marsupial 有袋类；joey 幼崽；pouch 育儿袋。","","",""
"dolphin","/ˈdɒlfɪn/","n.","动植物","义1. 海豚","义1:
  • The dolphin leapt clean out of the water.
  • Dolphins use echolocation to find fish.
  • A pod of dolphins raced the bow wave.","marine mammal 海洋哺乳动物；pod 群。","","",""
"whale","/weɪl/","n.","动植物","义1. 鲸","义1:
  • The blue whale is the largest animal ever.
  • Whales sing complex songs to communicate.
  • The whale breached and crashed back down.","mammal 非 fish；breach 跃出水面。","","",""
"bat","/bæt/","n.","动植物","义1. 蝙蝠","义1:
  • The bat navigated the cave by echolocation.
  • Bats are the only mammals capable of true flight.
  • Fruit bats pollinate many tropical trees.","nocturnal 夜行性；echolocation 回声定位。","","",""
"fox","/fɒks/","n.","动植物","义1. 狐狸","义1:
  • The fox slipped silently into the henhouse.
  • A fox is clever and notoriously cunning.
  • Arctic foxes turn white in winter.","象征 cunning 狡猾；cub 幼崽。","","",""
"wolf","/wʊlf/","n.","动植物","义1. 狼","义1:
  • The wolf howled at the moon.
  • Wolves hunt in coordinated packs.
  • The wolf pack defended its territory fiercely.","pack 狼群；复数 wolves。象征 loyalty / wildness。","","",""
"bear","/beə(r)/","n.","动植物","义1. 熊","义1:
  • The bear fished for salmon in the stream.
  • Bears hibernate through the coldest months.
  • A panda is a bear that eats almost only bamboo.","hibernate 冬眠；cub 幼崽。","","",""
"deer","/dɪə(r)/","n.","动植物","义1. 鹿","义1:
  • The deer froze at the sound of footsteps.
  • A stag shed its antlers each spring.
  • Deer grazed quietly at the forest edge.","复数同形 deer；雄鹿 stag / buck，雌鹿 doe，幼鹿 fawn。","","",""
"monkey","/ˈmʌŋki/","n.","动植物","义1. 猴子","义1:
  • The monkey swung from branch to branch.
  • Capuchin monkeys use tools to crack nuts.
  • The monkey chattered noisily in the canopy.","primate 灵长类；与 ape（猿，无尾）不同。","","",""
"gorilla","/ɡəˈrɪlə/","n.","动植物","义1. 大猩猩","义1:
  • The gorilla beat its chest in display.
  • Gorillas are gentle, plant-eating apes.
  • Mountain gorillas are severely endangered.","ape 类（无尾）；与 monkey 不同。","","",""
"panda","/ˈpændə/","n.","动植物","义1. 熊猫","义1:
  • The giant panda feeds mainly on bamboo.
  • A panda cub is pink and tiny at birth.
  • Pandas are a global symbol of conservation.","giant panda 大熊猫；red panda 小熊猫（不同科）。","","",""
"camel","/ˈkɑːml/","n.","动植物","义1. 骆驼","义1:
  • The camel stores fat in its hump.
  • Camels can go days without water.
  • A caravan of camels crossed the desert.","hump 驼峰；dromedary 单峰驼，Bactrian 双峰驼。","","",""
"hedgehog","/ˈhedʒhɒɡ/","n.","动植物","义1. 刺猬","义1:
  • The hedgehog curled into a ball at danger.
  • Hedgehogs forage for insects at night.
  • A hedgehog's spines deter predators.","spines 刺；curl into a ball 卷成球。","","",""
"otter","/ˈɒtə(r)/","n.","动植物","义1. 水獭","义1:
  • The sea otter floats on its back.
  • Otters hold hands while sleeping to stay together.
  • Otters slide down muddy banks for fun.","semiaquatic 半水生；playful 性情。","","",""
"eagle","/ˈiːɡl/","n.","动植物","义1. 鹰（大型猛禽）","义1:
  • The eagle soared on rising thermals.
  • The bald eagle is the national bird of the U.S.
  • An eagle snatched a fish from the lake.","bird of prey 猛禽；象征 strength / freedom。","","",""
"owl","/aʊl/","n.","动植物","义1. 猫头鹰","义1:
  • The owl hooted from the oak.
  • Owls hunt silently under cover of darkness.
  • An owl turned its head nearly all the way round.","nocturnal；象征 wisdom。rotate head 转头。","","",""
"penguin","/ˈpeŋɡwɪn/","n.","动植物","义1. 企鹅","义1:
  • The penguin waddled to the water's edge.
  • Emperor penguins breed in the Antarctic winter.
  • Penguins ‘fly’ underwater with their flippers.","flightless 不会飞；flippers 鳍状肢； Antarctic 南极。","","",""
"parrot","/ˈpærət/","n.","动植物","义1. 鹦鹉","义1:
  • The parrot mimicked the doorbell perfectly.
  • Parrots are among the most intelligent birds.
  • A flock of parrots screeched overhead.","mimic 模仿（声音）；常作宠物。","","",""
"swan","/swɒn/","n.","动植物","义1. 天鹅","义1:
  • The swan glided across the lake.
  • A swan can be fiercely defensive of its nest.
  • Two swans formed a lifelong pair bond.","象征 grace / love；pair bond 终身配偶。","","",""
"peacock","/ˈpiːkɒk/","n.","动植物","义1. 孔雀","义1:
  • The peacock fanned its dazzling tail.
  • A peacock displayed to attract a peahen.
  • Peacocks strut across palace gardens.","雄 peacock，雌 peahen；tail 尾屏 display 开屏。","","",""
"flamingo","/fləˈmɪŋɡəʊ/","n.","动植物","义1. 火烈鸟","义1:
  • Flamingos stand on one leg in shallow lakes.
  • Their pink colour comes from carotenoid food.
  • A flock of flamingos took off in unison.","pink 粉色；stand on one leg 单脚站立。","","",""
"hummingbird","/ˈhʌmɪŋbɜːd/","n.","动植物","义1. 蜂鸟","义1:
  • The hummingbird hovered before the flower.
  • Its wings beat too fast to see.
  • Hummingbirds drink nectar through a long beak.","hover 悬停；nectar 花蜜；smallest bird。","","",""
"snake","/sneɪk/","n.","动植物","义1. 蛇","义1:
  • The snake slithered into the grass.
  • Some snakes constrict their prey; others venom it.
  • The snake shed its old skin.","reptile 爬行类；slither 滑行；shed skin 蜕皮。","","",""
"lizard","/ˈlɪzəd/","n.","动植物","义1. 蜥蜴","义1:
  • The lizard basked on a warm rock.
  • Many lizards can regrow a lost tail.
  • The gecko is a small lizard that climbs walls.","reptile；bask 晒太阳；regrow tail 再生尾巴。","","",""
"turtle","/ˈtɜːtl/","n.","动植物","义1. 龟；海龟","义1:
  • The turtle withdrew into its shell.
  • Sea turtles return to the beach where they hatched.
  • A turtle swam slowly past the reef.","shell 龟壳；hatch 孵化。tortoise 陆龟。","","",""
"crocodile","/ˈkrɒkədaɪl/","n.","动植物","义1. 鳄鱼","义1:
  • The crocodile lay motionless in the mud.
  • Crocodiles ambush prey at the water's edge.
  • A crocodile's jaws snap shut with huge force.","reptile；ambush 伏击。alligator 短吻鳄。","","",""
"frog","/frɒɡ/","n.","动植物","义1. 青蛙","义1:
  • The frog leapt into the pond.
  • Frogs breathe through their skin as well as lungs.
  • Tadpoles grow into frogs in a few weeks.","amphibian 两栖类；tadpole 蝌蚪；croak 呱呱叫。","","",""
"chameleon","/kəˈmiːliən/","n.","动植物","义1. 变色龙","义1:
  • The chameleon changed colour to match the leaf.
  • Chameleons shoot out a long sticky tongue.
  • Its swivelling eyes watch in two directions at once.","象征‘善变’；change colour 变色。","","",""
"salmon","/ˈsæmən/","n.","动植物","义1. 三文鱼；鲑鱼","义1:
  • Salmon swim upstream to spawn.
  • Grilled salmon is rich in omega-3.
  • The salmon leapt the waterfall on its way home.","fish；swim upstream 洄游；spawn 产卵。","","",""
"shark","/ʃɑːk/","n.","动植物","义1. 鲨鱼","义1:
  • The shark circled the struggling fish.
  • Sharks have sensors that detect faint movement.
  • A great white shark breached beside the boat.","cartilaginous fish 软骨鱼；predator 顶级掠食者。","","",""
"octopus","/ˈɒktəpəs/","n.","动植物","义1. 章鱼","义1:
  • The octopus squeezed through a tiny gap.
  • An octopus squirts ink to escape.
  • Octopuses have three hearts and blue blood.","cephalopod 头足类；squirt ink 喷墨。","","",""
"crab","/kræb/","n.","动植物","义1. 螃蟹","义1:
  • The crab scuttled sideways across the sand.
  • Crabs moult their shells as they grow.
  • He cracked the crab's claw with a nutcracker.","crustacean 甲壳类；scuttle 横行；moult 蜕壳。","","",""
"jellyfish","/ˈdʒelifɪʃ/","n.","动植物","义1. 水母","义1:
  • The jellyfish drifted with the current.
  • Its tentacles deliver a painful sting.
  • Blooms of jellyfish are increasing in warming seas.","tentacle 触手；sting 蜇；gelatinous 凝胶状。","","",""
"butterfly","/ˈbʌtəflaɪ/","n.","动植物","义1. 蝴蝶","义1:
  • The butterfly flitted from flower to flower.
  • A caterpillar becomes a butterfly in its chrysalis.
  • Monarch butterflies migrate thousands of miles.","insect；chrysalis 蛹；metamorphosis 变态发育。","","",""
"bee","/biː/","n.","动植物","义1. 蜜蜂","义1:
  • The bee buzzed around the blossom.
  • Bees pollinate a third of our food crops.
  • A honeybee stings only once, then dies.","pollinate 传粉；hive 蜂巢；swarm 蜂群。","","",""
"ant","/ænt/","n.","动植物","义1. 蚂蚁","义1:
  • The ant carried a leaf many times its weight.
  • Ants cooperate in complex colonies.
  • A line of ants marched toward the crumb.","insect；colony 群落；social insect。","","",""
"spider","/ˈspaɪdə(r)/","n.","动植物","义1. 蜘蛛","义1:
  • The spider spun a meticulous web.
  • A spider waits at the centre of its trap.
  • Most spiders are harmless to humans.","arachnid 蛛形纲（非 insect）；web 网；spin 结网。","","",""
"dragonfly","/ˈdræɡənflaɪ/","n.","动植物","义1. 蜻蜓","义1:
  • The dragonfly hovered, then darted off.
  • Dragonflies hunt other insects in flight.
  • Its four wings beat independently.","insect；hover 悬停；dart 疾飞。","","",""
"ladybug","/ˈleɪdibʌɡ/","n.","动植物","义1. 瓢虫","义1:
  • The ladybug crawled across the leaf.
  • Ladybugs eat aphids that harm crops.
  • A red ladybug with black spots landed on her hand.","beetle 甲虫；益虫，吃蚜虫 aphid。","","",""
"oak","/əʊk/","n.","动植物","义1. 橡树","义1:
  • The oak stood for centuries in the field.
  • Acorns are the seeds of the oak.
  • Oak wood is prized for its strength.","deciduous 落叶树；acorn 橡果；hardwood 硬木。","","",""
"pine","/paɪn/","n.","动植物","义1. 松树","义1:
  • The pine smells of resin in summer.
  • Pines keep their needles all winter.
  • Pine cones release seeds when dry.","evergreen conifer 常绿针叶树；needle 针叶；cone 球果。","","",""
"willow","/ˈwɪləʊ/","n.","动植物","义1. 柳树","义1:
  • The willow wept over the still pond.
  • Willow branches bend without breaking.
  • They wove baskets from willow withes.","weeping willow 垂柳；flexible 柔韧。","","",""
"bamboo","/bæmˈbuː/","n.","动植物","义1. 竹子","义1:
  • Bamboo grows astonishingly fast.
  • Pandas depend almost entirely on bamboo.
  • They built the fence from split bamboo.","grass 禾本科（非树）；hollow 中空；fast-growing。","","",""
"cactus","/ˈkæktəs/","n.","动植物","义1. 仙人掌","义1:
  • The cactus stores water in its stem.
  • Cacti thrive in harsh deserts.
  • A cactus blooms with surprising bright flowers.","succulent 多肉；spine 刺；desert 沙漠。","","",""
"fern","/fɜːn/","n.","动植物","义1. 蕨类","义1:
  • Ferns unfurl their fronds in spring.
  • Ferns prefer the damp shade of the forest.
  • Tree ferns grew as tall as houses in prehistoric times.","non-flowering 不开花；spore 孢子繁殖；frond 叶。","","",""
"moss","/mɒs/","n.","动植物","义1. 苔藓","义1:
  • Moss carpeted the damp stones.
  • Moss grows where sunlight is faint.
  • The log was soft with green moss.","non-vascular 非维管；damp shade 阴湿处。","","",""
"palm","/pɑːm/","n.","动植物","义1. 棕榈树","义1:
  • Palms lined the tropical beach.
  • The palm yielded coconuts and dates.
  • Its fronds swayed in the sea breeze.","tropical 热带；frond 棕榈叶；coconut 椰子。","","",""
"maple","/ˈmeɪpl/","n.","动植物","义1. 枫树","义1:
  • The maple blazed red in October.
  • Maple syrup is tapped from the trunk.
  • Its leaf is Canada's national symbol.","deciduous；maple syrup 枫糖浆；symbol of Canada。","","",""
"rose","/rəʊz/","n.","动植物","义1. 玫瑰；蔷薇","义1:
  • She placed a red rose on the grave.
  • The rose bush bristled with thorns.
  • He pressed a dried rose between the pages.","thorn 刺；象征 love；rose 也指‘玫瑰色’。","","",""
"tulip","/ˈtjuːlɪp/","n.","动植物","义1. 郁金香","义1:
  • Tulips bobbed in the spring wind.
  • The Dutch once traded tulip bulbs like gold.
  • A field of tulips stretched to the horizon.","bulb 球茎；荷兰象征；spring flower。","","",""
"lily","/ˈlɪli/","n.","动植物","义1. 百合","义1:
  • The white lily symbolised purity.
  • Lilies filled the room with scent.
  • The pond lily floated a single bloom.","symbol of purity 纯洁；fragrant 芳香。","","",""
"sunflower","/ˈsʌnflaʊə(r)/","n.","动植物","义1. 向日葵","义1:
  • The sunflower turned to face the sun.
  • Sunflowers yield oil-rich seeds.
  • A row of sunflowers stood like sentinels.","heliotrope 向光性；seed 瓜子；oil 葵花油。","","",""
"orchid","/ˈɔːkɪd/","n.","动植物","义1. 兰花","义1:
  • The orchid perched on a branch, not soil.
  • Orchids are prized for their exotic shapes.
  • She nursed the rare orchid for years.","epiphyte 附生；exotic 奇特的花形；rare 稀有。","","",""
"lavender","/ˈlævəndə(r)/","n.","动植物","义1. 薰衣草","义1:
  • Lavender scented the whole garden.
  • She stuffed the pillow with dried lavender.
  • Lavender fields purple the Provence hills.","fragrant 芳香；calming 安神；purple 紫。","","",""
"lotus","/ˈləʊtəs/","n.","动植物","义1. 莲花；荷","义1:
  • The lotus rose clean from the mud.
  • The lotus is sacred in Buddhism and Hinduism.
  • Its seed pod sits like a shower head.","aquatic 水生；symbol of purity/ enlightenment 清净。","","",""
"habitat","/ˈhæbɪtæt/","n.","动植物","义1. 栖息地","义1:
  • Logging destroys the panda's habitat.
  • Wetlands are a vital habitat for birds.
  • Climate change is shifting many species' habitats.","与 niche（生态位）不同；habitat 指物理环境。","environment、territory","","environment 泛指环境；territory 指动物领地；habitat 强调物种自然生存的物理栖所。"
"predator","/ˈpredətə(r)/","n.","动植物","义1. 捕食者；天敌","义1:
  • The fox is a predator of rabbits.
  • Apex predators keep ecosystems in balance.
  • The predator stalked its prey unseen.","反义 prey 猎物；apex predator 顶级掠食者。","hunter","prey","hunter 泛指狩猎者（可指人）；predator 生态上‘捕食者’。"
"dichotomy","/daɪˈkɒtəmi/","n.","学术写作","义1. 二分；对立","义1:
  • He rejected the mind–body dichotomy.
  • The dichotomy between nature and nurture is false.
  • We must move beyond this simple dichotomy.","常接 between；形容词 dichotomous。","division、contrast","continuum","division 泛指‘划分’；dichotomy 强调‘非此即彼的两分对立’。"
"nuance","/ˈnjuːɑːns/","n.","学术写作","义1. 细微差别","义1:
  • The translation misses a crucial nuance.
  • He appreciated the nuance of her tone.
  • These terms differ only in nuance.","形容词 nuanced 细腻的/有层次的（高频写作词）。","subtlety、shade","bluntness","subtlety 泛指‘微妙’；nuance 特指语义/语气上‘细微差异’。"
"derive","/dɪˈraɪv/","v.","学术写作","义1. 源自；推导","义1:
  • We derive the formula from first principles.
  • The word is derived from Latin.
  • Benefits derived from the policy were modest.","derive from 源自；derivation 派生/推导。","obtain、originate","","obtain 泛指‘获得’；derive 强调‘从源头推导/得出’。"
"underpin","/ˌʌndəˈpɪn/","v.","学术写作","义1. 支撑；构成基础","义1:
  • Four pillars underpin the theory.
  • Strong institutions underpin economic growth.
  • The claim is underpinned by solid data.","比喻‘打下基础’；名词 underpinning。","support、bolster","undermine","support 泛‘支持’；underpin 强调‘从根基上支撑’。"
"facilitate","/fəˈsɪlɪteɪt/","v.","学术写作","义1. 促进；使便利","义1:
  • Trade agreements facilitate exchange.
  • The app facilitates communication across teams.
  • Good design facilitates learning.","不以‘人’作宾语（不说 facilitate sb.）；名词 facility 设施。","ease、promote","hinder","ease 使‘更容易’；facilitate 较正式‘促成/提供便利’。"
"conducive","/kənˈdjuːsɪv/","adj.","学术写作","义1. 有益于…的；促成…的","义1:
  • A quiet room is conducive to study.
  • The climate is conducive to outdoor life.
  • This culture is not conducive to frank debate.","常接 to + 名词/动名词；反义 detrimental（有害的）。","favourable、helpful","detrimental、hostile","favourable 有利；conducive 强调‘有助于产生某结果的环境条件’。"
"scrutinise","/ˈskruːtənaɪz/","v.","学术写作","义1. 仔细审查（美 scrutinize）","义1:
  • Reviewers scrutinised every claim.
  • We must scrutinise the assumptions closely.
  • The data were scrutinised for errors.","名词 scrutiny 审查；形容‘细致检查’。","examine、inspect","ignore","examine 一般‘检查’；scrutinise 强调‘逐字逐句地仔细审查’。"
"attribute","/əˈtrɪbjuːt/","v.","学术写作","义1. 把…归因于（attribute A to B）","义1:
  • She attributed the drop to poor policy.
  • The effect is attributed to climate change.
  • We attribute the result to random chance.","注意重音：动词 /əˈtrɪbjuːt/，名词 /ˈætrɪbjuːt/‘特质’。","ascribe、assign","","ascribe 也‘归于’，常偏主观；attribute 更常用于因果归因。"
"notwithstanding","/ˌnɒtwɪθˈstændɪŋ/","prep./conj.","学术写作","义1. 尽管；虽然","义1:
  • Notwithstanding the risks, they proceeded.
  • The law applies, difficulties notwithstanding.
  • His objections notwithstanding, the plan passed.","正式，位置灵活（可置句首/句末/名词后）；= despite。","despite、although","","despite 最常用；notwithstanding 更正式且位置灵活。"
"comprise","/kəmˈpraɪz/","v.","学术写作","义1. 包含；由…组成","义1:
  • The sample comprises 500 households.
  • The committee is comprised of experts.
  • The book comprises three parts.","不用被动进行时‘comprising of’是错的；正确 comprise / be comprised of。","consist of、include","","consist of 与 comprise 同义但 comprise 语气更正式；include 不一定穷尽。"
"metonymy","/məˈtɒnəmi/","n.","英语文学","义1. 转喻（以相关物代本体）","义1:
  • ‘The crown’ is a metonymy for the monarchy.
  • ‘The pen is mightier than the sword’ uses metonymy.
  • Wall Street is a metonymy for finance.","与 metaphor 不同：metonymy 是‘相关替换’，非‘类比’。","synecdoche","","synecdoche 以部分代整体（如 wheels 代 car）；metonymy 以相关物代（crown 代 king）。"
"sonnet","/ˈsɒnɪt/","n.","英语文学","义1. 十四行诗","义1:
  • Shakespeare wrote 154 sonnets.
  • The sonnet follows a strict rhyme scheme.
  • She composed a Petrarchan sonnet.","Shakespearean (ABAB CDCD EFEF GG) / Petrarchan 两种韵式。","","",""
"elegy","/ˈelədʒi/","n.","英语文学","义1. 挽歌；哀诗","义1:
  • Tennyson's elegy honoured his friend.
  • The elegy mourns a lost world.
  • She wrote an elegy for the fallen city.","悼亡之作；形容词 elegiac；与 eulogy（颂词）不同。","lament、dirge","eulogy","eulogy 是‘赞颂词’；elegy 是‘哀悼诗’。"
"pastoral","/ˈpɑːstərəl/","adj./n.","英语文学","义1. 田园的（牧歌体裁）","义1:
  • The play has a pastoral setting.
  • Pastoral poems idealise rural life.
  • He painted a pastoral of shepherds and streams.","题材：乡村/牧人理想化；名词 a pastoral 田园诗/画。","bucolic、idyllic","urban","bucolic 乡村的；pastoral 特指‘牧歌式理想化乡村’；idyllic 偏‘恬静美好’。"
"blank verse","/ˈblæŋk vɜːs/","n.","英语文学","义1. 无韵诗（素体诗，不押韵的抑扬格五音步）","义1:
  • Much of Hamlet is written in blank verse.
  • Milton's Paradise Lost uses blank verse.
  • Blank verse suits the rhythms of speech.","= unrhymed iambic pentameter；与 free verse 自由诗不同。","unrhymed verse","free verse","free verse 完全自由无格律；blank verse 有格律但不押韵。"
"tragicomedy","/ˌtrædʒiˈkɒmədi/","n.","英语文学","义1. 悲喜剧","义1:
  • The play is a tragicomedy of misunderstanding.
  • Waiting for Godot blends farce and tragicomedy.
  • Her novel is a quiet tragicomedy of family life.","混合悲剧与喜剧元素；形容词 tragicomic。","","",""
"deus ex machina","/ˌdeɪəs eks ˈmækɪnə/","n.","英语文学","义1. （戏剧）机械降神；突兀解困","义1:
  • The rescue felt like a deus ex machina.
  • Critics mocked the deus ex machina ending.
  • Avoid a deus ex machina in your plot.","原指古希腊舞台机关送神解围；今指‘生硬强行收尾’。","contrived ending","",""
"anaphora","/əˈnæfərə/","n.","英语文学","义1. 首语重复（句首重复以加强）","义1:
  • ‘I have a dream’ uses anaphora.
  • Anaphora opens each stanza with ‘We shall’.
  • The speech gains force from anaphora.","修辞格；与 epistrophe（尾语重复）相对。","","",""
"metre","/ˈmiːtə(r)/","n.","英语文学","义1. 格律；韵律（美 meter）","义1:
  • The metre is iambic pentameter.
  • He scanned the line for its metre.
  • Free verse abandons regular metre.","韵律单位；scan 析韵律；与 rhythm 不同，metre 是规则格律。","rhythm、prosody","","rhythm 泛指节奏；metre 是‘系统化格律’。"
"verisimilitude","/ˌverɪsɪˈmɪlɪtjuːd/","n.","英语文学","义1. 逼真；似真性","义1:
  • The novel achieves verisimilitude through detail.
  • Realism prizes verisimilitude over fantasy.
  • The film's verisimilitude impressed critics.","‘the appearance of being true’；形容词 verisimilar。","realism、authenticity","implausibility","authenticity 真实（确实真）；verisimilitude 是‘看起来像真的’。"
"anachronism","/əˈnækrənɪzəm/","n.","英语文学","义1. 时代错误（置于错误年代的事物）","义1:
  • A wristwatch in a Roman film is an anachronism.
  • The clock was an anachronism in the medieval scene.
  • Calling them ‘nations’ is a historical anachronism.","形容词 anachronistic；常用于批评年代错置。","chronological error","",""
"litigation","/ˌlɪtɪˈɡeɪʃn/","n.","法律政治","义1. 诉讼；打官司","义1:
  • The dispute ended in litigation.
  • Litigation can take years and drain funds.
  • They settled to avoid litigation.","动词 litigate；litigious 好诉讼的。","lawsuit、suit","settlement","lawsuit 指具体‘一案’；litigation 泛指‘诉讼过程/行为’。"
"defendant","/dɪˈfendənt/","n.","法律政治","义1. 被告","义1:
  • The defendant pleaded not guilty.
  • The defendant was acquitted for lack of evidence.
  • Witnesses testified against the defendant.","民事诉讼 plaintiff 原告；刑事 prosecution 检方。","accused","plaintiff、prosecutor","accused 偏刑事‘被指控者’；defendant 通用‘被告’。"
"precedent","/ˈpresɪdənt/","n.","法律政治","义1. 先例","义1:
  • The ruling set a dangerous precedent.
  • Decisions follow established precedent.
  • There is no precedent for such a case.","stare decisis 遵循先例；binding / persuasive precedent。","example、authority","","example 普通例子；precedent 法律‘可援引的先例’。"
"impartial","/ɪmˈpɑːʃl/","adj.","法律政治","义1. 公正的；不偏不倚的","义1:
  • The judge must remain impartial.
  • An impartial jury is essential to fairness.
  • The mediator was wholly impartial.","名词 impartiality；与 neutral 近义但更正式。","neutral、unbiased","biased、partial","neutral 中立；impartial 强调‘无偏私、公正裁决’。"
"constituency","/kənˈstɪtjuənsi/","n.","法律政治","义1. 选区；选民群体","义1:
  • He won his London constituency.
  • The policy pleases her rural constituency.
  • MPs represent their constituencies in parliament.","议员 constituency MP；也泛指‘支持群体’。","district、electorate","","district 地理选区；electorate 全体选民；constituency 二者皆可。"
"coalition","/ˌkəʊəˈlɪʃn/","n.","法律政治","义1. 联合政府；联盟","义1:
  • A coalition formed after the hung election.
  • The coalition collapsed within a year.
  • They built a coalition of civil-society groups.","coalition government 联合政府；动词 coalesce 联合。","alliance、bloc","faction","alliance 泛指联盟；coalition 多指‘为执政/行动临时结成的联合’。"
"ideology","/ˌaɪdiˈɒlədʒi/","n.","法律政治","义1. 意识形态","义1:
  • The policy reflects a free-market ideology.
  • Competing ideologies shaped the century.
  • He rejected all political ideology."," ideological 意识形态的；-ism 常表具体思潮。","doctrine、creed","","doctrine 教义/学说；ideology 更宽‘一套政治社会信念体系’。"
"autocracy","/ɔːˈtɒkrəsi/","n.","法律政治","义1. 独裁统治","义1:
  • The country slid into autocracy.
  • Autocracy concentrates power in one ruler.
  • They opposed the return to autocracy.","autocrat 独裁者；对比 democracy / theocracy。","dictatorship、despotism","democracy","dictatorship 强调‘独裁者个人统治’；autocracy 泛指‘集权政体’。"
"extradite","/ˈekstrədaɪt/","v.","法律政治","义1. 引渡","义1:
  • France refused to extradite the suspect.
  • The treaty allows us to extradite fugitives.
  • He was extradited to stand trial abroad.","名词 extradition；extradite sb. to...","","",""
"amnesty","/ˈæmnəsti/","n.","法律政治","义1. 大赦","义1:
  • The king granted a general amnesty.
  • Amnesty was offered to defectors.
  • They demanded amnesty for political prisoners.","与 pardon（特赦个别人）不同；amnesty 多针对群体。","pardon","","pardon 特赦个人；amnesty 对一类人的‘大赦’。"
"contagious","/kənˈteɪdʒəs/","adj.","医疗健康","义1. 传染性的（接触传播）","义1:
  • The flu is highly contagious.
  • Keep contagious children home.
  • Yawning is surprisingly contagious.","与 infectious 区别：contagious 多经接触；infectious 可经空气/体液，也喻‘有感染力’。","infectious、catching","non-contagious","infectious 空气/体液传播或‘有感染力’；contagious 接触传播。"
"allergy","/ˈælədʒi/","n.","医疗健康","义1. 过敏","义1:
  • She has an allergy to nuts.
  • The rash was an allergic reaction.
  • Peanut allergy can be life-threatening.","形容词 allergic；allergen 过敏原。","","",""
"fracture","/ˈfræktʃə(r)/","n./v.","医疗健康","义1. 骨折；断裂","义1:
  • He suffered a fractured wrist.
  • The bone fractured on impact.
  • The fracture healed in six weeks.","compound fracture 开放性骨折；fissure 裂纹。","break、crack","heal","break 口语‘断’；fracture 医学‘骨折/裂’。"
"placebo","/pləˈsiːbəʊ/","n.","医疗健康","义1. 安慰剂","义1:
  • The trial used a placebo control.
  • The pill was a inert placebo.
  • Some felt better on placebo alone.","placebo effect 安慰剂效应；inert 无药效的。","","",""
"transplant","/trænsˈplɑːnt/","v./n.","医疗健康","义1. 移植","义1:
  • He had a kidney transplant.
  • Doctors transplanted the liver.
  • The transplanted organ was rejected.","organ transplant 器官移植；reject 排异。","","",""
"sedative","/ˈsedətɪv/","n./adj.","医疗健康","义1. 镇静剂","义1:
  • The doctor gave a mild sedative.
  • Sedatives calm the nervous system.
  • He was drowsy from the sedative.","与 stimulant（兴奋剂）反义；sedate 使镇静。","tranquilliser","stimulant","tranquilliser 安定剂；sedative 泛指镇静剂。"
"incision","/ɪnˈsɪʒn/","n.","医疗健康","义1. 切口；开刀","义1:
  • The surgeon made a small incision.
  • The incision healed without infection.
  • The incision was closed with sutures.","动词 incise；反义 suture/stitch 缝合。","cut、wound","suture","cut 普通切；incision 医学‘手术切口’。"
"palpitate","/ˈpælpɪteɪt/","v.","医疗健康","义1. （心脏）悸动；心悸","义1:
  • Her heart palpitated with fear.
  • Caffeine made his heart palpitate.
  • The heart palpitated irregularly.","palpitations 心悸（症状）；与 beat 不同，指‘异常快/乱跳’。","flutter、pound","",""
"asparagus","/əˈspærəɡəs/","n.","美食食品","义1. 芦笋","义1:
  • We grilled the asparagus with oil.
  • Asparagus is in season in spring.
  • She trimmed the woody ends of the asparagus.","蔬菜；woody end 老根需去。","","",""
"saute","/ˈsəʊteɪ/","v.","美食食品","义1. 嫩煎；快炒","义1:
  • Sauté the onions until translucent.
  • She sautéed the mushrooms in butter.
  • Sauté the garlic briefly, don't burn it.","法文；= pan-fry lightly；名词 a sauté。","pan-fry、fry","","fry 泛指煎炸；sauté 强调‘少油快火嫩煎’。"
"marinate","/ˈmærɪneɪt/","v.","美食食品","义1. 腌制；浸泡入味","义1:
  • Marinate the chicken overnight.
  • The beef marinated in wine and herbs.
  • Let it marinate at least two hours.","marinade 腌料；也写作 marine。","cure、pickle","","cure 风干/盐制保存；marinate 用液料浸泡入味。"
"umami","/uːˈmɑːmi/","n.","美食食品","义1. 鲜味（第五种基本味）","义1:
  • Mushrooms add umami to the dish.
  • Soy sauce is rich in umami.
  • Umami balances sweetness and acid.","日语‘うま味’；第五味觉，与 sweet/sour/salty/bitter 并列。","savouriness","","savouriness 英式‘咸鲜’；umami 专指‘鲜味’。"
"pastry","/ˈpeɪstri/","n.","美食食品","义1. 油酥面团；糕点","义1:
  • The pastry was light and flaky.
  • She rolled the pastry thin.
  • French pastries lined the window.","flaky 起酥；与 pasta（面团/意面）不同。","dough、baked good","","dough 生面团；pastry 指‘油酥类糕点’。"
"umami broth","/uːˈmɑːmi brɒθ/","n.","美食食品","义1. 高汤；鲜汤","义1:
  • The broth simmered for hours.
  • Skim the broth before serving.
  • A clear broth started the meal.","broth 清汤；stock 高汤（更浓）；bouillon 块汤。","stock、soup","","stock 熬制的浓高汤；broth 较稀的汤；soup 成品汤。"
"tannin","/ˈtænɪn/","n.","美食食品","义1. 单宁（茶/酒中的涩味物质）","义1:
  • The red wine's tannin dried the mouth.
  • Tannin gives tea its astringency.
  • Young wines are high in tannin.","astringent 涩；也用于皮革鞣制。","","",""
"ferment","/fəˈment/","v.","美食食品","义1. 发酵","义1:
  • Yeast ferments the sugar into alcohol.
  • The cabbage fermented into sauerkraut.
  • Let the dough ferment overnight.","名词 fermentation；fermented 发酵的（酸奶/酒/泡菜）。","culture、leaven","","leaven 用酵母发（面团）；ferment 广义‘发酵（含酒/乳/菜）’。"
"garnish","/ˈɡɑːnɪʃ/","v./n.","美食食品","义1. 装饰（菜）；（配菜）","义1:
  • Garnish the soup with herbs.
  • A lemon wedge garnished the plate.
  • Parsley is a common garnish.","名词‘装饰配菜’；与 decorate 近但专指食物。","decorate、embellish","","decorate 泛指装饰；garnish 专指‘菜肴点缀’。"
"cuisine","/kwɪˈziːn/","n.","美食食品","义1. 菜系；烹饪风格","义1:
  • French cuisine is rich and buttery.
  • The region boasts a unique cuisine.
  • She trained in classic cuisine.","表‘某国/地烹饪’；也指厨房（设备）。","cooking、gastronomy","","cooking 烹饪行为；cuisine 指‘体系化的菜系’。"
"umami-laden","/uːˈmɑːmi ˈleɪdn/","adj.","美食食品","义1. 富含鲜味的","义1:
  • The broth was umami-laden and deep.
  • Aged cheese is umami-laden.
  • The sauce turned umami-laden with miso.","-laden 充满…的；描述鲜味浓。","","",""
"mince","/mɪns/","v./n.","美食食品","义1. 剁碎；肉末（美 ground meat）","义1:
  • Mince the garlic finely.
  • She bought beef mince for the sauce.
  • He minced the herbs with a knife.","英 mince / 美 ground；mincemeat 果脯馅（非肉）。","grind、chop","","chop 切块；mince/grind 剁/磨成末。"
"caramelise","/ˈkærəməlaɪz/","v.","美食食品","义1. 熬成焦糖；炒糖色","义1:
  • Caramelise the sugar slowly.
  • Onions caramelise to a golden brown.
  • The sauce caramelised at the edges.","美 caramelize；焦糖化反应。","","",""
"comely","/ˈkʌmli/","adj.","外貌性格","义1. 清秀的；好看的（旧式/文雅）","义1:
  • A comely village maid appeared.
  • He described her as comely and kind.
  • The comely face hid a sharp mind.","较 archaic，现多用于文学；近 pretty 但更端庄。","attractive、pretty","plain、homely","pretty 日常漂亮；comely 文雅‘清秀端庄’。"
"willowy","/ˈwɪləʊi/","adj.","外貌性格","义1. （身形）苗条柔韧的","义1:
  • The willowy model glided in.
  • She had a willowy, graceful figure.
  • A willowy dancer bent like a reed.","喻 like a willow 柳树般柔韧；tall and slender。","slender、lithe","stocky","slender 苗条；willowy 强调‘高挑且柔韧如柳’。"
"matronly","/ˈmeɪtrənli/","adj.","外貌性格","义1. （女性）庄重丰腴的；主妇气的","义1:
  • She wore a matronly dress.
  • A matronly figure supervised the hall.
  • The matronly host welcomed them warmly.","matron 年长已婚妇女/女主管；非贬，指‘稳重丰润’。","dignified、stately","girlish","stately 庄严；matronly 特指‘成熟主妇般的丰润庄重’。"
"dapper","/ˈdæpə(r)/","adj.","外貌性格","义1. （男子）衣冠楚楚的；精干的","义1:
  • A dapper old gentleman tipped his hat.
  • He looked dapper in a waistcoat.
  • The dapper clerk bowed slightly.","small and neat 小个子但整洁利落；常带欣赏。","spruce、smart","scruffy、slovenly","smart 整洁帅；dapper 强调‘小而精致、利落有型’。"
"sallow","/ˈsæləʊ/","adj.","外貌性格","义1. （肤色）蜡黄的病态","义1:
  • His sallow skin betrayed fatigue.
  • The patient looked sallow and drawn.
  • A sallow complexion needs warm tones.","非 tan（晒黑）；sallow 是‘不健康枯黄’。","pallid、wan","ruddy、rosy","pallid 苍白；sallow 偏‘黄而病态’；ruddy 红润健康。"
"imperturbable","/ˌɪmpəˈtɜːbəbl/","adj.","外貌性格","义1. 沉着的；不为所动的","义1:
  • She stayed imperturbable under fire.
  • His imperturbable calm reassured the crew.
  • The diplomat was imperturbable in crisis.","perturb 使不安；imperturbable ‘泰山崩于前而色不变’。","composed、unflappable","flappable、agitated","composed 镇定；imperturbable 强调‘根本无法被扰动’。"
"unctuous","/ˈʌŋktʃuəs/","adj.","外貌性格","义1. （言谈）过分奉承的；油腻的","义1:
  • The salesman gave an unctuous smile.
  • His unctuous praise rang false.
  • She found his unctuous manner offensive.","贬义；原指‘油滑’，喻‘虚伪热情’。","fulsome、oily","sincere、blunt","fulsome 过度到令人不适的；unctuous 强调‘油嘴滑舌、谄媚’。"
"querulous","/ˈkwerələs/","adj.","外貌性格","义1. 爱抱怨的；易怒的","义1:
  • A querulous old man grumbled on.
  • Her querulous tone alienated friends.
  • He grew querulous in his illness.","常形容老人/病人‘动辄怨天尤人’；名词 querulousness。","complaining、peevish","cheerful、content","peevish 小脾气；querulous 持续‘抱怨不休’。"
"choleric","/ˈkɒlərɪk/","adj.","外貌性格","义1. 暴躁的；易生气的","义1:
  • A choleric boss terrified the staff.
  • His choleric temper flared at trifles.
  • The choleric old man stamped his stick.","四体液说 choler 胆汁质；与 phlegmatic 相反。","irascible、hot-tempered","phlegmatic、placid","irascible 易怒；choleric 古典‘胆汁质暴躁’。"
"volatile","/ˈvɒlətaɪl/","adj.","外貌性格","义1. 情绪多变的；反复无常的","义1:
  • His volatile moods unsettled the team.
  • A volatile crowd turned ugly fast.
  • She is volatile, laughing then sulking.","也形容市场/物质易变；volatile temperament 情绪不稳。","mercurial、unstable","steady、stable","mercurial 多变善变（可褒可贬）；volatile 偏‘危险地易爆发’。"
"intrepid","/ɪnˈtrepɪd/","adj.","外貌性格","义1. 无畏的；勇敢的","义1:
  • An intrepid explorer crossed the ice.
  • The intrepid climber scaled the cliff.
  • She is an intrepid traveller.","褒义；intrepidity 无畏；近 brave 但更‘敢闯’。","brave、dauntless","timid、fearful","brave 一般勇敢；intrepid 强调‘面对未知危险仍无畏’。"
"fastidious","/fæˈstɪdiəs/","adj.","外貌性格","义1. 一丝不苟的；过分讲究的","义1:
  • He is fastidious about grammar.
  • A fastidious host arranged everything just so.
  • She is fastidious to a fault about cleanliness.","可褒（细致）可贬（挑剔）；名词 fastidiousness。","meticulous、fussy","careless、sloppy","meticulous 细致；fastidious 强调‘对细节过分讲究/挑剔’。"
"blithe","/blaɪð/","adj.","外貌性格","义1. 无忧无虑的；轻率的","义1:
  • She sang with blithe cheer.
  • His blithe disregard for rules cost him.
  • A blithe spirit danced through life.","blithe 可褒‘快乐无忧’也可贬‘轻率不在意’。","carefree、nonchalant","careworn、solemn","carefree 无忧；blithe 多带‘不在意后果’的轻率感。"
"plateau","/ˈplætəʊ/","n.","地理环境","义1. 高原；平稳期","义1:
  • The train crossed a vast plateau.
  • Sales hit a plateau last quarter.
  • The plateau rises gently to the east.","地理‘高原’；也喻‘停滞平台期’。","highland、tableland","","highland 高地；plateau 平坦的高原面。"
"glacier","/ˈɡlæsiə(r)/","n.","地理环境","义1. 冰川","义1:
  • The glacier calves ice into the sea.
  • Glaciers carved the valley over ages.
  • The glacier is retreating fast.","calve 崩冰；retreat 退缩（气候变暖）。","","",""
"sediment","/ˈsedɪmənt/","n.","地理环境","义1. 沉积物；泥沙","义1:
  • Sediment settled at the bottom.
  • The river carries rich sediment.
  • Layers of sediment built the plain.","sedimentary 沉积岩；deposit 堆积。","deposit、silt","",""
"topography","/təˈpɒɡrəfi/","n.","地理环境","义1. 地形；地貌","义1:
  • The region's topography is rugged.
  • Topography shapes local climate.
  • They mapped the topography in detail.","topographic 地形的；relief 地势起伏。","terrain、landscape","","terrain 地形（可通行）；topography 是‘地形学/地貌特征’。"
"arid","/ˈærɪd/","adj.","地理环境","义1. 干旱的","义1:
  • The arid desert receives little rain.
  • Arid conditions limit farming.
  • The soil is arid and cracked.","名词 aridity；反义 humid / fertile。","dry、barren","humid、fertile","dry 干；arid 强调‘长期缺水不宜生长’。"
"phenomenon","/fəˈnɒmɪnən/","n.","地理环境","义1. 现象","义1:
  • The aurora is a natural phenomenon.
  • Climate change is a global phenomenon.
  • This social phenomenon puzzled researchers.","复数 phenomena；phenomenal 非凡的。","occurrence、event","","event 事件；phenomenon 可观察的‘现象/事物’。"
"meteorology","/ˌmiːtiəˈrɒlədʒi/","n.","地理环境","义1. 气象学","义1:
  • Meteorology predicts the weather.
  • He studied meteorology at university.
  • Satellite data aids meteorology.","meteorologist 气象学家；注意与 meteorite 陨石无关。","","",""
"cubism","/ˈkjuːbɪzəm/","n.","艺术音乐","义1. 立体主义","义1:
  • Cubism fractured form into facets.
  • Picasso pioneered Cubism.
  • Cubism shows many views at once.","Picasso / Braque；multi-perspective 多视角。","","",""
"palette","/ˈpælət/","n.","艺术音乐","义1. 调色板；（用色）范畴","义1:
  • The painter's palette was muted.
  • Her palette favoured blues and greys.
  • The film's palette is cold and grey.","注意与 palate（上颚/味觉）、pallet（托盘）同音不同义。","colour scheme","","colour scheme 配色方案；palette 本义‘调色板’，引申‘所用色彩范围’。"
"composition","/ˌkɒmpəˈzɪʃn/","n.","艺术音乐","义1. 构图；作曲；作品","义1:
  • The composition balances dark and light.
  • He studied musical composition.
  • The photograph's composition is striking.","绘画‘构图’、音乐‘作曲’、文学‘写作’通用。","arrangement、layout","","layout 版面排布；composition 艺术‘构图/曲式结构’。"
"repertoire","/ˈrepətwɑː(r)/","n.","艺术音乐","义1. （演员/乐团的）演出曲目；全部本领","义1:
  • The pianist's repertoire is vast.
  • They added the piece to the repertoire.
  • She has a wide repertoire of skills.","表演‘保留剧目/曲库’；也喻‘全部技能库’。","repertory、stock","",""
"ethos","/ˈiːθɒs/","n.","艺术音乐","义1. （团体/时代的）精神气质","义1:
  • The ethos of the school is rigorous.
  • The film captures the ethos of the 60s.
  • Its ethos values freedom over order.","亚里士多德修辞三诉求之一（ethos/pathos/logos）；精神特质。","spirit、character","","spirit 精神；ethos 指‘共同体深层的价值观与气质’。"
"avant-garde","/ˌævɒ̃ ˈɡɑːd/","n./adj.","艺术音乐","义1. 先锋派（前卫的）","义1:
  • The avant-garde shocked audiences.
  • She favours avant-garde cinema.
  • The gallery shows avant-garde work.","法语‘先遣队’；指艺术上激进前卫。","experimental、cutting-edge","traditional、conservative","experimental 实验性；avant-garde 强调‘走在最前、挑战成规’。"
"landmark","/ˈlændmɑːk/","n.","旅游","义1. 地标；里程碑","义1:
  • The tower is the city's landmark.
  • We photographed every landmark.
  • The law was a landmark in civil rights.","地理‘地标’；喻‘重大里程碑’。","monument、milestone","","monument 纪念碑；landmark 可指自然地标/标志建筑。"
"resort","/rɪˈzɔːt/","n.","旅游","义1. 度假胜地","义1:
  • They stayed at a beach resort.
  • The ski resort opened in December.
  • A luxury resort lined the bay.","也作动词 resort to‘诉诸’；last resort 最后手段。","retreat、destination","","destination 目的地；resort 专指‘度假疗养地’。"
"cater","/ˈkeɪtə(r)/","v.","旅游","义1. 提供餐饮；迎合","义1:
  • The hotel caters weddings.
  • The menu caters to vegetarians.
  • They catered for 200 guests.","cater to 迎合需求；caterer 餐饮承办。","provide、serve","","serve 服务；cater 专指‘承办饮食/迎合特定需求’。"
"vista","/ˈvɪstə/","n.","旅游","义1. （远眺的）景色；景观","义1:
  • The hill offered a wide vista.
  • A vista of rooftops opened below.
  • The valley revealed a stunning vista.","long view 远景；与 view 近但更‘开阔深远’。","view、panorama","","view 一般视野；vista 强调‘延伸的远景/林荫道尽头的景’。"
"wayfarer","/ˈweɪfeərə(r)/","n.","旅游","义1. （文）旅行者；行路人","义1:
  • A weary wayfarer rested at the inn.
  • The poem follows a lone wayfarer.
  • Wayfarers crossed the mountain pass.","文学/古雅用词；近 traveller 但更诗意。","traveller、wanderer","","traveller 旅行者；wayfarer 文雅‘行旅之人’。"
"currency","/ˈkʌrənsi/","n.","旅游","义1. 货币；流通","义1:
  • The local currency is the baht.
  • Exchange your currency at the bank.
  • The idea gained currency among youth.","foreign currency 外汇；也指‘流传/通用’。","money、cash","","money 钱；currency 指‘流通的货币种类’。"
"Charlemagne","/ˈʃɑːləmeɪn/","n.","历史人物","义1. 查理曼（742–814，法兰克国王，加洛林王朝）","义1:
  • Charlemagne united much of Western Europe.
  • Charlemagne was crowned Holy Roman Emperor in 800.
  • The Carolingian Renaissance bore his name.","法兰克国王/神圣罗马皇帝；推广教育、加洛林文艺复兴。","","",""
"William Shakespeare","/ˈwɪljəm ˈʃeɪkspɪə/","n.","历史人物","义1. 威廉·莎士比亚（1564–1616，英国剧作家）","义1:
  • Shakespeare wrote about 39 plays.
  • Shakespeare shaped the English language itself.
  • Hamlet is Shakespeare's most famous tragedy.","‘ Bard of Avon’；sonnets +  tragedies/comedies 奠基英语文学。","","",""
"Napoleon Bonaparte","/nəˈpəʊliən ˈbəʊnəpɑːt/","n.","历史人物","义1. 拿破仑·波拿巴（1769–1821，法国皇帝）","义1:
  • Napoleon rose in the Revolution's wake.
  • Napoleon was defeated at Waterloo in 1815.
  • The Napoleonic Code reshaped law.","军事天才；法典影响大陆法系；滑铁卢战败。","","",""
"Karl Marx","/kɑːl ˈmɑːks/","n.","历史人物","义1. 卡尔·马克思（1818–1883，哲学家/经济学家）","义1:
  • Marx co-wrote The Communist Manifesto.
  • Marx analysed capital and class struggle.
  • Marx's ideas shaped the 20th century.","《资本论》《共产党宣言》；historical materialism 历史唯物主义。","","",""
"Florence Nightingale","/ˈflɒrəns ˈnaɪtɪŋɡeɪl/","n.","历史人物","义1. 弗洛伦斯·南丁格尔（1820–1910，现代护理奠基人）","义1:
  • Nightingale reformed military nursing.
  • Nightingale pioneered health statistics.
  • The Lady with the Lamp served in Crimea.","‘提灯女神’；现代护理与卫生统计之父（母）。","","",""
"Rosa Parks","/ˈrəʊzə pɑːks/","n.","历史人物","义1. 罗莎·帕克斯（1913–2005，民权运动者）","义1:
  • Parks refused to give up her bus seat.
  • Parks sparked the Montgomery bus boycott.
  • Parks became an icon of civil rights.","1955 蒙哥马利巴士抵制运动导火索。","","",""
"Marie Curie","/məˈriː ˈkjʊəri/","n.","历史人物","义1. 玛丽·居里（1867–1934，物理学家/化学家）","义1:
  • Curie discovered radium and polonium.
  • Curie won Nobel Prizes in two sciences.
  • Curie pioneered research on radioactivity.","首位两获诺奖、跨物理与化学；radioactivity 放射性。","","",""
"Alan Turing","/ˈælən ˈtjʊərɪŋ/","n.","历史人物","义1. 艾伦·图灵（1912–1954，计算机科学先驱）","义1:
  • Turing devised the Turing machine.
  • Turing broke the Enigma code in WWII.
  • Turing founded the theory of computation.","图灵机、人工智能之父；破解 Enigma。","","",""
"Sima Qian","/ˈsiːmə ˈtʃjɛn/","n.","历史人物","义1. 司马迁（约前145–前86，中国史学家）","义1:
  • Sima Qian wrote the Shiji (Records of the Grand Historian).
  • Sima Qian endured castration yet finished his history.
  • The Shiji shaped Chinese historiography for millennia.","《史记》纪传体通史之祖；‘史家之绝唱’。","","",""
"Zheng He","/dʒeŋ ˈhɜː/","n.","历史人物","义1. 郑和（1371–1433，明代航海家）","义1:
  • Zheng He led seven voyages to the Indian Ocean.
  • Zheng He's fleets reached Africa and Arabia.
  • Zheng He sailed decades before Columbus.","三宝太监；宝船下西洋，早于大航海。","","",""
"Emperor Qin Shi Huang","/ˈtʃɪn ʃiː ˈhwæŋ/","n.","历史人物","义1. 秦始皇（前259–前210，中国首位皇帝）","义1:
  • Qin Shi Huang unified China in 221 BCE.
  • He ordered the Great Wall and the Terracotta Army.
  • His reforms standardised writing and weights.","统一文字度量衡；兵马俑；焚书坑儒争议。","","",""
"Ibn Battuta","/ˌɪbən bæˈtuːtə/","n.","历史人物","义1. 伊本·白图泰（1304–1369，摩洛哥旅行家）","义1:
  • Ibn Battuta travelled across three continents.
  • His Rihla records medieval Eurasia and Africa.
  • He voyaged farther than Marco Polo.","《游记》Rihla；伊斯兰世界最伟大旅行家。","","",""
"Sun Yat-sen","/ˌsʌn ˈjætˈsen/","n.","历史人物","义1. 孙中山（1866–1925，中国革命家）","义1:
  • Sun Yat-sen founded the Republic of China in 1912.
  • He promoted the Three Principles of the People.
  • Sun is honoured as the ‘Father of the Nation’.","辛亥革命；三民主义；推翻帝制。","","",""
"backpacker","/ˈbækpækə(r)/","n.","旅游","义1. 背包客；自助旅行者","义1:
  • The hostel was full of backpackers.
  • Backpackers roam Southeast Asia on a budget.
  • He travelled as a backpacker for a year.","budget travel 穷游；hostel 青旅。","traveller、tourist","",""
"cruise","/kruːz/","n./v.","旅游","义1. 游轮航行；巡航","义1:
  • They took a Mediterranean cruise.
  • The ship cruised past the cliffs.
  • A cruise is an easy way to see many ports.","cruise ship 游轮；也指‘悠闲巡航’。","voyage、sail","",""
"pilgrimage","/ˈpɪlɡrɪmɪdʒ/","n.","旅游","义1. 朝圣；瞻仰之旅","义1:
  • They made a pilgrimage to Mecca.
  • Fans treat the shrine as a pilgrimage.
  • The pilgrimage crossed the mountains.","pilgrim 朝圣者；也喻‘心驰神往的旅程’。","journey、quest","",""
"bazaar","/bəˈzɑː(r)/","n.","旅游","义1. 集市；（东方）露天市场","义1:
  • The bazaar teemed with spices and silk.
  • We haggled at the night bazaar.
  • The old bazaar smelled of incense.","中东/南亚市场；haggle 讨价还价。","market、fair","",""
"panorama","/ˌpænəˈrɑːmə/","n.","旅游","义1. 全景","义1:
  • The summit offered a vast panorama.
  • The window framed a panorama of the bay.
  • The city panorama lit up at dusk.","panoramic 全景的；比 view 更‘一览无余’。","vista、view","",""
"emporium","/ɪmˈpɔːriəm/","n.","旅游","义1. （文）大商场；百货店","义1:
  • The emporium sold goods from afar.
  • A grand emporium anchored the square.
  • The Christmas emporium drew crowds.","文学/古雅；近 department store。","store、market","",""
"hostel","/ˈhɒstl/","n.","旅游","义1. 青年旅舍；招待所","义1:
  • We stayed in a cheap hostel.
  • The hostel had a shared kitchen.
  • Backpackers favour hostels over hotels.","shared dorm 多人间；budget lodging。","lodging、inn","hotel",""
"succumb","/səˈkʌm/","v.","旅游","义1. 屈服；因…而死（succumb to）","义1:
  • He succumbed to the altitude.
  • Many succumbed to the desert heat.
  • She succumbed to temptation and bought it.","正式；succumb to 死于/屈从于。","yield、submit","resist、withstand",""
"sojourn","/ˈsɒdʒɜːn/","n.","旅游","义1. （文）逗留；暂居","义1:
  • His sojourn in Paris lasted a year.
  • A brief sojourn by the lake refreshed her.
  • The poet's sojourn abroad shaped his work.","文学‘短暂停留’；比 stay 雅致。","stay、visit","",""
"caravan","/ˈkærəvæn/","n.","旅游","义1. （沙漠）商队；房车（英）","义1:
  • A caravan crossed the dunes at dawn.
  • They rented a caravan for the trip.
  • The caravan of camels stretched for miles.","商队/驼队；英式也指‘房车’（美 RV）。","convoy、camper","",""
"nomad","/ˈnəʊmæd/","n.","旅游","义1. 游牧民；流浪者","义1:
  • The nomads followed the herds.
  • Digital nomads work from anywhere.
  • Once a nomad, he settled at last.","nomadic 游牧的；digital nomad 数字游民。","wanderer、roamer","settler",""
"cobbled","/ˈkɒbld/","adj.","旅游","义1. （街道）铺鹅卵石的","义1:
  • We strolled the cobbled lane.
  • The cobbled square buzzed with cafés.
  • Cobbled streets charm old towns.","cobble 鹅卵石；cobblestone 同义。","paved","",""
"enchanting","/ɪnˈtʃɑːntɪŋ/","adj.","旅游","义1. 迷人的； enchanting","义1:
  • The village was utterly enchanting.
  • An enchanting garden lay behind the wall.
  • The music was soft and enchanting.","enchant 使迷醉；比 charming 更‘魔法般’。","charming、bewitching","repulsive",""
"quaint","/kweɪnt/","adj.","旅游","义1. 古雅的；别致的","义1:
  • A quaint cottage nestled in the hill.
  • The town has quaint little shops.
  • They loved the quaint harbour.","褒义‘小巧古雅’；有时略带‘过时可爱’。","charming、old-fashioned","modern",""
"wanderlust","/ˈwɒndəlʌst/","n.","旅游","义1. 旅行癖；漫游渴望","义1:
  • Wanderlust drove him abroad.
  • She felt a sudden wanderlust.
  • The book fed his wanderlust.","德语借词；lust 渴望 + wander 漫游。","restlessness、itchy feet","",""
"expedition","/ˌekspəˈdɪʃn/","n.","旅游","义1. 远征；考察队","义1:
  • An expedition mapped the glacier.
  • They joined an Arctic expedition.
  • The expedition returned after months.","explore 探险；military expedition 远征军。","journey、voyage","",""
"relic","/ˈrelɪk/","n.","旅游","义1. 遗迹；遗物","义1:
  • The museum kept a relic of the saint.
  • Ruins are relics of a lost city.
  • The relic drew pilgrims for centuries.","relic 圣物/遗骸；也指‘陈旧残余’。","artifact、remnant","",""
"jaunt","/dʒɔːnt/","n.","旅游","义1. 短途游览；闲游","义1:
  • We took a jaunt to the coast.
  • A Sunday jaunt lifted his mood.
  • The jaunt lasted but an afternoon.","轻松愉快的短途；近 outing。","outing、trip","",""
"lodge","/lɒdʒ/","n./v.","旅游","义1. 小屋；住宿；寄宿","义1:
  • They stayed in a mountain lodge.
  • We lodged with local villagers.
  • The hunting lodge sat by the lake.","lodge 小木屋/旅舍；也指‘正式提出’（lodge a complaint）。","cabin、inn","",""
"serene","/səˈriːn/","adj.","旅游","义1. 宁静的；安详的","义1:
  • The lake was perfectly serene.
  • A serene sunset calmed the crowd.
  • She kept a serene expression.","serenity 宁静；比 calm 更‘平和优美’。","calm、tranquil","turbulent、agitated",""
"twilight","/ˈtwaɪlaɪt/","n.","旅游","义1. 黄昏；暮光","义1:
  • We walked home in the twilight.
  • The town glowed at twilight.
  • Fireflies appeared at twilight.","dawn/dusk；也喻‘衰落期’（the twilight of his career）。","dusk、gloaming","dawn",""
"savanna","/səˈvænə/","n.","地理环境","义1. 热带草原（稀树草原）","义1:
  • Lions roam the African savanna.
  • The savanna burns dry each winter.
  • Acacia dot the savanna.","热带草原生态；与 grassland 不同更热。","grassland、plain","",""
"fjord","/fjɔːd/","n.","地理环境","义1. 峡湾","义1:
  • The fjord cut deep into the coast.
  • A cruise entered the narrow fjord.
  • Norway is famed for its fjords.","冰川侵蚀的狭长海湾；挪威特色地貌。","","",""
"delta","/ˈdeltə/","n.","地理环境","义1. 三角洲","义1:
  • The Nile delta is fertile.
  • The river fanned into a delta.
  • Sediment built the delta over centuries.","河流入海泥沙堆积；与 estuary 河口不同。","","",""
"oasis","/əʊˈeɪsɪs/","n.","地理环境","义1. 绿洲；慰藉处","义1:
  • An oasis broke the desert monotony.
  • The garden was an oasis of calm.
  • Camels rested at the oasis.","沙漠中的水源地；喻‘慰藉之所’。","haven、refuge","",""
"basin","/ˈbeɪsn/","n.","地理环境","义1. 盆地；流域","义1:
  • The city lies in a river basin.
  • The Amazon basin is vast.
  • Sediment filled the geological basin.","river basin 流域；geological basin 盆地。","valley、watershed","",""
"ridge","/rɪdʒ/","n.","地理环境","义1. 山脊；分水岭","义1:
  • We climbed the rocky ridge.
  • Snow capped the ridge.
  • The ridge divides two valleys.","mountain ridge 山脊；与 peak 峰不同。","crest、spine","valley",""
"valley","/ˈvæli/","n.","地理环境","义1. 山谷；流域","义1:
  • The river wound through the valley.
  • Mist hung in the valley.
  • They farmed the fertile valley floor.","与 ridge 相对；river valley 河谷。","dale、glen","peak、ridge",""
"strait","/streɪt/","n.","地理环境","义1. 海峡","义1:
  • Ships passed through the strait.
  • The strait links two seas.
  • The Strait of Gibraltar guards the Mediterranean.","窄水道；与 channel 近义。","channel、sound","",""
"gorge","/ɡɔːdʒ/","n.","地理环境","义1. 峡谷","义1:
  • The river carved a deep gorge.
  • A bridge spanned the gorge.
  • The gorge echoed with the falls.","深窄峡谷；canyon 更大更宽。","canyon、ravine","",""
"meadow","/ˈmedəʊ/","n.","地理环境","义1. 草地；牧场","义1:
  • Cows grazed the flowering meadow.
  • The meadow glowed with buttercups.
  • They picnicked in the meadow.","野生花草草地；与 lawn 草坪不同。","field、pasture","",""
"marsh","/mɑːʃ/","n.","地理环境","义1. 沼泽；湿地","义1:
  • Reeds swayed in the marsh.
  • The marsh teemed with birds.
  • They drained the marsh for farmland.","marshland；与 swamp 近（swamp 树木多）。","swamp、bog","",""
"volcano","/vɒlˈkeɪnəʊ/","n.","地理环境","义1. 火山","义1:
  • The volcano erupted at dawn.
  • Lava flowed down the volcano.
  • The volcano has been dormant for years.","erupt 喷发；dormant 休眠；magma 岩浆。","","",""
"tsunami","/tsuːˈnɑːmi/","n.","地理环境","义1. 海啸","义1:
  • The tsunami swept the coast.
  • A quake triggered the tsunami.
  • Warning systems spotted the tsunami.","日语借词；地震引发的海浪。","","",""
"equator","/ɪˈkweɪtə(r)/","n.","地理环境","义1. 赤道","义1:
  • The equator splits the globe.
  • The climate is hot near the equator.
  • They crossed the equator at sea.","equatorial 赤道的；0°纬线。","","",""
"latitude","/ˈlætɪtjuːd/","n.","地理环境","义1. 纬度；余地","义1:
  • The city lies at high latitude.
  • Latitude affects the climate.
  • The rule gives judges some latitude.","地理‘纬度’；喻‘自由裁量余地’。","scope、freedom","longitude",""
"current","/ˈkʌrənt/","n.","地理环境","义1. 洋流；水流；电流","义1:
  • The current carried the raft seaward.
  • The Gulf Stream is a warm current.
  • Ocean currents shape the climate.","ocean current 洋流；也指‘时下的’（current affairs）。","flow、stream","",""
"vegetation","/ˌvedʒəˈteɪʃn/","n.","地理环境","义1. 植被","义1:
  • The slope was bare of vegetation.
  • Dense vegetation hid the ruins.
  • Altitude limits the vegetation.","总称‘植物覆盖’；非单株 plant。","flora、plant cover","",""
"biodiversity hotspot","/ˌbaɪəʊdaɪˈvɜːsəti ˈhɒtspɒt/","n.","地理环境","义1. 生物多样性热点区","义1:
  • Madagascar is a biodiversity hotspot.
  • The hotspot hosts many endemics.
  • Conservation targets biodiversity hotspots.","endemic 特有种；热点区物种极丰富但受威胁。","","",""
"permafrost","/ˈpɜːməfrɒst/","n.","地理环境","义1. 永冻层","义1:
  • Permafrost underlies the tundra.
  • Thawing permafrost releases methane.
  • Buildings sink as permafrost melts.","永久冻结土层；北极/高山。","","",""
"biome","/ˈbaɪəʊm/","n.","地理环境","义1. 生物群系","义1:
  • The desert is a harsh biome.
  • Each biome has distinct life.
  • Climate defines the biome.","大尺度生态区（雨林/苔原等）；ecosystem 更小。","ecosystem","",""
"genre","/ˈʒɒnrə/","n.","艺术音乐","义1. 体裁；类型","义1:
  • Sci-fi is a popular genre.
  • The novel crosses several genres.
  • Each genre has its conventions.","文学/电影/音乐‘体裁’； conventions 惯例。","category、style","",""
"aesthetic","/iːsˈθetɪk/","adj./n.","艺术音乐","义1. 审美的；美感","义1:
  • The design has a clean aesthetic.
  • She has a minimalist aesthetic.
  • Aesthetic value matters here.","aesthetics 美学；也指‘外观品味’。","artistic、tasteful","unaesthetic",""
"sculpture","/ˈskʌlptʃə(r)/","n.","艺术音乐","义1. 雕塑","义1:
  • The sculpture depicted a horse.
  • She studied sculpture at art school.
  • Marble sculpture lined the hall.","sculpt 雕塑（动词）；sculptor 雕塑家。","statue、carving","",""
"mural","/ˈmjʊərəl/","n.","艺术音乐","义1. 壁画","义1:
  • A mural covered the wall.
  • The mural celebrated the town's history.
  • Artists painted a street mural.","mural 墙上的画；与 fresco 湿壁画相关。","fresco、wall painting","",""
"perspective","/pəˈspektɪv/","n.","艺术音乐","义1. 透视；视角","义1:
  • The lines show linear perspective.
  • The artist fixed the perspective.
  • From this perspective the figure recedes.","绘画‘透视法’；也指‘观点’。","viewpoint、foreshortening","",""
"contrast","/ˈkɒntrɑːst/","n./v.","艺术音乐","义1. 对比；反差","义1:
  • The red contrasts with the green.
  • High contrast sharpens the image.
  • The essay contrasts two views.","contrast 对比；与 compare 比较不同。","opposition、difference","similarity",""
"orchestra","/ˈɔːkɪstrə/","n.","艺术音乐","义1. 管弦乐队","义1:
  • The orchestra tuned before the show.
  • She joined the youth orchestra.
  • The orchestra played Beethoven.","conductor 指挥；symphony orchestra 交响乐团。","","",""
"solo","/ˈsəʊləʊ/","n./adj.","艺术音乐","义1. 独奏；独唱","义1:
  • He played a violin solo.
  • The solo drew loud applause.
  • She sang a solo in the choir.","soloist 独奏者；与 ensemble 合奏相对。","recital","ensemble",""
"choir","/ˈkwaɪə(r)/","n.","艺术音乐","义1. 唱诗班；合唱团","义1:
  • The choir sang at the service.
  • The school choir toured Europe.
  • The choir's harmony was pure.","chorus 合唱（也可指歌曲中的副歌）；choir 团体。","chorus、ensemble","",""
"lyrics","/ˈlɪrɪks/","n.","艺术音乐","义1. 歌词","义1:
  • The lyrics moved the crowd.
  • He wrote the music and she the lyrics.
  • The lyrics touch on loss.","lyric 也可作形容词‘抒情的’；注意复数。","words","",""
"rhythm","/ˈrɪðəm/","n.","艺术音乐","义1. 节奏","义1:
  • The rhythm drove the dancers.
  • He kept a steady rhythm.
  • The poem has a gentle rhythm.","beat 节拍；rhythm 整体节奏律动。","beat、cadence","",""
"improvisational","/ɪmˌprɒvəˈzeɪʃənl/","adj.","艺术音乐","义1. 即兴的","义1:
  • Jazz is largely improvisational.
  • His style is bold and improvisational.
  • The scene felt improvisational.","来 improvisation；强调‘临场发挥’。","spontaneous、ad-lib","scripted",""
"virtuoso","/ˌvɜːtʃuˈəʊzəʊ/","n.","艺术音乐","义1. 演奏大师；高手","义1:
  • He is a piano virtuoso.
  • The virtuoso dazzled the hall.
  • Few reach virtuoso level.","形容技艺极高者；也作形容词。","master、expert","",""
"octave","/ˈɒktɪv/","n.","艺术音乐","义1. 八度（音程）","义1:
  • She sang an octave higher.
  • The tune jumps an octave.
  • The scale spans two octaves.","音乐音程；八度音。","","",""
"resonance","/ˈrezənəns/","n.","艺术音乐","义1. 共鸣；共振","义1:
  • The hall has rich resonance.
  • His words had emotional resonance.
  • The string's resonance lingered.","resonate 共鸣；喻‘引起共鸣’。","echo、reverberation","",""
"timbre","/ˈtæmbə(r)/","n.","艺术音乐","义1. 音色","义1:
  • The timbre of a cello is warm.
  • Each voice has its own timbre.
  • Synthesizers mimic timbre.","音‘色彩/质地’；法语借词，也写 timbre。","tone colour","",""
"movement","/ˈmuːvmənt/","n.","艺术音乐","义1. （乐曲）乐章；运动","义1:
  • The second movement is slow.
  • The symphony has four movements.
  • The art movement favoured colour.","音乐‘乐章’；也指‘艺术/社会运动’。","section、movement","",""
"acoustics","/əˈkuːstɪks/","n.","艺术音乐","义1. 声学；音响效果","义1:
  • The hall's acoustics are superb.
  • Poor acoustics marred the concert.
  • Acoustics studies how sound behaves.","单数‘音响效果’，复数‘声学’。","","",""
"antagonist","/ænˈtæɡənɪst/","n.","英语文学","义1. 对手；反派","义1:
  • The antagonist thwarts the hero.
  • The antagonist is not purely evil.
  • A worthy antagonist sharpens the plot.","与 protagonist 相对；未必是‘坏人’。","rival、foe","protagonist",""
"narrator","/nəˈreɪtə(r)/","n.","英语文学","义1. 叙述者","义1:
  • The narrator is unreliable.
  • A first-person narrator tells the tale.
  • The narrator comments on the action.","narrative 叙事；unreliable narrator 不可靠叙述者（高频考点）。","storyteller","",""
"subplot","/ˈsʌbplɒt/","n.","英语文学","义1. 次要情节","义1:
  • A romance forms the subplot.
  • The subplot mirrors the main plot.
  • The subplot resolves by the end.","main plot 主情节；subplot 支线。","side story","main plot",""
"epithet","/ˈepɪθet/","n.","英语文学","义1. （修饰性）称号；绰号","义1:
  • ‘The Great’ is an epithet.
  • Homer uses fixed epithets.
  • He earned the epithet ‘the Wise’.","描述性形容词/称号；有时指‘贬称’。","title、nickname","",""
"in medias res","/ɪn ˈmeɪdiəs reɪs/","n.","英语文学","义1. 从中间入手（开篇即高潮）","义1:
  • The epic opens in medias res.
  • The film begins in medias res.
  • In medias res hooks the reader fast.","拉丁‘in the middle of things’；叙事技巧。","","",""
"pastoral elegy","/ˈpɑːstərəl ˈelədʒi/","n.","英语文学","义1. 田园挽歌","义1:
  • Lycidas is a pastoral elegy.
  • The pastoral elegy mourns a shepherd.
  • Milton wrote a famous pastoral elegy.","结合田园+哀悼；如 Milton 的 Lycidas。","","",""
"ballad","/ˈbæləd/","n.","英语文学","义1. 民谣；叙事诗","义1:
  • The ballad told of a lost love.
  • A folk ballad circled the village.
  • He set the ballad to music.","叙事性歌谣；ballad stanza 民谣诗节。","folk song、narrative poem","",""
"ode","/əʊd/","n.","英语文学","义1. 颂诗","义1:
  • Keats wrote an ode to a nightingale.
  • The ode praises autumn.
  • An ode addresses its subject directly.","lyric poem 抒情诗的一种；直接赞颂。","paean","",""
"epigraph","/ˈepɪɡrɑːf/","n.","英语文学","义1. （卷首/篇首）引文","义1:
  • The novel opens with an epigraph.
  • The epigraph sets the tone.
  • He chose a line from Dante as epigraph.","置于作品前的引语；与 epilogue 尾声不同。","quotation、motto","epilogue",""
"caricature","/ˈkærɪkətʃʊə(r)/","n.","英语文学","义1. 漫画；夸张讽刺","义1:
  • The cartoon was a caricature of the mayor.
  • He drew a cruel caricature.
  • The speech was a caricature of reason.","夸张讽刺画/文；也作动词。","parody、satire","",""
"symptomatic","/ˌsɪmptəˈmætɪk/","adj.","医疗健康","义1. 有症状的；作为征兆的","义1:
  • He is symptomatic and must isolate.
  • The rash is symptomatic of allergy.
  • Low turnout is symptomatic of apathy.","反义 asymptomatic 无症状；也喻‘是…征兆’。","indicative、telling","asymptomatic",""
"prognostic","/prɒɡˈnɒstɪk/","adj.","医疗健康","义1. 预后的；预示的","义1:
  • The marker is prognostic of outcome.
  • Prognostic factors guide treatment.
  • Age is a prognostic variable.","来自 prognosis；predictive 预测性。","predictive、indicative","",""
"remission","/rɪˈmɪʃn/","n.","医疗健康","义1. （病）缓解；豁免","义1:
  • The cancer is in remission.
  • She has been in remission for years.
  • The tax was granted a remission.","疾病减轻/消失期；与 relapse 复发相对。","recovery、abatement","relapse、recurrence",""
"morbidity","/mɔːˈbɪdəti/","n.","医疗健康","义1. 发病率；病态","义1:
  • The morbidity rate rose sharply.
  • Smoking raises morbidity.
  • Morbidity burdens the health system.","与 mortality 死亡率不同；morbid 病态的。","illness、sickness","mortality",""
"mortality","/mɔːˈtæləti/","n.","医疗健康","义1. 死亡率；必死性","义1:
  • The mortality rate fell this year.
  • Infant mortality is a key metric.
  • The disease has high mortality.","death rate；与 morbidity 发病率相对。","death rate","survival",""
"inoculate","/ɪˈnɒkjuleɪt/","v.","医疗健康","义1. 接种；灌输","义1:
  • They inoculated the children early.
  • The serum inoculates against flu.
  • Schools inoculate pupils each autumn.","inoculation 接种；与 vaccinate 近（inoculate 更泛）。","vaccinate、immunise","",""
"anaesthetic","/ˌænəsˈθetɪk/","n./adj.","医疗健康","义1. 麻醉剂","义1:
  • The surgeon used a local anaesthetic.
  • She woke after the anaesthetic.
  • The anaesthetic numbed the area.","美 anesthetic；general/local 全/局麻。","numbing agent","",""
"nausea","/ˈnɔːziə/","n.","医疗健康","义1. 恶心","义1:
  • The drug caused nausea.
  • She felt nausea on the boat.
  • Nausea passed by morning.","nauseous 感到恶心；也喻‘极度厌恶’。","queasiness、sickness","",""
"palatable","/ˈpælətəbl/","adj.","医疗健康","义1. 可口的；可接受的","义1:
  • The medicine is barely palatable.
  • A palatable compromise emerged.
  • The broth was palatable and warm.","palate 上颚/味觉；喻‘可接受’。","tasty、acceptable","unpalatable",""
"lesion","/ˈliːʒn/","n.","医疗健康","义1. 损伤；病灶","义1:
  • The scan showed a brain lesion.
  • The skin lesion healed slowly.
  • The lesion was benign.","组织损伤/病变；如 skin/mucosal lesion。","wound、injury","",""
"chronicity","/krɒˈnɪsəti/","n.","医疗健康","义1. 慢性（程度）","义1:
  • The chronicity worried the doctor.
  • Chronicity reduces quality of life.
  • We measured the chronicity of pain.","chronic 的名词化；长期不愈状态。","persistence","",""
"trauma","/ˈtrɔːmə/","n.","医疗健康","义1. 创伤；外伤","义1:
  • The crash left physical trauma.
  • She counsels victims of trauma.
  • The war caused deep trauma.","traumatic 创伤的；psychological trauma 心理创伤。","injury、shock","",""
"incidence","/ˈɪnsɪdəns/","n.","医疗健康","义1. 发病率；发生频率","义1:
  • The incidence of flu peaks in winter.
  • Higher incidence alarms health bodies.
  • We tracked the incidence over a decade.","与 prevalence 患病率不同（incidence=新发）。","rate、frequency","",""
"aetiology","/ˌiːtiˈɒlədʒi/","n.","医疗健康","义1. 病因学；成因","义1:
  • The aetiology remains unclear.
  • Smoking is the aetiology in many cases.
  • They studied the aetiology of the disease.","美 etiology；疾病起因研究。","cause、origin","",""
"analgesic","/ˌænlˈdʒiːzɪk/","adj./n.","医疗健康","义1. 止痛的；镇痛药","义1:
  • She took an analgesic for the pain.
  • Aspirin is a common analgesic.
  • The analgesic dulled the ache.","analgesia 痛觉缺失；painkiller 近义。","painkiller","analgesic-free",""
"enact","/ɪˈnækt/","v.","法律政治","义1. 颁布；制定（法律）","义1:
  • Congress enacted the bill.
  • The law was enacted in 1990.
  • Parliament enacted sweeping reform.","enactment 立法/ enact 演出（双义）。","pass、ordain","repeal",""
"repeal","/rɪˈpiːl/","v./n.","法律政治","义1. 废除（法律）","义1:
  • The Act was repealed last year.
  • They moved to repeal the tax.
  • Repeal reversed the old law.","与 enact 相对；abolish 近义但更泛。","abolish、revoke","enact、pass",""
"mandate","/ˈmændeɪt/","n./v.","法律政治","义1. 授权；委任；命令","义1:
  • The election gave a clear mandate.
  • The UN mandated a ceasefire.
  • He claimed a mandate to reform.","民意授权；mandatory 强制的。","authority、commission","",""
"treaty","/ˈtriːti/","n.","法律政治","义1. 条约","义1:
  • The treaty ended the war.
  • Both sides signed the treaty.
  • The treaty binds all parties.","international treaty 国际条约；ratify 批准。","pact、accord","",""
"bipartisan","/ˌbaɪˈpɑːtɪzæn/","adj.","法律政治","义1. 两党的；跨党派的","义1:
  • The bill won bipartisan support.
  • A bipartisan committee was formed.
  • Bipartisan consensus is rare.","bi- 两 + partisan 党派；跨党合作。","cross-party","partisan",""
"gerrymander","/ˈdʒeriˌmændə(r)/","v./n.","法律政治","义1. （为胜选）操纵选区划分","义1:
  • They gerrymandered the districts.
  • Gerrymandering skews representation.
  • The court struck down the gerrymander.","源自 Gov. Gerry + salamander；选举操纵。","manipulate","",""
"filibuster","/ˈfɪlɪbʌstə(r)/","n./v.","法律政治","义1. （议会）冗长演说阻挠","义1:
  • He staged a filibuster for hours.
  • The filibuster blocked the vote.
  • They ended the filibuster by cloture.","美国参议院阻挠议事；cloture 终结辩论。","obstruction","",""
"testimony","/ˈtestɪməni/","n.","法律政治","义1. 证词；证言","义1:
  • Her testimony swayed the jury.
  • The witness gave false testimony.
  • The testimony was recorded under oath.","testify 作证；under oath 宣誓下。","evidence、witness","",""
"verdict","/ˈvɜːdɪkt/","n.","法律政治","义1. 裁决；结论","义1:
  • The jury returned a guilty verdict.
  • The verdict surprised observers.
  • Public verdict was harsh.","court verdict 法庭裁决；也喻‘定论’。","judgment、finding","",""
"jurisprudence","/ˌdʒʊərɪsˈpruːdns/","n.","法律政治","义1. 法学；判例体系","义1:
  • She studied jurisprudence at law school.
  • Constitutional jurisprudence evolved.
  • His jurisprudence favours restraint.","法哲学/法律体系；judicial 司法的。","legal theory、law","",""
"due process","/ˈdjuː ˈprəʊses/","n.","法律政治","义1. 正当程序","义1:
  • He was denied due process.
  • Due process protects the accused.
  • The clause guarantees due process.","宪法权利；法定程序公正。","fair procedure","",""
"sovereign","/ˈsɒvrɪn/","adj./n.","法律政治","义1. 有主权的；君主","义1:
  • A sovereign state makes its own laws.
  • The sovereign ratified the treaty.
  • They defended sovereign rights.","sovereignty 主权；sovereign 也指‘君主/金币’。","independent、monarch","subject",""
"federalism","/ˈfedərəlɪzəm/","n.","法律政治","义1. 联邦制","义1:
  • Federalism divides power by design.
  • The debate tests American federalism.
  • Federalism balances centre and states.","federal 联邦的；与 unitary 单一制相对。","","unitarism",""
"proclamation","/ˌprɒkləˈmeɪʃn/","n.","法律政治","义1. 公告；宣告","义1:
  • The king issued a proclamation.
  • The proclamation freed the enslaved.
  • The proclamation took effect at once.","proclaim 宣告；正式文告。","declaration、announcement","",""
"braise","/breɪz/","v.","美食食品","义1. 炖；焖（先煎后慢煨）","义1:
  • Braise the beef in red wine.
  • She braised the lamb for two hours.
  • Braise the veg slowly in stock.","braising 炖焖；与 stew 近但先煎。","stew、pot-roast","",""
"blanch","/blɑːntʃ/","v.","美食食品","义1. 焯；去皮前烫煮","义1:
  • Blanch the almonds to peel them.
  • Blanch the beans for a minute.
  • Blanch then ice the broccoli.","沸水速烫；blanch 也指‘（脸色）发白’。","scald、parboil","",""
"sautéed","/ˈsəʊteɪd/","adj.","美食食品","义1. 嫩煎的","义1:
  • Sautéed mushrooms smelled great.
  • The sautéed greens kept their colour.
  • He served sautéed pears.","来 sauté；少油快煎。","fried","",""
"glaze","/ɡleɪz/","v./n.","美食食品","义1. 上光；糖衣；釉","义1:
  • Glaze the ham with honey.
  • The cake got a shiny glaze.
  • Brush the pastry with egg glaze.","food glaze 糖衣/蛋液；也指‘陶瓷釉’。","icing、coating","",""
"roux","/ruː/","n.","美食食品","义1. （油面）糊；增稠底","义1:
  • Make a roux with butter and flour.
  • The sauce starts from a dark roux.
  • Whisk the roux to avoid lumps.","法餐基础；黄油+面粉炒制增稠。","","",""
"bias","/ˈbaɪəs/","n.","美食食品","义1. （布纹）斜裁；偏见","义1:
  • Cut the cloth on the bias.
  • The bias gives a softer drape.
  • A bias-cut skirt swings as she walks.","此处为裁缝‘斜裁’；也常用‘偏见’义。","diagonal、prejudice","",""
"pantry","/ˈpæntri/","n.","美食食品","义1. 食品储藏室","义1:
  • The pantry held tins and pasta.
  • She restocked the pantry.
  • The pantry sat off the kitchen.","存放干货；非冰箱。","larder、cupboard","",""
"confection","/kənˈfekʃn/","n.","美食食品","义1. 甜食；糖果（制品）","义1:
  • The shop sold fine confections.
  • A confection of sugar and nuts.
  • The confection melted on the tongue.","confectionery 糖果业；甜点统称。","sweet、candy","",""
"beverage","/ˈbevərɪdʒ/","n.","美食食品","义1. 饮料","义1:
  • The meal came with a beverage.
  • Alcoholic beverages are restricted.
  • A hot beverage warmed her hands.","正式‘饮料’；drink 口语。","drink","",""
"aroma","/əˈrəʊmə/","n.","美食食品","义1. 芳香（食物/酒）","义1:
  • The aroma of coffee filled the room.
  • The bread had a nutty aroma.
  • Wine releases its aroma as it breathes.","褒义‘香气’；与 scent/smell 近但更悦人。","scent、fragrance","stench",""
"pungent","/ˈpʌndʒənt/","adj.","美食食品","义1. （气味/味道）刺鼻的；辛辣的","义1:
  • The cheese was pungent.
  • Garlic has a pungent smell.
  • A pungent sauce cleared the nose.","sharp/strong 刺激感官；褒贬皆可。","sharp、tangy","bland",""
"bland","/blænd/","adj.","美食食品","义1. 清淡的；乏味的","义1:
  • The diet food was bland.
  • A bland sauce suited the fish.
  • His speech was bland and safe.","食物‘淡’；也指‘平淡乏味’。","tasteless、mild","pungent、flavourful",""
"savoury","/ˈseɪvəri/","adj.","美食食品","义1. 咸鲜的；开胃的","义1:
  • A savoury pie for lunch.
  • The tart was more savoury than sweet.
  • Savoury snacks beat sweets.","咸口（非甜）；美 savory；umami 鲜。","salty、piquant","sweet",""
"tangy","/ˈtæŋi/","adj.","美食食品","义1. 爽口酸辣的","义1:
  • The yoghurt was tangy.
  • A tangy dressing lifted the salad.
  • The fruit had a tangy zest.","sharp but pleasant；与 pungent 比更宜人。","sharp、zesty","bland",""
"glutton","/ˈɡlʌtn/","n.","美食食品","义1. 贪吃者","义1:
  • He is a glutton for sweets.
  • The glutton cleaned his plate twice.
  • A glutton eats far beyond need.","gluttony 暴食（七宗罪之一）；贬义。","gourmand","ascetic",""
"gourmet","/ˈɡʊəmeɪ/","n./adj.","美食食品","义1. 美食家；精致的","义1:
  • A gourmet judged the dish.
  • Gourmet coffee costs more.
  • He is a true gourmet.","美食鉴赏者；gourmet food 精致料理。","connoisseur、epicure","glutton",""
"culinary","/ˈkʌlɪnəri/","adj.","美食食品","义1. 烹饪的；厨房的","义1:
  • She has culinary talent.
  • The culinary tradition is old.
  • A culinary school trained him.","culinary arts 烹饪艺术；与 cuisine 菜系近。","cooking","",""
"luminous","/ˈluːmɪnəs/","adj.","外貌性格","义1. 发光的；明亮的（眼神/肌肤）","义1:
  • Her luminous eyes met his.
  • The luminous skin glowed.
  • A luminous smile lit the room.","luminosity 光亮；喻‘明亮动人’。","radiant、glowing","dim",""
"vivacious","/vɪˈveɪʃəs/","adj.","外貌性格","义1. 活泼的；生机勃勃的","义1:
  • A vivacious hostess enlivened dinner.
  • Her vivacious laugh was infectious.
  • The vivacious girl danced through the room.","vivacity 活泼；褒义‘灵动有活力’。","lively、animated","listless",""
"demure","/dɪˈmjʊə(r)/","adj.","外貌性格","义1. 端庄娴静的","义1:
  • She gave a demure smile.
  • A demure young woman bowed.
  • The demure dress was plain but neat.","demure 含蓄端庄；可褒可略带‘拘谨’。","modest、reserved","brazen、bold",""
"winsome","/ˈwɪnsəm/","adj.","外貌性格","义1. 讨人喜欢的；甜美的","义1:
  • A winsome child waved hello.
  • Her winsome smile charmed all.
  • The winsome tune stayed with him.","winsomeness 讨喜；甜美可人。","charming、engaging","repellent",""
"pallid","/ˈpælɪd/","adj.","外貌性格","义1. 苍白的（不健康）","义1:
  • His pallid face worried the nurse.
  • A pallid glow lit the sky.
  • She looked pallid after the fever.","pallor 苍白；比 pale 更‘病态/无神’。","pale、wan","ruddy、flushed",""
"rubicund","/ˈruːbɪkʌnd/","adj.","外貌性格","义1. （面色）红润的","义1:
  • The rubicund farmer laughed.
  • A rubicund complexion shows health.
  • His rubicund cheeks reddened further.","面色红润（常带圆满健康感）；与 ruddy 近。","ruddy、florid","pallid",""
"saturnine","/ˈsætənaɪn/","adj.","外貌性格","义1. 阴郁的；沉默寡言的","义1:
  • A saturnine man brooded in the corner.
  • His saturnine look chilled the room.
  • The saturnine poet wrote of gloom.","古典‘土星气质’忧郁；gloomy 阴沉。","gloomy、morose","sanguine、cheerful",""
"foppish","/ˈfɒpɪʃ/","adj.","外貌性格","义1. （男子）过分讲究穿戴的；纨绔的","义1:
  • A foppish dandy adjusted his cuff.
  • His foppish manner amused the court.
  • The foppish lord lolled in his chair.","fop 纨绔子；贬义‘浮夸尚饰’。","dandified、affected","austere",""
"weather-beaten","/ˈweðə biːtn/","adj.","外貌性格","义1. 饱经风霜的","义1:
  • The sailor's weather-beaten face told of years at sea.
  • A weather-beaten hut stood on the cliff.
  • His weather-beaten hands gripped the oar.","风吹日晒的沧桑；也指物‘破旧’。","worn、sunburnt","smooth",""
"gawky","/ˈɡɔːki/","adj.","外貌性格","义1. 笨拙的；不协调的（多指青少年）","义1:
  • A gawky teenager tripped on the step.
  • Her gawky grace amused him.
  • The gawky colt lurched to its feet.","awkward 笨拙；gawky 偏‘高大不协调’。","awkward、ungainly","graceful",""
"meticulous","/məˈtɪkjələs/","adj.","外貌性格","义1. 一丝不苟的；极仔细的","义1:
  • A meticulous editor caught the error.
  • He is meticulous about dress.
  • Her meticulous notes saved the day.","meticulousness 细致；褒义认真。","careful、thorough","careless、sloppy",""
"irascible","/ɪˈræsəbl/","adj.","外貌性格","义1. 易怒的","义1:
  • An irascible old man snapped at noise.
  • His irascible temper flared fast.
  • The irascible cat swiped at intruders.","irascibility 暴躁；近 choleric。","touchy、hot-tempered","placid、even-tempered",""
"benevolent","/bəˈnevələnt/","adj.","外貌性格","义1. 仁慈的；乐善好施的","义1:
  • A benevolent patron funded the school.
  • Her benevolent smile reassured the child.
  • The benevolent king eased the tax.","benevolence 仁慈；反义 malevolent 恶意的。","kind、charitable","malevolent、cruel",""
"malevolent","/məˈlevələnt/","adj.","外貌性格","义1. 恶意的；怀恨的","义1:
  • A malevolent glare froze the room.
  • His malevolent plot failed.
  • The malevolent sprite cursed the well.","malevolence 恶意；反义 benevolent。","malicious、spiteful","benevolent、kind",""
"obsequious","/əbˈsiːkwiəs/","adj.","外貌性格","义1. 谄媚的；过度恭顺的","义1:
  • The obsequious clerk flattered the boss.
  • His obsequious bow looked false.
  • Obsequious attendants crowded the throne.","obsequiousness 逢迎；贬义‘奴颜婢膝’。","sycophantic、servile","assertive",""
"peripatetic","/ˌperɪpəˈtetɪk/","adj.","外貌性格","义1. 四处走动的；巡回的","义1:
  • A peripatetic teacher visited many schools.
  • His peripatetic life spanned continents.
  • The peripatetic preacher walked the towns.","peripatetic 常移动的；亚里士多德‘漫步学派’。","itinerant、wandering","sedentary",""
"iconoclastic","/aɪˌkɒnəˈklæstɪk/","adj.","外貌性格","义1. 反传统的；打破偶像的","义1:
  • An iconoclastic thinker mocked norms.
  • Her iconoclastic art shocked critics.
  • The iconoclastic reformer broke the rules.","iconoclast 反传统者；挑战成规。","radical、unconventional","traditional",""
"rebut","/rɪˈbʌt/","v.","学术写作","义1. 反驳；驳回","义1:
  • She rebutted the claim with data.
  • The essay rebuts the counter-argument.
  • He rebutted each point in turn.","rebuttal 反驳；与 refute 近但 rebut 偏‘逐条回应’。","refute、disprove","support",""
"tenet","/ˈtenet/","n.","学术写作","义1. 信条；宗旨","义1:
  • A core tenet of the theory.
  • They defended the tenet fiercely.
  • This tenet guides the method.","tenets 原则/教义；与 principle 近。","principle、doctrine","",""
"epoch","/ˈiːpɒk/","n.","学术写作","义1. 时代；纪元","义1:
  • The discovery opened a new epoch.
  • An epoch of peace began.
  • The epoch is marked by change.","epoch-making 划时代的；比 era 更‘分界性’。","era、age","",""
"heuristic","/hjʊˈrɪstɪk/","adj./n.","学术写作","义1. 启发式的；经验法则","义1:
  • Use a heuristic to guess first.
  • A heuristic guides but may err.
  • Heuristic methods speed search.","heuristics 经验法则；非严格证明但实用。","rule of thumb","algorithmic",""
"discourse","/ˈdɪskɔːs/","n.","学术写作","义1. 论述；话语","义1:
  • Political discourse grew toxic.
  • The discourse analysed the text.
  • Academic discourse values precision.","discourse 言说/论述；critical discourse 批判话语。","discussion、dialogue","",""
"caveat","/ˈkæviæt/","n.","学术写作","义1. 警告；但书","义1:
  • One caveat: the data are small.
  • We add a caveat about bias.
  • The caveat limits the claim.","caveat emptor 买者自负；提醒性限制。","warning、qualification","",""
"paradox","/ˈpærədɒks/","n.","学术写作","义1. 悖论；似非而是","义1:
  • ‘Less is more’ is a paradox.
  • The finding is a paradox.
  • He loves the paradox of freedom.","paradoxical 矛盾的；self-contradictory 但含真理。","contradiction、absurdity","axiom",""
"empiricism","/ɪmˈpɪrɪsɪzəm/","n.","学术写作","义1. 经验主义","义1:
  • Empiricism trusts observation.
  • His empiricism shaped the lab.
  • Empiricism contrasts with rationalism.","empirical 经验的；与 rationalism 理性主义相对。","experientialism","rationalism",""
"anomaly","/əˈnɒməli/","n.","学术写作","义1. 异常；反常","义1:
  • The result was an anomaly.
  • One anomaly broke the pattern.
  • We explained the anomaly away.","anomalous 异常的；偏离常态。","irregularity、deviation","norm",""
"methodology","/ˌmeθəˈdɒlədʒi/","n.","学术写作","义1. 方法论","义1:
  • The methodology is clearly stated.
  • We adopted a mixed methodology.
  • The methodology ensures validity.","method 方法；methodology 方法的‘体系/学’。","approach、method","",""
"plausible","/ˈplɔːzəbl/","adj.","学术写作","义1. 看似合理的","义1:
  • A plausible explanation emerged.
  • The claim sounds plausible but unproven.
  • He offered a plausible excuse.","plausibility 可信度；未必真，仅‘像真的’。","believable、credible","implausible",""
"definitive","/dɪˈfɪnətɪv/","adj.","学术写作","义1. 确定的；权威的","义1:
  • The study is definitive.
  • A definitive edition appeared.
  • We await definitive proof.","definitive 定论性；反义 tentative 暂定。","authoritative、conclusive","tentative、provisional",""
"cumulative","/ˈkjuːmjələtɪv/","adj.","学术写作","义1. 累积的","义1:
  • The effect is cumulative.
  • Cumulative evidence mounted.
  • Cumulative debt crushed him.","cumulatively 累积地；叠加效应。","accumulative、growing","isolated",""
"inherent","/ɪnˈhɪərənt/","adj.","学术写作","义1. 内在的；固有的","义1:
  • Risk is inherent in the plan.
  • An inherent flaw doomed it.
  • The value is inherent, not added.","inherently 内在地；与 intrinsic 近。","intrinsic、built-in","extrinsic",""
"conifer","/ˈkɒnɪfə(r)/","n.","动植物","义1. 针叶树；松柏类","义1:
  • Conifers keep leaves year-round.
  • The conifer bore woody cones.
  • Conifers dominate northern forests.","cone-bearing 结球果；evergreen 多常绿。","evergreen","",""
"omnivore","/ˈɒmnɪvɔː(r)/","n.","动植物","义1. 杂食动物","义1:
  • Humans are omnivores.
  • Bears are omnivores too.
  • An omnivore eats plants and meat.","omni- 全；与 herbivore/carnivore 相对。","","",""
"pollinator","/ˈpɒlɪneɪtə(r)/","n.","动植物","义1. 传粉者","义1:
  • Bees are key pollinators.
  • The pollinator visited each bloom.
  • Loss of pollinators hurts crops.","pollinate 传粉；传粉媒介（蜂/蝶/风）。","","",""
"evergreen","/ˈevəɡriːn/","adj./n.","动植物","义1. 常绿的","义1:
  • Pines are evergreen.
  • The evergreen brightens winter.
  • An evergreen keeps its leaves.","与 deciduous 落叶相对；也喻‘长青’。","coniferous","deciduous",""
"thrive","/θraɪv/","v.","动植物","义1. 茂盛；茁壮成长","义1:
  • Ferns thrive in shade.
  • The species thrives in heat.
  • Children thrive on routine.","thriving 繁荣；反义 wither 枯萎。","flourish、prosper","wither、decline",""
"wither","/ˈwɪðə(r)/","v.","动植物","义1. 枯萎；凋谢","义1:
  • The leaves withered in drought.
  • Hope withered away.
  • The flower withered by noon.","withered 干枯；反义 thrive/bloom。","shrivel、fade","thrive、bloom",""
"bloom","/bluːm/","n./v.","动植物","义1. 开花；盛开","义1:
  • The cherry trees bloom in spring.
  • The bloom lasted a week.
  • Her career is in full bloom.","blossom 近义；也喻‘盛期’。","blossom、flower","wither",""
"fungi","/ˈfʌŋɡaɪ/","n.","动植物","义1. 真菌（复数）","义1:
  • Fungi recycle dead matter.
  • Mushrooms are fungi.
  • Fungi thrive in damp wood.","单数 fungus；与 plant/animal 并列三界之一。","mushrooms、moulds","",""
"reptile","/ˈreptaɪl/","n.","动植物","义1. 爬行动物","义1:
  • The lizard is a reptile.
  • Reptiles are cold-blooded.
  • The reptile basked on the rock.","cold-blooded 冷血；snake/lizard/turtle 属之。","","",""
"amphibian","/æmˈfɪbiən/","n.","动植物","义1. 两栖动物","义1:
  • The frog is an amphibian.
  • Amphibians live in water and land.
  • Amphibian numbers are falling.","frog/toad 属之；与 reptile 不同。","","",""
"primate","/ˈpraɪmeɪt/","n.","动植物","义1. 灵长类","义1:
  • Humans are primates.
  • The primate groomed its young.
  • Primates have large brains.","apes/monkeys 属之；intelligence 高。","","",""
"hibernation","/ˌhaɪbəˈneɪʃn/","n.","动植物","义1. 冬眠","义1:
  • Bears enter hibernation in winter.
  • Hibernation saves energy.
  • The animal woke from hibernation.","hibernate 冬眠；与 estivation 夏眠相对。","","",""
"symbiosis","/ˌsɪmbaɪˈəʊsɪs/","n.","动植物","义1. 共生","义1:
  • Lichens show symbiosis.
  • Symbiosis aids both species.
  • The symbiosis is mutual.","symbiotic 共生的；mutualism 互利共生。","mutualism","",""
"predation","/prɪˈdeɪʃn/","n.","动植物","义1. 捕食","义1:
  • Predation controls the herd.
  • Predation shapes evolution.
  • Predation risk changes behaviour.","predator 捕食者；predatory 捕食性的。","","",""
"understory","/ˈʌndəstɔːri/","n.","动植物","义1. 林下层（灌木层）","义1:
  • Ferns fill the understory.
  • The understory is dim and still.
  • Shrubs form the understory.","canopy 之下；林下层植被。","","",""
"endemic","/enˈdemɪk/","adj.","动植物","义1. 特有的（某地独有）","义1:
  • The lemur is endemic to Madagascar.
  • Endemic species face risk.
  • The bird is endemic here.","与 exotic 外来相对；endemic 地域特有。","native、indigenous","exotic",""
"invasive","/ɪnˈveɪsɪv/","adj.","动植物","义1. 入侵的（物种）","义1:
  • The plant is invasive.
  • Invasive species crowd natives out.
  • Invasive weeds spread fast.","invasive species 入侵物种；生态危害。","alien","native",""
"myriad","/ˈmɪriəd/","adj./n.","动植物","义1. 无数的；多种的","义1:
  • A myriad of insects teemed.
  • The forest holds myriad life.
  • Myriad stars lit the sky.","myriad 极多；文学‘无数’。","countless、numerous","few",""
"verdant","/ˈvɜːdnt/","adj.","动植物","义1. （草木）葱绿的","义1:
  • The verdant hills rolled on.
  • A verdant valley after rain.
  • Verdant fields stretched far.","verdure 青绿；文学‘苍翠’。","green、lush","barren",""
"fertilise","/ˈfɜːtəlaɪz/","v.","动植物","义1. 施肥；使受精","义1:
  • Bees fertilise the flowers.
  • Farmers fertilise the soil.
  • The pollen fertilises the ovule.","美 fertilize；fertiliser 肥料。","enrich、pollinate","",""
"germinate","/ˈdʒɜːmɪneɪt/","v.","动植物","义1. 发芽；萌生","义1:
  • The seed germinated in days.
  • Ideas germinate slowly.
  • Warmth helps it germinate.","germination 发芽；与 sprout 近。","sprout、bud","wither",""
"blossom","/ˈblɒsəm/","n./v.","动植物","义1. （树）开花；繁盛","义1:
  • The apple tree blossomed.
  • The blossom fell like snow.
  • Her talent blossomed late.","与 bloom 近；喻‘发展兴盛’。","bloom、flower","wither",""
"foliage","/ˈfəʊliɪdʒ/","n.","动植物","义1. 叶（总称）","义1:
  • The foliage turned gold.
  • Dense foliage hid the path.
  • The foliage rustled in wind.","leaf 的总汇；leafy 多叶的。","leaves、greenery","",""
"thorn","/θɔːn/","n.","动植物","义1. 刺；荆棘","义1:
  • The rose has a sharp thorn.
  • He grasped the branch despite thorns.
  • Thorns guard the stem.","thorny 多刺的；也喻‘棘手’。","spike、prickle","",""
"nectar","/ˈnektə(r)/","n.","动植物","义1. 花蜜","义1:
  • Bees sip the nectar.
  • The flower offers rich nectar.
  • Nectar lures pollinators.","nectar 花蜜；神饮（也喻‘美味’）。","","",""
"pollen","/ˈpɒlɪn/","n.","动植物","义1. 花粉","义1:
  • The bee carried pollen.
  • Pollen triggers her allergy.
  • Wind spreads the pollen.","pollinate 传粉；pollen 花粉。","","",""
"seedling","/ˈsiːdlɪŋ/","n.","动植物","义1. 幼苗","义1:
  • The seedling sprouted two leaves.
  • She planted the seedling.
  • The seedling wilted without water.","seed 种子长出的苗；young plant。","","",""
"roost","/ruːst/","n./v.","动植物","义1. （鸟）栖木；栖息","义1:
  • Birds roost in the eaves.
  • The hen returned to the roost.
  • They disturbed the roost at dusk.","bird roost 栖处；come home to roost 喻‘报应’。","perch","",""
"flock","/flɒk/","n./v.","动植物","义1. （鸟/羊）群；聚集","义1:
  • A flock of starlings wheeled.
  • Sheep flock to the shepherd.
  • The crowd flocked to the square.","一群鸟/羊；herd 指大兽群。","herd、group","",""
"herd","/hɜːd/","n./v.","动植物","义1. （大兽）群；放牧","义1:
  • A herd of elephants crossed.
  • The cows herd together.
  • He herds the cattle at dawn.","象/牛/马等大群；flock 指鸟/羊。","drove、flock","",""
"burrow","/ˈbʌrəʊ/","n./v.","动植物","义1. （动物）洞穴；掘洞","义1:
  • The rabbit burrowed underground.
  • A burrow hid the fox.
  • The mole burrowed through the lawn.","burrow 兽穴；动词‘钻洞’。","tunnel、hole","",""
"lair","/leə(r)/","n.","动植物","义1. （兽）巢穴； lurking 处","义1:
  • The lion returned to its lair.
  • The dragon guarded its lair.
  • Police found the lair of the gang.","野兽巢穴；喻‘老巢’。","den、hideout","",""
"cocoon","/kəˈkuːn/","n.","动植物","义1. 茧","义1:
  • The silkworm spun a cocoon.
  • The moth broke from the cocoon.
  • He lay wrapped like in a cocoon.","chrysalis 蛹（蝶）；cocoon 茧（包括蚕）。","","",""
"tentacle","/ˈtentəkl/","n.","动植物","义1. 触手；触角","义1:
  • The octopus waved a tentacle.
  • The tentacle grasped the crab.
  • Tentacles drifted in the current.","头足类/水母的触手；喻‘势力触角’。","","",""
"fin","/fɪn/","n.","动植物","义1. 鳍","义1:
  • The shark's fin cut the water.
  • The fish flicked its fin.
  • A fin steers the swimmer.","鱼鳍；dorsal fin 背鳍。","","",""
"mane","/meɪn/","n.","动植物","义1. （狮/马）鬃毛","义1:
  • The lion shook its mane.
  • The horse's mane flowed.
  • The mane framed the face.","lion/male horse 颈部长毛。","","",""
"tusk","/tʌsk/","n.","动植物","义1. （象/獠）长牙","义1:
  • The elephant's tusk gleamed.
  • Poachers took the tusk.
  • The walrus raised a tusk.","象牙/海象牙；ivory 象牙制品。","","",""
"poultry","/ˈpəʊltri/","n.","动植物","义1. 家禽（鸡鸭等）","义1:
  • Poultry farms dot the county.
  • The market sold live poultry.
  • Poultry provides meat and eggs.","chicken/duck/turkey 总称；也指禽肉。","","",""
"livestock","/ˈlaɪvstɒk/","n.","动植物","义1. 牲畜","义1:
  • The drought killed the livestock.
  • Livestock grazed the range.
  • They insured the livestock.","牛/羊/猪等农畜总称。","cattle、herd","",""
"graze","/ɡreɪz/","v.","动植物","义1. 吃草；擦伤","义1:
  • Cattle graze the meadow.
  • The sheep grazed all day.
  • He grazed his knee on the rock.","动物吃草；也指‘轻擦（伤）’。","browse、pasture","",""
"Homer","/ˈhəʊmə(r)/","n.","历史人物","义1. 荷马（约前8C，希腊史诗诗人）","义1:
  • Homer wrote the Iliad and Odyssey.
  • Homer shaped Western epic.
  • Scholars debate if Homer was one man.","《伊利亚特》《奥德赛》；blind poet 传说。","","",""
"Augustus","/ɔːˈɡʌstəs/","n.","历史人物","义1. 奥古斯都（前63–14，罗马首位皇帝）","义1:
  • Augustus founded the Empire.
  • Augustus ended the civil wars.
  • The Pax Romana began under Augustus.","屋大维；Roman Empire 开端；Pax Romana 罗马和平。","","",""
"Louis Pasteur","/ˈluːi pæˈstɜː/","n.","历史人物","义1. 路易·巴斯德（1822–1895，微生物学家）","义1:
  • Pasteur proved germs cause disease.
  • Pasteur invented pasteurisation.
  • He developed vaccines against rabies.","巴氏消毒；germ theory 病菌说；疫苗。","","",""
"Thomas Edison","/ˈtɒməs ˈedɪsn/","n.","历史人物","义1. 托马斯·爱迪生（1847–1931，发明家）","义1:
  • Edison patented the light bulb.
  • Edison built the first lab.
  • He held over a thousand patents.","电灯/留声机；inventor 发明家。","","",""
"Albert Einstein","/ˈælbət ˈaɪnstaɪn/","n.","历史人物","义1. 阿尔伯特·爱因斯坦（1879–1955，物理学家）","义1:
  • Einstein proposed relativity.
  • Einstein's E=mc² reshaped physics.
  • He fled Nazi Germany in 1933.","相对论；光电效应诺奖；20C 科学象征。","","",""
"Mao Zedong","/ˈmaʊ tsəˈtʊŋ/","n.","历史人物","义1. 毛泽东（1893–1976，中国领导人）","义1:
  • Mao led the Communist revolution in 1949.
  • Mao wrote poetry and essays.
  • His thought shaped modern China.","新中国成立；兼具政治家与诗人身份。","","",""
"Deng Xiaoping","/ˈdʊŋ ʃaʊˈpɪŋ/","n.","历史人物","义1. 邓小平（1904–1997，中国改革设计师）","义1:
  • Deng launched Reform and Opening-up.
  • Deng promoted ‘Socialism with Chinese characteristics’.
  • His pragmatism transformed the economy.","改革开放；‘黑猫白猫’论；现代化推手。","","",""
"George Washington","/ˈdʒɔːdʒ ˈwɒʃɪŋtən/","n.","历史人物","义1. 乔治·华盛顿（1732–1799，美国首任总统）","义1:
  • Washington led the Revolution.
  • Washington was the first U.S. president.
  • He refused a crown, setting a precedent.","‘国父’；两任后隐退；precedent 先例。","","",""
"Franklin Roosevelt","/ˈfræŋklɪn ˈrəʊzəvelt/","n.","历史人物","义1. 富兰克林·罗斯福（1882–1945，美国总统）","义1:
  • FDR led the U.S. through the Depression and WWII.
  • He launched the New Deal.
  • He was elected four times.","新政 New Deal；唯一四任总统；二战领袖。","","",""
"Margaret Thatcher","/ˈmɑːɡərət ˈθætʃə/","n.","历史人物","义1. 玛格丽特·撒切尔（1925–2013，英国首相）","义1:
  • Thatcher was Britain's first woman PM.
  • Thatcher promoted free-market reform.
  • She was called the ‘Iron Lady’.","铁娘子；保守党；新自由主义。","","",""
"Queen Elizabeth I","/ˈkwɪn ɪˈlɪzəbəθ ðə ˈfɜːst/","n.","历史人物","义1. 伊丽莎白一世（1533–1603，英格兰女王）","义1:
  • Elizabeth I reigned in a golden age.
  • She defeated the Spanish Armada.
  • The Elizabethan era blossomed in arts.","都铎；黄金时代；Shakespeare 同期。","","",""
"Peter the Great","/ˈpiːtə ðə ˈɡreɪt/","n.","历史人物","义1. 彼得大帝（1672–1725，俄国沙皇）","义1:
  • Peter modernised Russia by force.
  • He built the city of St Petersburg.
  • Peter opened a window to the West.","西化改革；俄罗斯帝国。","","",""
"Catherine the Great","/ˈkæθrɪn ðə ˈɡreɪt/","n.","历史人物","义1. 叶卡捷琳娜大帝（1729–1796，俄国女皇）","义1:
  • Catherine expanded the empire.
  • She patronised the arts and law.
  • Her reign was an age of enlightenment.","俄国黄金时代；启蒙专制。","","",""
"Otto von Bismarck","/ˈɒtəʊ fɒn ˈbɪzmɑːk/","n.","历史人物","义1. 俾斯麦（1815–1898，德国统一者）","义1:
  • Bismarck united Germany by realpolitik.
  • He engineered wars to unify the states.
  • Bismarck built the welfare state.","铁血宰相；realpolitik 现实政治；德意志统一。","","",""
"Mohandas Gandhi","/moʊˈhændəs ˈɡɑːndi/","n.","历史人物","义1. 莫罕达斯·甘地（即 Mahatma Gandhi）","义1:
  • Gandhi led non-violent resistance.
  • His Salt March challenged British rule.
  • Gandhi inspired civil-rights movements.","satyagraha 非暴力；印度独立。","","",""
"Kublai Khan","/ˈkuːblaɪ ˈkɑːn/","n.","历史人物","义1. 忽必烈（1215–1294，元朝开国皇帝）","义1:
  • Kublai Khan founded the Yuan dynasty.
  • He completed the conquest of China.
  • Marco Polo visited his court.","元世祖；蒙古帝国中原政权；大都。","","",""
"Tutankhamun","/ˌtuːtənkˈɑːmuːn/","n.","历史人物","义1. 图坦卡蒙（前1341–前1323，埃及法老）","义1:
  • Tutankhamun's tomb was found intact in 1922.
  • The boy king ruled briefly.
  • His gold mask is world-famous.","最完整法老墓；1922 Carter 发现。","","",""
"delineate","/dɪˈlɪnieɪt/","v.","学术写作","义1. 描绘；清晰界定","义1:
  • The report delineates three policy options.
  • We must delineate the scope before analysis.
  • The map delineates the fault lines.","近 outline，但更强调‘勾画边界/范围’。","outline、define","","delineate 偏‘划出清晰边界’；outline 偏‘列要点’。"
"seminal","/ˈsemɪnl/","adj.","学术写作","义1. 开创性的；影响深远的","义1:
  • His seminal paper reshaped the field.
  • That book is a seminal work on cognition.
  • The seminal study spawned a new discipline.","形容著作/研究‘奠基性’，褒义强。","groundbreaking、influential","derivative","seminal 强调‘开创先河’；influential 仅指‘有影响’。"
"stringent","/ˈstrɪndʒənt/","adj.","学术写作","义1. （标准、规定）严格的；苛刻的","义1:
  • Stringent rules govern clinical trials.
  • The bank faces stringent capital requirements.
  • We need more stringent emission standards.","常接 rules/controls/standards/tests。","strict、rigorous","lenient","stringent 多用于规章标准；strict 通用。"
"tenable","/ˈtenəbl/","adj.","学术写作","义1. （论点）站得住脚的；可防守的","义1:
  • That position is no longer tenable.
  • Is the hypothesis tenable given the data?
  • He held a barely tenable view.","常用于否定：no longer tenable。","defensible","untenable",""
"spurious","/ˈspjʊəriəs/","adj.","学术写作","义1. 虚假的；站不住脚的","义1:
  • The study’s claims are spurious.
  • He offered a spurious justification.
  • Spurious correlations mislead readers.","spurious correlation 是常见搭配（伪相关）。","false、baseless","valid","spurious 强调‘看似有理实则假’。"
"stipulate","/ˈstɪpjuleɪt/","v.","学术写作","义1. 规定；明确要求","义1:
  • The contract stipulates a 30-day notice.
  • The grant stipulates how funds are used.
  • The law stipulates minimum standards.","正式‘明文规定’，后接 that 或名词。","specify、require","","stipulate 偏法律/正式规定；specify 中性‘具体说明’。"
"preclude","/prɪˈkluːd/","v.","学术写作","义1. 排除；阻止","义1:
  • Lack of data precludes a conclusion.
  • His age does not preclude the role.
  • The rule precludes appeals.","preclude sb from doing / preclude sth。","prevent、rule out","permit","preclude 正式‘使不可能’；prevent 通用。"
"propensity","/prəˈpensəti/","n.","学术写作","义1. 倾向；习性","义1:
  • He has a propensity for risk.
  • Firms show a propensity to overhire.
  • There is a propensity toward errors.","propensity for / to / toward。","tendency、inclination","","propensity 偏‘固有倾向’；tendency 更中性通用。"
"pertinent","/ˈpɜːtɪnənt/","adj.","学术写作","义1. 相关的；切题的","义1:
  • Ask pertinent questions only.
  • The evidence is pertinent to the case.
  • She made a pertinent observation.","pertinent to。","relevant","irrelevant","pertinent 正式‘切题’；relevant 通用。"
"unequivocal","/ˌʌnɪˈkwɪvəkl/","adj.","学术写作","义1. 明确的；毫不含糊的","义1:
  • The data give unequivocal support.
  • He issued an unequivocal denial.
  • The verdict was unequivocal.","强调‘无歧义’，程度强于 clear。","clear、unambiguous","ambiguous",""
"reconcile","/ˈrekənsaɪl/","v.","学术写作","义1. 调和；使一致","义1:
  • We must reconcile the two findings.
  • Theory and data are hard to reconcile.
  • He reconciled the conflicting accounts.","reconcile A with B。","resolve、harmonise","",""
"tenuous","/ˈtenjuəs/","adj.","学术写作","义1. 脆弱的；微弱的；牵强的","义1:
  • The link is tenuous at best.
  • They have a tenuous hold on power.
  • His argument rests on a tenuous analogy.","tenuous link/connection 常见。","weak、fragile","strong","tenuous 指‘薄弱、易断’（物理/逻辑皆可）。"
"commensurate","/kəˈmenʃərət/","adj.","学术写作","义1. 相称的；成比例的","义1:
  • Pay should be commensurate with effort.
  • A penalty commensurate with the crime.
  • Funding is not commensurate with need.","commensurate with。","proportionate","disproportionate",""
"obfuscate","/ˈɒbfʌskeɪt/","v.","学术写作","义1. 使模糊；故意混淆","义1:
  • Jargon obfuscates the issue.
  • He obfuscated his role in the affair.
  • The report obfuscates the real costs.","贬义‘把事情搞糊涂’，尤指故意。","confuse、obscure","clarify","obfuscate 比 confuse 更正式且含‘故意遮掩’。"
"eschew","/ɪsˈtʃuː/","v.","学术写作","义1. 避开；戒绝","义1:
  • Good writers eschew cliché.
  • The firm eschews debt.
  • She eschews publicity.","正式‘刻意回避’，及物。","avoid、shun","embrace","eschew 正式‘主动戒绝’；avoid 通用。"
"enumerate","/ɪˈnjuːməreɪt/","v.","学术写作","义1. 列举；枚举","义1:
  • He enumerated three objections.
  • The risks were enumerated clearly.
  • Let me enumerate the steps.","比 list 正式，强调‘逐一列出’。","list、detail","","enumerate 正式‘逐条枚举’。"
"discrepancy","/dɪsˈkrepənsi/","n.","学术写作","义1. 差异；不符","义1:
  • There is a discrepancy in the accounts.
  • We found a discrepancy between the two figures.
  • The discrepancy remains unexplained.","discrepancy between A and B。","difference、inconsistency","agreement",""
"provisional","/prəˈvɪʒənl/","adj.","学术写作","义1. 临时的；暂定的","义1:
  • We reached a provisional agreement.
  • The figures are provisional.
  • A provisional government was formed.","provisional 与 tentative 近义，但更偏‘暂时生效’。","temporary、tentative","final",""
"auspice","/ˈɔːspɪs/","n.","学术写作","义1. 赞助；主持（under the auspices of）","义1:
  • The summit met under UN auspices.
  • Research was done under academic auspices.
  • The project ran under private auspices.","几乎只用 under the auspices of 短语。","sponsorship、patronage","",""
"nullify","/ˈnʌlɪfaɪ/","v.","学术写作","义1. 使无效；抵消","义1:
  • The court nullified the law.
  • The goal was nullified by offside.
  • The gain was nullified by costs.","法律/正式‘作废’。","invalidate、cancel","validate","nullify 正式‘宣告无效’；cancel 通用。"
"purport","/pəˈpɔːt/","v.","学术写作","义1. 声称；意指","义1:
  • The letter purports to be official.
  • The study purports to show a link.
  • What does the clause purport to mean?","常带‘声称（未必属实）’的意味。","claim、allege","","purport 暗示‘表面宣称’。"
"pertaining","/pəˈteɪnɪŋ/","adj.","学术写作","义1. 与…有关的（pertaining to）","义1:
  • Documents pertaining to the case.
  • Matters pertaining to safety.
  • Files pertaining to tax.","正式书面语，= relating to。","relating、concerning","",""
"cogent","/ˈkəʊdʒənt/","adj.","学术写作","义1. （论证）有说服力的","义1:
  • She made a cogent argument.
  • The case is cogent and clear.
  • We need more cogent evidence.","cogent reason/argument/evidence。","convincing、compelling","weak","cogent 专指‘逻辑上有力’。"
"synecdoche","/sɪˈnekdəki/","n.","英语文学","义1. 提喻（以部分代全体）","义1:
  • ‘All hands on deck’ is synecdoche.
  • ‘The crown’ for the monarchy is synecdoche.
  • Synecdoche links part to whole.","部分代整体，与 metonymy（相关代）易混。","metonymy","","synecdoche 必为‘部分—整体’；metonymy 是‘相关’代（如 White House=政府）。"
"pathetic fallacy","/pəˈθetɪk ˈfɔːləsi/","n.","英语文学","义1. 移情谬误（将人性赋予自然）","义1:
  • The angry storm is pathetic fallacy.
  • Romantics used pathetic fallacy often.
  • ‘Nature wept’ shows pathetic fallacy.","把人的情感投射到无生命自然。","","",""
"frame narrative","/freɪm ˈnærətɪv/","n.","英语文学","义1. 框架叙事（故事套故事）","义1:
  • The Canterbury Tales uses a frame narrative.
  • A frame narrative encloses tales.
  • The film is a frame narrative.","嵌套结构，如《西游记》取经框架内的单元故事。","embedded narrative","",""
"hamartia","/ˌhɑːmɑːˈtiə/","n.","英语文学","义1. 悲剧性缺陷（亚里士多德语）","义1:
  • Oedipus’ pride is his hamartia.
  • Hamartia drives the tragic fall.
  • The hero’s hamartia is hubris.","悲剧主人公的性格弱点，导致陨落。","tragic flaw","",""
"leitmotif","/ˈlaɪtməʊtiːf/","n.","英语文学","义1. 主导动机（反复出现的主题）","义1:
  • A leitmotif recurs in the novel.
  • Wagner coined the leitmotif.
  • The colour red is a leitmotif.","音乐/文学中反复出现的意象或旋律。","motif、theme","",""
"anagnorisis","/ˌænəɡˈnɒrɪsɪs/","n.","英语文学","义1. 发现／顿悟（悲剧转折点）","义1:
  • The anagnorisis reveals the truth.
  • Oedipus’ anagnorisis is devastating.
  • Recognition drives the plot.","主人公‘发现真相’的时刻，常与 peripeteia（逆转）成对。","recognition、discovery","",""
"peripeteia","/ˌperɪpəˈtaɪə/","n.","英语文学","义1. 突转（情节逆转）","义1:
  • The peripeteia flips the fortune.
  • A sudden peripeteia shocks the reader.
  • Peripeteia follows anagnorisis.","命运/情节的急剧反转。","reversal","",""
"mise en abyme","/ˌmiːz ɒ̃ ˈabiːm/","n.","英语文学","义1. 套盒结构（画中画／故事中故事）","义1:
  • The play is a mise en abyme.
  • A story within a story is mise en abyme.
  • The film frames a film.","法文，指‘无限嵌套’的视觉/叙事结构。","nested structure","",""
"ekphrasis","/ekˈfreɪsɪs/","n.","英语文学","义1. 艺格敷词（以文字描摹艺术品）","义1:
  • The poem is an ekphrasis of a painting.
  • Ekphrasis bridges word and image.
  • He wrote ekphrasis of the statue.","用文学描摹视觉艺术的传统。","","",""
"stream of consciousness","/striːm əv ˈkɒnʃəsnəs/","n.","英语文学","义1. 意识流","义1:
  • Woolf pioneered stream of consciousness.
  • The passage is pure stream of consciousness.
  • Joyce used stream of consciousness.","内心独白式写法，代表作家 Woolf/Joyce。","","",""
"unreliable narrator","/ˌʌnrɪˈlaɪəbl næˈreɪtə/","n.","英语文学","义1. 不可靠叙述者","义1:
  • The narrator is unreliable by design.
  • An unreliable narrator skews the truth.
  • We doubt the unreliable narrator.","叙述者偏见/说谎，读者须自行判断。","","",""
"magical realism","/ˈmædʒɪkl ˈrɪəlɪzəm/","n.","英语文学","义1. 魔幻现实主义","义1:
  • Marquez defined magical realism.
  • Magical realism blends myth and fact.
  • The novel is magical realism.","现实底色 + 奇幻元素，拉美文学代表。","","",""
"extradition","/ˌekstrəˈdɪʃn/","n.","法律政治","义1. 引渡","义1:
  • The extradition was denied.
  • They sought his extradition.
  • Extradition requires a treaty.","extradite 动词。","","",""
"indictment","/ɪnˈdaɪtmənt/","n.","法律政治","义1. 起诉书；控告","义1:
  • The grand jury issued an indictment.
  • The report is an indictment of policy.
  • He faces an indictment.","indict 动词；也喻‘谴责’。","charge、accusation","","indictment 正式刑事‘起诉’；accusation 通用‘指责’。"
"subpoena","/səˈpiːnə/","n./v.","法律政治","义1. 传票；传唤","义1:
  • She received a subpoena.
  • The court subpoenaed the witness.
  • He ignored the subpoena.","法律强制出庭/取证。","summons","",""
"tort","/tɔːt/","n.","法律政治","义1. 侵权（民事不法行为）","义1:
  • Negligence is a common tort.
  • He sued in tort.
  • Tort law differs from contract.","民事侵权，非刑事；如诽谤、过失。","civil wrong","",""
"redress","/rɪˈdres/","n./v.","法律政治","义1. 纠正；赔偿","义1:
  • They sought redress in court.
  • The law provides redress.
  • We must redress the harm.","redress a grievance/wrong。","remedy、compensation","",""
"impunity","/ɪmˈpjuːnəti/","n.","法律政治","义1. 免罚；不受惩罚","义1:
  • They acted with impunity.
  • Impunity breeds abuse.
  • No one should enjoy impunity.","with impunity 短语。","exemption","",""
"arbitration","/ˌɑːbɪˈtreɪʃn/","n.","法律政治","义1. 仲裁","义1:
  • The dispute went to arbitration.
  • Arbitration avoided a lawsuit.
  • They agreed to binding arbitration.","第三方裁决，区别于 litigation（诉讼）。","mediation","litigation","arbitration 裁决有约束力；mediation 仅调解。"
"ratification","/ˌrætɪfɪˈkeɪʃn/","n.","法律政治","义1. 批准；核准","义1:
  • Ratification needs parliament.
  • The treaty awaits ratification.
  • Ratification was swift.","ratify 动词。","approval","",""
"pluralism","/ˈplʊərəlɪzəm/","n.","法律政治","义1. 多元主义","义1:
  • The system favours pluralism.
  • Cultural pluralism enriches society.
  • Pluralism checks single power.","政治/社会‘多元共存’。","","monism",""
"devolution","/ˌdiːvəˈluːʃn/","n.","法律政治","义1. 权力下放","义1:
  • Devolution gave regions power.
  • Scottish devolution changed the UK.
  • Devolution is contested.","中央向地方放权。","decentralisation","",""
"impeachment","/ɪmˈpiːtʃmənt/","n.","法律政治","义1. 弹劾","义1:
  • The impeachment failed in the senate.
  • Impeachment is a political process.
  • They launched impeachment.","impeach 动词。","","",""
"extraterritorial","/ˌekstrəterəˈtɔːriəl/","adj.","法律政治","义1. 治外法权的","义1:
  • Embassies have extraterritorial status.
  • The base is extraterritorial.
  • Extraterritorial claims spark rows.","法律‘超越本国领土管辖’。","","",""
"codify","/ˈkɒdɪfaɪ/","v.","法律政治","义1. 将（法律）成文化；编纂","义1:
  • They codified customary law.
  • The rules were codified in 1990.
  • Codify the principles.","把习惯/原则写成法典。","systematise、compile","",""
"writ","/rɪt/","n.","法律政治","义1. 令状；法院文书","义1:
  • The court issued a writ.
  • A writ of habeas corpus was filed.
  • Serve the writ.","writ of habeas corpus 人身保护令。","order","",""
"amend","/əˈmend/","v.","法律政治","义1. 修正（法案）","义1:
  • They amended the constitution.
  • Congress amended the act.
  • The clause was amended.","amendment 修正案（如宪法修正案）。","revise、alter","","amend 正式‘修订（法律）’；revise 通用。"
"bicameral","/baɪˈkæmərəl/","adj.","法律政治","义1. 两院制的","义1:
  • The congress is bicameral.
  • A bicameral system divides power.
  • Bicameral legislatures are common.","如美国参众两院。","","unicameral",""
"pathogen","/ˈpæθədʒən/","n.","医疗健康","义1. 病原体","义1:
  • A pathogen entered the wound.
  • Handwashing removes pathogens.
  • The pathogen spread fast.","bacteria/virus/fungus 等致病体统称。","germ、microbe","","pathogen 医学‘病原体’；germ 口语‘细菌’。"
"convalesce","/ˌkɒnvəˈles/","v.","医疗健康","义1. 康复；调养","义1:
  • She convalesced at home.
  • He is convalescing after surgery.
  • Convalesce by the sea.","convalescence 康复期。","recover、recuperate","","convalesce 正式‘病后静养’。"
"averse","/əˈvɜːs/","adj.","医疗健康","义1. 反对的；厌恶的（averse to）","义1:
  • He is averse to risk.
  • Patients were averse to the drug.
  • She is risk-averse.","averse to；反义 inclined。注意与 adverse（不利的）区分。","reluctant、opposed","inclined","averse ‘人反感’；adverse ‘事不利’（adverse effect）。"
"idiopathic","/ˌɪdiəˈpæθɪk/","adj.","医疗健康","义1. 特发性的（原因不明）","义1:
  • The case is idiopathic.
  • Idiopathic hypertension has no clear cause.
  • An idiopathic fever puzzled doctors.","医学‘查无明确病因’。","","",""
"comorbidity","/ˌkəʊmɔːˈbɪdəti/","n.","医疗健康","义1. 共病；合并症","义1:
  • Diabetes is a common comorbidity.
  • Comorbidity complicates treatment.
  • Count the comorbidities.","同时患两种以上疾病。","","",""
"nosocomial","/ˌnɒsəˈkəʊmiəl/","adj.","医疗健康","义1. 医院获得性的","义1:
  • A nosocomial infection spread.
  • Nosocomial cases are preventable.
  • The outbreak was nosocomial.","医院内感染（如 MRSA）。","","",""
"prophylactic","/ˌprɒfɪˈlæktɪk/","adj./n.","医疗健康","义1. 预防（性）的；避孕药","义1:
  • Prophylactic antibiotics were given.
  • Use prophylactic measures.
  • A prophylactic prevents disease.","prophylaxis 预防医学。","preventive","",""
"sequela","/sɪˈkwiːlə/","n.","医疗健康","义1. 后遗症","义1:
  • Paralysis was a sequela.
  • The sequela lingered for years.
  • Long-term sequelae worry doctors.","复数 sequelae。","aftermath","","sequela 医学‘后遗症’；aftermath 通用‘后果’。"
"etiology","/ˌiːtiˈɒlədʒi/","n.","医疗健康","义1. 病因（美式拼法）","义1:
  • The etiology remained unknown.
  • Study the etiology of disease.
  • Etiology informs prevention.","= aetiology（英式）。","cause","",""
"iatrogenic","/ˌaɪətrəˈdʒenɪk/","adj.","医疗健康","义1. 医源性的（因治疗引起）","义1:
  • An iatrogenic error occurred.
  • Iatrogenic harm is preventable.
  • The infection was iatrogenic.","由医疗行为本身导致。","","",""
"prodrome","/ˈprəʊdrəʊm/","n.","医疗健康","义1. 前驱症状","义1:
  • A prodrome preceded the rash.
  • Fatigue was the prodrome.
  • Note the prodrome early.","发病前的预警症状。","warning sign","",""
"piquant","/ˈpiːkənt/","adj.","美食食品","义1. 开胃的；辛辣鲜爽的","义1:
  • A piquant sauce lifts the meal.
  • The salsa is piquant.
  • Piquant flavours cut the fat.","刺激味蕾、不腻。","tangy、zesty","bland","piquant 偏‘鲜爽刺激’；tangy 偏‘酸爽’。"
"confit","/kɒnˈfiː/","n.","美食食品","义1. 油封（料理法）","义1:
  • Duck confit is a French classic.
  • Confit preserves the meat.
  • Try the garlic confit.","慢火油浸保存法。","","",""
"reduction","/rɪˈdʌkʃn/","n.","美食食品","义1. （酱汁）浓缩收汁","义1:
  • A wine reduction sauces the steak.
  • Make a reduction of stock.
  • The reduction was glossy.","烹调‘收汁’。","","",""
"julienne","/ˌdʒuːliˈen/","v./n.","美食食品","义1. 切丝（法式）","义1:
  • Julienne the carrots.
  • A julienne of vegetables.
  • Julienne cut aids cooking.","细丝切法。","shred","","julienne 法式‘细丝’；shred 通用‘切丝’。"
"mirepoix","/ˈmɪrwɑː/","n.","美食食品","义1. （法餐）香料底（丁状蔬肉）","义1:
  • A mirepoix starts the stew.
  • Sweat the mirepoix first.
  • Mirepoix builds the base.","洋葱胡萝卜西芹切丁炒香作底。","","",""
"al dente","/ˌæl ˈdenteɪ/","adj.","美食食品","义1. （意面）弹牙的","义1:
  • Cook the pasta al dente.
  • Al dente means firm to the bite.
  • He prefers al dente rice.","意大利语‘有嚼劲’。","","mushy",""
"emulsify","/ɪˈmʌlsɪfaɪ/","v.","美食食品","义1. 乳化","义1:
  • Emulsify oil and vinegar.
  • Mustard helps emulsify.
  • The sauce emulsified smoothly.","使油水混合，如蛋黄酱。","","",""
"degustation","/ˌdeɪɡʌˈsteɪʃn/","n.","美食食品","义1. 品鉴（套餐）","义1:
  • A degustation menu of seven courses.
  • Degustation showcases the chef.
  • They booked the degustation.","tasting menu 品鉴菜单。","tasting","",""
"brunoise","/bruːnˈkwɑːz/","n.","美食食品","义1. 极细丁（切法）","义1:
  • A brunoise of pepper garnishes.
  • Dice to a fine brunoise.
  • Brunoise refines texture.","比 julienne 更细的丁。","","",""
"fonds","/fɔ̃/","n.","美食食品","义1. （法餐）高汤底","义1:
  • A brown fond flavours the pan.
  • Deglaze the fond with wine.
  • The fond is the base.","煎烤后锅底的焦化物，提味。","","",""
"velouté","/vəˈluːteɪ/","n.","美食食品","义1. （法餐）白汁酱","义1:
  • A velouté of chicken.
  • Velouté is a mother sauce.
  • Thicken with velouté.","五大母酱之一（白汤+roux）。","","",""
"macerate","/ˈmæsəreɪt/","v.","美食食品","义1. 浸渍（软化）","义1:
  • Macerate the fruit in liqueur.
  • Macerate overnight.
  • Macerate to release juice.","泡软/泡出味。","soak","","macerate 烹饪‘浸渍’；soak 通用‘浸泡’。"
"béchamel","/ˈbeɪʃəmel/","n.","美食食品","义1. 白酱（牛奶+roux）","义1:
  • A béchamel tops the lasagne.
  • Béchamel is a mother sauce.
  • Whisk a smooth béchamel.","五大母酱之一。","","",""
"gastrique","/ɡæsˈtriːk/","n.","美食食品","义1. 糖醋焦化酱","义1:
  • A fruit gastrique cuts richness.
  • Make a vinegar gastrique.
  • The gastrique balanced sweet.","焦糖+醋的酸甜味酱。","","",""
"sous vide","/suː viːd/","n.","美食食品","义1. 真空低温烹调","义1:
  • Sous vide keeps steak tender.
  • Cook sous vide for two hours.
  • Sous vide controls doneness.","真空密封低温水浴。","","",""
"flambé","/flɒmˈbeɪ/","v.","美食食品","义1. 火焰上桌（淋酒点火）","义1:
  • They flambé the pancakes.
  • Flambé the cherries in brandy.
  • The dish was flambéed.","淋酒点火。","","",""
"mellifluous","/məˈlɪfluəs/","adj.","外貌性格","义1. （声音）悦耳流畅的","义1:
  • She has a mellifluous voice.
  • His mellifluous speech soothed.
  • A mellifluous tone charms.","声音甜美流畅。","silvery、smooth","harsh","mellifluous 专指声音‘如蜜流’。"
"florid","/ˈflɒrɪd/","adj.","外貌性格","义1. （面色）红润的；辞藻华丽的","义1:
  • A florid complexion.
  • His florid prose tired readers.
  • The speaker turned florid.","可形容脸色红或文风浮夸。","ruddy、ornate","pale","florid 面色‘红润’；文风‘华丽过甚’。"
"limpid","/ˈlɪmpɪd/","adj.","外貌性格","义1. （眼神/水）清澈的","义1:
  • Her limpid eyes calmed him.
  • A limpid stream ran by.
  • He has a limpid gaze.","清晰通透，常形容眼或水。","clear、transparent","murky","limpid 文学‘澄澈’。"
"insouciant","/ɪnˈsuːsiənt/","adj.","外貌性格","义1. 漫不经心的；无忧无虑的","义1:
  • An insouciant shrug.
  • She answered with insouciant ease.
  • His insouciant manner hid worry.","轻松不在意，带点潇洒。","carefree、nonchalant","anxious","insouciant 偏‘无忧’；nonchalant 偏‘故作冷淡’。"
"bilious","/ˈbɪliəs/","adj.","外貌性格","义1. 暴躁的；坏脾气的","义1:
  • A bilious temper.
  • He grew bilious at noon.
  • Her bilious mood returned.","本义‘胆汁的’，引申易怒。","irritable、peevish","cheerful",""
"seraphic","/səˈræfɪk/","adj.","外貌性格","义1. 天使般的；圣洁温柔的","义1:
  • A seraphic smile.
  • The child looked seraphic.
  • Her seraphic calm soothed all.","如天使般纯净。","angelic","fiendish",""
"craven","/ˈkreɪvn/","adj.","外貌性格","义1. 怯懦的；卑怯的","义1:
  • A craven retreat.
  • His craven lie shamed him.
  • Craven fear gripped him.","强烈贬义‘胆小如鼠’。","cowardly","brave","craven 比 cowardly 更书面贬义。"
"phantasmagoric","/ˌfæntæzməˈɡɒrɪk/","adj.","外貌性格","义1. 幻影般的；光怪陆离的","义1:
  • A phantasmagoric dream.
  • The light show was phantasmagoric.
  • His tales are phantasmagoric.","幻象纷呈、变幻莫测。","dreamlike、surreal","",""
"rebarbative","/rɪˈbɑːbətɪv/","adj.","外貌性格","义1. 令人生厌的；难亲近的","义1:
  • A rebarbative manner.
  • His rebarbative prose repels.
  • She found him rebarbative.","正式‘招人烦/拒人千里’。","repellent、off-putting","appealing",""
"beatific","/ˌbiːəˈtɪfɪk/","adj.","外貌性格","义1. 极乐的；安详幸福的","义1:
  • A beatific smile.
  • The monk wore a beatific look.
  • Her beatific calm blessed the room.","blissful 的更文学说法。","blissful","",""
"vapid","/ˈvæpɪd/","adj.","外貌性格","义1. （言谈）空洞乏味的","义1:
  • A vapid speech.
  • His wit grew vapid.
  • Vapid small talk bored her.","无趣无内容。","dull、insipid","witty","vapid 言谈‘没味’；insipid 可指食物无味或文章无趣。"
"lissome","/ˈlɪsəm/","adj.","外貌性格","义1. （身姿）柔软灵巧的","义1:
  • A lissome dancer.
  • Her lissome grace amazed.
  • The lissome acrobat bent.","身段柔韧优雅。","supple、lithe","stiff","lissome 柔美灵动；supple 偏‘柔韧’。"
"imperious","/ɪmˈpɪəriəs/","adj.","外貌性格","义1. 专横傲慢的","义1:
  • An imperious gesture.
  • Her imperious tone rankled.
  • An imperious host commanded.","命令式、高高在上。","domineering、haughty","meek","imperious 凭‘权威感’压人；haughty 凭‘优越感’轻视。"
"mirthless","/ˈmɜːθləs/","adj.","外貌性格","义1. 无笑意的；强笑的","义1:
  • A mirthless smile.
  • He gave a mirthless laugh.
  • Her mirthless gaze unnerved.","笑但无欢乐。","","merry",""
"sprightly","/ˈspraɪtli/","adj.","外貌性格","义1. 活泼轻快的（尤指老者）","义1:
  • A sprightly old man.
  • She walked sprightly.
  • His sprightly wit returned.","精力充沛、轻盈。","lively、spry","lethargic","sprightly 常形容年长者‘精神矍铄’。"
"withdrawn","/wɪðˈdrɔːn/","adj.","外貌性格","义1. 孤僻的；内向退缩的","义1:
  • A withdrawn child.
  • He grew withdrawn and quiet.
  • She seemed withdrawn at parties.","社交退缩。","reticent、aloof","outgoing","withdrawn 退缩不社交；reticent 少言。"
"karst","/kɑːst/","n.","地理环境","义1. 喀斯特地貌","义1:
  • Karst forms caves and sinkholes.
  • The region is karst.
  • Karst aquifers store water.","石灰岩溶蚀地形。","","",""
"loess","/ˈləʊəs/","n.","地理环境","义1. 黄土","义1:
  • Loess covers the plateau.
  • Loess is wind-blown silt.
  • The loess fertilised farms.","风积细黄土，如黄土高原。","","",""
"atoll","/ˈætɒl/","n.","地理环境","义1. 环礁","义1:
  • An atoll rings a lagoon.
  • They landed on the atoll.
  • The atoll is remote.","环状珊瑚礁围湖。","","",""
"mesa","/ˈmeɪsə/","n.","地理环境","义1. 平顶山；台地","义1:
  • A red mesa rose in the desert.
  • The mesa stood alone.
  • Mesas dot the plateau.","顶部平坦、侧壁陡峭。","plateau、butte","","mesa 平顶宽；butte 平顶窄小。"
"isthmus","/ˈɪsməs/","n.","地理环境","义1. 地峡","义1:
  • The isthmus links two lands.
  • Ships cross the isthmus by canal.
  • The isthmus is narrow.","连接两大陆的狭长地带，如巴拿马。","","",""
"steppe","/step/","n.","地理环境","义1. 干草原；大草原","义1:
  • The Eurasian steppe.
  • Horses grazed the steppe.
  • The steppe stretched far.","无树广阔草原，如蒙古草原。","prairie、grassland","","steppe 干旱草原；prairie 北美湿润草原。"
"caldera","/kælˈdeərə/","n.","地理环境","义1. 火山口湖／破火山口","义1:
  • A lake fills the caldera.
  • The caldera exploded millennia ago.
  • They hiked the caldera rim.","火山塌陷形成的大坑。","","",""
"moraine","/məˈreɪn/","n.","地理环境","义1. 冰碛","义1:
  • A moraine dammed the valley.
  • Glaciers leave moraines.
  • The moraine marked the ice edge.","冰川搬运堆积的碎石。","","",""
"bolson","/ˈbɒlsɒn/","n.","地理环境","义1. 封闭盆地（荒漠）","义1:
  • A bolson holds no outlet.
  • The bolson is arid.
  • Playas fill the bolson.","内流封闭洼地。","basin","",""
"escarpment","/ɪˈskɑːpmənt/","n.","地理环境","义1. 悬崖；断崖","义1:
  • The escarpment drops sharply.
  • They climbed the escarpment.
  • The escarpment divides regions.","长条陡崖（如大裂谷边缘）。","cliff、ridge","","escarpment 长延陡崖；cliff 通用峭壁。"
"oxbow","/ˈɒkbəʊ/","n.","地理环境","义1. 牛轭湖（废弃河曲）","义1:
  • An oxbow curved in the plain.
  • The river left an oxbow.
  • Oxbows mark old channels.","河流改道遗留的弯月湖。","","",""
"inselberg","/ˈɪnslɪbɜːɡ/","n.","地理环境","义1. 孤丘（岛山）","义1:
  • An inselberg rose alone.
  • The plain held one inselberg.
  • Inselbergs dot the savanna.","平地上突起的孤立丘陵。","monadnock","",""
"fjeld","/fjeːld/","n.","地理环境","义1. （北欧）荒原高地","义1:
  • The fjeld is bare rock.
  • Reindeer cross the fjeld.
  • The fjeld freezes in winter.","斯堪的纳维亚裸岩高原。","tundra、heath","",""
"wadi","/ˈwɒdi/","n.","地理环境","义1. （沙漠）季节河床","义1:
  • A wadi floods in rain.
  • They camped in the wadi.
  • The wadi was dry.","阿拉伯语，旱谷，暴雨成河。","","",""
"scree","/skriː/","n.","地理环境","义1. 碎石坡","义1:
  • Loose scree slid underfoot.
  • They climbed the scree.
  • Scree covered the slope.","山坡碎岩堆。","talus","",""
"thermocline","/ˈθɜːməklaɪn/","n.","地理环境","义1. 温跃层","义1:
  • A thermocline splits the lake.
  • The thermocline blocks mixing.
  • Fish stay above the thermocline.","水温骤变的水层。","","",""
"lichen","/ˈlaɪkən/","n.","动植物","义1. 地衣","义1:
  • Lichen crusts the rock.
  • Lichen signals clean air.
  • Reindeer eat lichen.","真菌+藻类共生体。","","",""
"bryophyte","/ˈbraɪəfaɪt/","n.","动植物","义1. 苔藓植物","义1:
  • Mosses are bryophytes.
  • Bryophytes lack vessels.
  • The bryophyte covered stone.","非维管植物（苔/藓/角苔）。","moss","",""
"epiphyte","/ˈepɪfaɪt/","n.","动植物","义1. 附生植物","义1:
  • Orchids are epiphytes.
  • Epiphytes grow on trees.
  • The epiphyte needs no soil.","依附他物生长（如空气凤梨）。","","",""
"xerophyte","/ˈzɪərəfaɪt/","n.","动植物","义1. 旱生植物","义1:
  • Cactus is a xerophyte.
  • Xerophytes store water.
  • The xerophyte survives drought.","耐旱植物。","","",""
"mycorrhiza","/ˌmaɪkəˈraɪzə/","n.","动植物","义1. 菌根","义1:
  • Mycorrhiza aids roots.
  • The fungus forms mycorrhiza.
  • Mycorrhiza boosts uptake.","植物根与真菌共生。","","",""
"chelonian","/kɪˈləʊniən/","n./adj.","动植物","义1. 龟鳖类（的）","义1:
  • Chelonians are ancient.
  • The chelonian basked.
  • Chelonian shells protect.","龟/鳖总称。","turtle","",""
"arthropod","/ˈɑːθrəpɒd/","n.","动植物","义1. 节肢动物","义1:
  • Insects are arthropods.
  • The arthropod molted.
  • Arthropods have exoskeletons.","昆虫/蛛/甲壳类统称。","","",""
"mollusc","/ˈmɒləsk/","n.","动植物","义1. 软体动物","义1:
  • Snails are molluscs.
  • The mollusc secreted shell.
  • Molluscs include squid.","美式 mollusk。","","",""
"echinoderm","/ɪˈkaɪnəʊdɜːm/","n.","动植物","义1. 棘皮动物","义1:
  • Starfish are echinoderms.
  • The echinoderm regrew arms.
  • Echinoderms have fivefold symmetry.","海星/海胆/海参类。","","",""
"cetacean","/sɪˈteɪʃn/","n.","动植物","义1. 鲸目动物","义1:
  • Whales are cetaceans.
  • The cetacean breached.
  • Cetaceans are mammals.","鲸/海豚类。","whale","",""
"chiropteran","/kaɪˈrɒptərən/","n.","动植物","义1. 翼手目（蝙蝠类）","义1:
  • Bats are chiropterans.
  • The chiropteran roosted.
  • Chiropterans echo-locate.","蝙蝠学名类。","bat","",""
"gastropod","/ˈɡæstrəpɒd/","n.","动植物","义1. 腹足类（蜗牛等）","义1:
  • Snails are gastropods.
  • The gastropod left a trail.
  • Gastropods move on one foot.","螺/蛞蝓类。","snail","",""
"proboscis","/prəˈbɒsɪs/","n.","动植物","义1. （象）长鼻；（虫）喙","义1:
  • The trunk is a proboscis.
  • The moth’s proboscis sips nectar.
  • The proboscis is long.","长吻/长鼻。","trunk","",""
"carapace","/ˈkærəpeɪs/","n.","动植物","义1. （龟/蟹）背甲","义1:
  • The turtle’s carapace.
  • The crab shed its carapace.
  • The carapace hardened.","硬壳背甲。","shell","","carapace 专指背甲；shell 通用壳。"
"plumage","/ˈpluːmɪdʒ/","n.","动植物","义1. （鸟）羽毛","义1:
  • The peacock’s plumage.
  • Bright plumage attracts mates.
  • The plumage molted.","鸟类全身羽衣。","feathers","","plumage 集合‘羽衣’；feathers 单根羽。"
"piscine","/ˈpɪsaɪn/","adj.","动植物","义1. 鱼的；似鱼的","义1:
  • A piscine shape.
  • Piscine odour from the tank.
  • The piscine diet.","与 fish 相关。","","",""
"arboreal","/ɑːˈbɔːriəl/","adj.","动植物","义1. 树栖的","义1:
  • Monkeys are arboreal.
  • Arboreal life needs grip.
  • The arboreal sloth.","生活在树上。","","terrestrial",""
"nocturnal","/nɒkˈtɜːnl/","adj.","动植物","义1. 夜行的；夜间的","义1:
  • Owls are nocturnal.
  • A nocturnal bloom opens at night.
  • The nocturnal hunt.","反义 diurnal（昼行）。","","diurnal",""
"crepuscular","/krɪˈpʌskjələ/","adj.","动植物","义1. 晨昏活动的","义1:
  • Deer are crepuscular.
  • Crepuscular insects swarm at dusk.
  • A crepuscular routine.","黎明/黄昏活跃。","","",""
"altricial","/ælˈtrɪʃl/","adj.","动植物","义1. （雏鸟）晚成的","义1:
  • Altricial chicks are blind.
  • Robins are altricial.
  • Altricial young need care.","出生无助需哺育；反义 precocial（早成）。","","precocial",""
"biomass","/ˈbaɪəʊmæs/","n.","动植物","义1. 生物量","义1:
  • The forest stores biomass.
  • Biomass feeds the food web.
  • Measure the biomass.","生态‘生物总质量’。","","",""
"mycelium","/maɪˈsiːliəm/","n.","动植物","义1. 菌丝体","义1:
  • Mycelium threads the soil.
  • The mycelium feeds the fungus.
  • Mycelium binds substrate.","真菌的营养体网络。","","",""
"rhizome","/ˈraɪzəʊm/","n.","动植物","义1. 根状茎","义1:
  • Ginger is a rhizome.
  • The rhizome spreads underground.
  • Cut the rhizome to divide.","横走地下茎（如竹/姜）。","","",""
"tuber","/ˈtjuːbə/","n.","动植物","义1. 块茎","义1:
  • Potato is a tuber.
  • The tuber stores starch.
  • Plant the tuber.","膨大地下茎（土豆/芋）。","","",""
"dicot","/ˈdaɪkɒt/","n.","动植物","义1. 双子叶植物","义1:
  • Oaks are dicots.
  • The dicot has net veins.
  • Dicots form a clade.","两片子叶；反义 monocot（单子叶）。","","monocot",""
"gametophyte","/ɡəˈmiːtəfaɪt/","n.","动植物","义1. 配子体","义1:
  • Moss gametophytes are green.
  • The gametophyte bears gametes.
  • Gametophytes alternate with sporophytes.","植物世代交替中产生配子的一代。","","",""
"allelopathy","/ˌælɪˈlɒpəθi/","n.","动植物","义1. 化感作用（植物互抑）","义1:
  • Allelopathy stops weeds.
  • Walnut shows allelopathy.
  • Allelopathy shapes the field.","植物释化感物质抑制邻株。","","",""
"nectariferous","/ˌnektəˈrɪfərəs/","adj.","动植物","义1. 产蜜的","义1:
  • A nectariferous flower.
  • Nectariferous glands attract.
  • The nectariferous spur.","分泌花蜜。","","",""
"zoophyte","/ˈzəʊəfaɪt/","n.","动植物","义1. （旧称）植形动物","义1:
  • Corals were called zoophytes.
  • The old term zoophyte misled.
  • Zoophytes blur the line.","旧时指似植物的动物（珊瑚）。","","",""
"mise en scène","/ˌmiːz ɒ̃ ˈsen/","n.","艺术音乐","义1. 场面调度（舞台/镜头布置）","义1:
  • The film’s mise en scène.
  • Mise en scène sets the mood.
  • Study the mise en scène.","法文，画面内一切元素安排。","","",""
"sfumato","/sfuˈmɑːtəʊ/","n.","艺术音乐","义1. 晕涂法（柔和轮廓）","义1:
  • Da Vinci used sfumato.
  • Sfumato softens edges.
  • The sfumato is subtle.","达芬奇式烟雾渐变。","","",""
"grisaille","/ɡrɪˈzaɪ/","n.","艺术音乐","义1. 灰调单色画","义1:
  • A grisaille of stone.
  • Grisaille imitates sculpture.
  • The grisaille panel.","灰阶单色绘画。","","",""
"fresco","/ˈfreskəʊ/","n.","艺术音乐","义1. 湿壁画","义1:
  • Michelangelo painted the fresco.
  • The fresco covers the wall.
  • A fresco decays slowly.","灰泥未干时作画。","","",""
"contrapposto","/ˌkɒntrəˈpɒstəʊ/","n.","艺术音乐","义1. 对立式平衡（重心偏移站姿）","义1:
  • David stands in contrapposto.
  • Contrapposto adds life.
  • The statue’s contrapposto.","古典雕塑放松站姿。","","",""
"polyphony","/pəˈlɪfəni/","n.","艺术音乐","义1. 复调（多声独立）","义1:
  • Bach mastered polyphony.
  • Polyphony weaves lines.
  • The motet is polyphony.","多旋律并行；反义 monophony。","","monophony",""
"ostinato","/ˌɒstɪˈnɑːtəʊ/","n.","艺术音乐","义1. 固定音型（反复）","义1:
  • A bass ostinato drives it.
  • The ostinato repeats.
  • Ostinato underpins the theme.","反复乐句（如《波莱罗》）。","riff","","ostinato 古典‘固定音型’；riff 流行/爵士短句。"
"cadenza","/kəˈdenzə/","n.","艺术音乐","义1. 华彩段","义1:
  • The soloist played a cadenza.
  • The cadenza shows skill.
  • A virtuoso cadenza.","协奏曲中独奏炫技段。","","",""
"scherzo","/ˈskeətsəʊ/","n.","艺术音乐","义1. 诙谐曲","义1:
  • A scherzo lightens the symphony.
  • Beethoven wrote the scherzo.
  • The scherzo is quick.","快活三段体乐章。","","",""
"diatonic","/ˌdaɪəˈtɒnɪk/","adj.","艺术音乐","义1. 自然音阶的","义1:
  • A diatonic scale.
  • The tune is diatonic.
  • Diatonic harmony.","七声自然音；反义 chromatic（半音）。","","chromatic",""
"fortissimo","/fɔːˈtɪsɪməʊ/","adv.","艺术音乐","义1. 很强（ff）","义1:
  • Play fortissimo here.
  • The fortissimo crashed.
  • Fortissimo marks force.","力度记号；反义 pianissimo。","very loud","pianissimo",""
"andante","/ænˈdɑːnteɪ/","adv.","艺术音乐","义1. 行板（稍慢）","义1:
  • Mark it andante.
  • The andante soothes.
  • Andante, please.","速度术语‘行走般’。","moderately slow","",""
"obbligato","/ˌɒblɪˈɡɑːtəʊ/","adj./n.","艺术音乐","义1. 助奏（不可或缺）","义1:
  • A violin obbligato.
  • The obbligato binds the song.
  • Sing with obbligato.","不可或缺的伴奏声部。","","",""
"tonality","/təʊˈnæləti/","n.","艺术音乐","义1. 调性","义1:
  • The tonality shifts.
  • Modal tonality here.
  • Tonality centres on C.","主音/调式中心。","","",""
"gestural","/ˈdʒestʃərəl/","adj.","艺术音乐","义1. （绘画）表现性的；姿态的","义1:
  • A gestural stroke.
  • Gestural abstraction.
  • The gestural line.","强调笔触动作（如抽象表现主义）。","","",""
"triptych","/ˈtrɪptɪk/","n.","艺术音乐","义1. 三联画","义1:
  • A religious triptych.
  • The triptych opens.
  • A modern triptych.","三幅相连画作，中幅常最大。","","",""
"silhouette","/ˌsɪluˈet/","n.","艺术音乐","义1. 剪影；轮廓","义1:
  • A silhouette against the sun.
  • The silhouette is stark.
  • Cut a paper silhouette.","深色侧影轮廓。","outline、profile","",""
"gite","/ʒiːt/","n.","旅游","义1. （法）乡村度假屋","义1:
  • They rented a gite.
  • The gite sleeps six.
  • A rural gite in Provence.","法国乡村自炊式民宿。","cottage、lodging","",""
"flâneur","/flɑːˈnɜː/","n.","旅游","义1. （巴黎）闲逛者","义1:
  • A flâneur of the boulevards.
  • The flâneur observes the city.
  • Be a flâneur in Paris.","法文‘闲庭信步的都市观察者’。","stroller、observer","",""
"riad","/riˈɑːd/","n.","旅游","义1. （摩洛哥）传统庭院宅","义1:
  • A riad in the medina.
  • They stayed in a riad.
  • The riad has a courtyard.","北非 inward 庭院民宿。","courtyard house","",""
"piazza","/piˈætsə/","n.","旅游","义1. （意）广场","义1:
  • The piazza filled with people.
  • Coffee on the piazza.
  • The piazza is grand.","意大利城市广场。","square、plaza","",""
"ryokan","/riˈəʊkən/","n.","旅游","义1. （日）传统旅馆","义1:
  • A ryokan by the sea.
  • They slept on tatami.
  • The ryokan served kaiseki.","日式榻榻米旅馆。","inn","",""
"dacha","/ˈdætʃə/","n.","旅游","义1. （俄）别墅/乡间小屋","义1:
  • A dacha outside Moscow.
  • They summer at the dacha.
  • The dacha in the woods.","俄式度假别墅。","cottage","",""
"caravanserai","/ˌkærəˈvansəraɪ/","n.","旅游","义1. （古）商队驿站","义1:
  • A caravanserai on the Silk Road.
  • Traders rested at the caravanserai.
  • The caravanserai is ruined.","古代中亚商旅客栈。","inn、waystation","",""
"promontory","/ˈprɒməntri/","n.","旅游","义1. 海角；岬","义1:
  • A promontory juts to sea.
  • The lighthouse crowns the promontory.
  • They climbed the promontory.","伸入海的高地。","headland、cape","",""
"midden","/ˈmɪdn/","n.","旅游","义1. （考古）垃圾堆／贝冢","义1:
  • A shell midden by the shore.
  • The midden reveals diet.
  • Excavate the midden.","史前垃圾/贝壳堆积。","","",""
"baedeker","/ˈbeɪdɪkə/","n.","旅游","义1. （德）旅游指南","义1:
  • A Baedeker in hand.
  • The Baedeker listed sights.
  • Travel by Baedeker.","老牌德文旅游手册，引申‘权威指南’。","guidebook","",""
"jetty","/ˈdʒeti/","n.","旅游","义1. 突堤；栈桥","义1:
  • The jetty reaches the water.
  • Fish off the jetty.
  • The jetty creaked.","伸入水的小码头。","pier、wharf","","jetty 小突堤；pier 大码头/栈桥。"
"Pericles","/ˈperɪkliːz/","n.","历史人物","义1. 伯里克利（雅典政治家）","义1:
  • Pericles led Athens’ golden age.
  • The Pericles funeral oration.
  • Pericles built the Parthenon.","公元前5世纪雅典民主代表。","","",""
"Hannibal","/ˈhænɪbl/","n.","历史人物","义1. 汉尼拔（迦太基将领）","义1:
  • Hannibal crossed the Alps.
  • Hannibal fought Rome.
  • Hannibal’s elephants.","二次布匿战争名将。","","",""
"Constantine","/ˈkɒnstəntaɪn/","n.","历史人物","义1. 君士坦丁大帝","义1:
  • Constantine founded Constantinople.
  • Constantine legalised Christianity.
  • The Edict of Constantine.","罗马首位基督教皇帝。","","",""
"Ibn Khaldun","/ˌɪbən kælˈduːn/","n.","历史人物","义1. 伊本·赫勒敦（阿拉伯史家）","义1:
  • Ibn Khaldun wrote the Muqaddimah.
  • Ibn Khaldun analysed cycles.
  • The sociology of Ibn Khaldun.","14世纪伊斯兰史学/社会学先驱。","","",""
"Akbar","/ˈækbɑː/","n.","历史人物","义1. 阿克巴（莫卧儿皇帝）","义1:
  • Akbar expanded the empire.
  • Akbar promoted tolerance.
  • The Akbar court.","16世纪印度莫卧儿盛世君主。","","",""
"Mustafa Kemal Atatürk","/mʊsˈtɑːfə kəˈmɑːl ˈætətɜːk/","n.","历史人物","义1. 凯末尔（土耳其国父）","义1:
  • Atatürk modernised Turkey.
  • Atatürk founded the republic.
  • The reforms of Atatürk.","20世纪世俗化改革者。","","",""
"Ho Chi Minh","/həʊ tʃiː mɪn/","n.","历史人物","义1. 胡志明","义1:
  • Ho Chi Minh led Vietnam.
  • Ho Chi Minh declared independence.
  • The path of Ho Chi Minh.","越南独立领袖。","","",""
"Hypatia","/haɪˈpeɪʃə/","n.","历史人物","义1. 希帕提娅（女数学家）","义1:
  • Hypatia taught in Alexandria.
  • Hypatia was a Neoplatonist.
  • The murder of Hypatia.","公元4–5世纪亚历山大女哲学家。","","",""
"Ada Lovelace","/ˈeɪdə ˈlʌvleɪs/","n.","历史人物","义1. 爱达·洛芙莱斯（首位程序员）","义1:
  • Ada Lovelace wrote the first algorithm.
  • Lovelace foresaw computing.
  • The note of Ada Lovelace.","19世纪分析机算法先驱。","","",""
"Frida Kahlo","/ˈfriːdə ˈkɑːləʊ/","n.","历史人物","义1. 弗里达·卡洛（画家）","义1:
  • Frida Kahlo painted self-portraits.
  • Kahlo blended myth and pain.
  • The work of Frida Kahlo.","20世纪墨西哥女画家。","","",""
"Galileo Galilei","/ˌɡælɪˈleɪəʊ ɡælɪˈleɪ/","n.","历史人物","义1. 伽利略","义1:
  • Galileo defended heliocentrism.
  • Galileo faced the Inquisition.
  • The telescope of Galileo.","近代天文学/物理奠基人。","","",""
"algorithm","/ˈælɡərɪðəm/","n.","科技工程","义1. 算法","义1:
  • The search algorithm ranks pages.
  • We tuned the sorting algorithm.
  • An algorithm learns from data.","步骤化求解规则；AI 核心。","","",""
"latency","/ˈleɪtənsi/","n.","科技工程","义1. 延迟；时延","义1:
  • The network has low latency.
  • Latency hurts real-time apps.
  • Reduce latency in the pipeline.","响应延迟，游戏/通信关键指标。","delay","",""
"throughput","/ˈθruːpʊt/","n.","科技工程","义1. 吞吐量","义1:
  • The server’s throughput doubled.
  • Throughput limits the system.
  • Measure throughput per second.","单位时间处理量。","","",""
"scalability","/ˌskeɪləˈbɪləti/","n.","科技工程","义1. 可扩展性","义1:
  • The design lacks scalability.
  • Cloud gives scalability.
  • Test the scalability.","随负载增长的能力。","","",""
"heuristics","/hjʊˈrɪstɪks/","n.","科技工程","义1. 启发式（经验法则）","义1:
  • Use heuristics to prune search.
  • Heuristics trade optimality for speed.
  • A heuristic guides the solver.","近似策略，非保证最优。","rules of thumb","","heuristics 经验近似；algorithm 精确步骤。"
"redundancy","/rɪˈdʌndənsi/","n.","科技工程","义1. 冗余","义1:
  • Redundancy ensures reliability.
  • Add redundancy to the link.
  • Redundancy costs resources.","备份以防失效。","backup","",""
"encapsulation","/ɪnˌkæpsjuˈleɪʃn/","n.","科技工程","义1. 封装","义1:
  • Encapsulation hides internals.
  • OOP relies on encapsulation.
  • Good encapsulation reduces bugs.","面向对象隐藏实现。","","",""
"concurrency","/kənˈkʌrənsi/","n.","科技工程","义1. 并发","义1:
  • Concurrency needs locks.
  • Manage concurrency with threads.
  • Concurrency bugs are subtle.","多任务同时推进；≠ parallelism（真并行）。","","","concurrency 交错执行；parallelism 同时执行。"
"bandwidth","/ˈbændwɪdθ/","n.","科技工程","义1. 带宽","义1:
  • The link is low on bandwidth.
  • Bandwidth caps the rate.
  • Buy more bandwidth.","数据传输能力。","","",""
"cache","/kæʃ/","n./v.","科技工程","义1. 缓存","义1:
  • Serve from cache.
  • The cache missed.
  • Cache the result.","高速暂存以加速。","buffer","",""
"compiler","/kəmˈpaɪlə/","n.","科技工程","义1. 编译器","义1:
  • The compiler optimises code.
  • A compiler turns source to binary.
  • The compiler flagged an error.","源码→机器码。","","",""
"iteration","/ˌɪtəˈreɪʃn/","n.","科技工程","义1. 迭代","义1:
  • Each iteration refines the model.
  • Run ten iterations.
  • Iteration converges slowly.","反复逼近；ML 训练核心。","repetition、loop","",""
"granularity","/ˌɡrænjuˈlærəti/","n.","科技工程","义1. 粒度","义1:
  • The data needs finer granularity.
  • Pick the right granularity.
  • Coarse granularity hides detail.","细节粗细程度。","","",""
"idempotent","/ˌaɪdəmˈpəʊtənt/","adj.","科技工程","义1. 幂等的（重复结果一致）","义1:
  • GET should be idempotent.
  • The op is idempotent.
  • Idempotent calls are safe.","多次执行效果同一次。","","",""
"semiconductor","/ˌsemikənˈdʌktə/","n.","科技工程","义1. 半导体","义1:
  • The chip uses a semiconductor.
  • Semiconductor supply is tight.
  • Silicon is a semiconductor.","导电性介于导体与绝缘体。","","",""
"quantum","/ˈkwɒntəm/","n./adj.","科技工程","义1. 量子","义1:
  • Quantum effects appear at small scales.
  • A quantum computer.
  • The quantum state.","离散能量单位；量子计算前沿。","","",""
"nanoscale","/ˈnænəskeɪl/","adj.","科技工程","义1. 纳米尺度的","义1:
  • At the nanoscale, properties change.
  • Nanoscale materials.
  • A nanoscale device.","十亿分之一米级。","","",""
"photovoltaic","/ˌfəʊtəʊvɒlˈteɪɪk/","adj.","科技工程","义1. 光伏的","义1:
  • Photovoltaic panels generate power.
  • A photovoltaic cell.
  • Photovoltaic efficiency rose.","太阳能发电。","","",""
"biodegradable","/ˌbaɪəʊdɪˈɡreɪdəbl/","adj.","科技工程","义1. 可生物降解的","义1:
  • Use biodegradable packaging.
  • Biodegradable plastic exists.
  • The bag is biodegradable.","环保材料属性。","","non-biodegradable",""
"aerodynamics","/ˌeərəʊdaɪˈnæmɪks/","n.","科技工程","义1. 空气动力学","义1:
  • Aerodynamics shapes the wing.
  • Study aerodynamics of cars.
  • Aerodynamics cuts drag.","气流与受力。","","",""
"kinematics","/ˌkɪnɪˈmætɪks/","n.","科技工程","义1. 运动学","义1:
  • Kinematics ignores forces.
  • Model the arm’s kinematics.
  • Kinematics of the robot.","研究运动而不究力。","","",""
"actuator","/ˈæktʃueɪtə/","n.","科技工程","义1. 执行器","义1:
  • The actuator moves the valve.
  • A robotic actuator.
  • The actuator failed.","将信号转为机械动作。","","",""
"topology","/təˈpɒlədʒi/","n.","科技工程","义1. 拓扑（结构布局）","义1:
  • Network topology matters.
  • The mesh topology.
  • Study the topology.","连接关系，不拘物理位置。","","",""
"hash","/hæʃ/","n./v.","科技工程","义1. 哈希（散列）","义1:
  • Hash the password.
  • A hash maps keys to slots.
  • The hash collided.","定长摘要/索引函数。","","",""
"payload","/ˈpeɪləʊd/","n.","科技工程","义1. 有效载荷；数据体","义1:
  • The rocket carries a payload.
  • The packet payload.
  • Inspect the payload.","实际载运/传输的内容。","","",""
"overhead","/ˈəʊvəhed/","n./adj.","科技工程","义1. 开销；间接成本","义1:
  • The overhead is high.
  • Cut the runtime overhead.
  • An overhead cost.","非直接但必需的消耗。","cost","",""
"firmware","/ˈfɜːmweə/","n.","科技工程","义1. 固件","义1:
  • Update the firmware.
  • Firmware bridges hardware and OS.
  • The firmware crashed.","嵌入硬件的底层软件。","","",""
"rendering","/ˈrendərɪŋ/","n.","科技工程","义1. 渲染；绘制","义1:
  • The rendering took hours.
  • Real-time rendering.
  • The render is noisy.","GPU 生成图像。","","",""
"tensor","/ˈtensə/","n.","科技工程","义1. 张量","义1:
  • A tensor generalises a matrix.
  • Feed the tensor to the model.
  • The tensor has rank three.","多维数组，深度学习基础。","","",""
"liquidity","/lɪˈkwɪdəti/","n.","商业金融","义1. 流动性","义1:
  • The firm needs liquidity.
  • Liquidity dried up in 2008.
  • Improve cash liquidity.","资产变现难易。","","illiquidity",""
"amortise","/əˈmɔːtaɪz/","v.","商业金融","义1. 摊销；分期偿还","义1:
  • Amortise the loan over ten years.
  • Amortise the cost.
  • The debt is amortised.","逐期摊还（无形资产/贷款）。","write off gradually","","amortise 摊还；depreciate 折旧（ tangible）。"
"leverage","/ˈliːvərɪdʒ/","n./v.","商业金融","义1. 杠杆；利用","义1:
  • Use leverage to boost return.
  • Leverage your network.
  • High leverage is risky.","借力放大；也作动词‘善用’。","gearing、use","",""
"equity","/ˈekwəti/","n.","商业金融","义1. 股权；净值","义1:
  • She holds equity in the firm.
  • Raise equity, not debt.
  • Shareholders’ equity.","所有者权益；也指‘公平’。","ownership、fairness","debt","equity 股权/公平；debt 债权。"
"margin","/ˈmɑːdʒɪn/","n.","商业金融","义1. 利润；保证金；边距","义1:
  • The margin is thin.
  • Post margin to trade.
  • A margin of safety.","profit margin 利润率；也指交易保证金。","profit","",""
"valuation","/ˌvæljuˈeɪʃn/","n.","商业金融","义1. 估值","义1:
  • The valuation doubled.
  • A fair valuation.
  • Dispute the valuation.","对企业的价值评估。","appraisal","",""
"diversify","/daɪˈvɜːsɪfaɪ/","v.","商业金融","义1. 分散；多元化","义1:
  • Diversify the portfolio.
  • Firms diversify to cut risk.
  • Diversify revenue.","分散投资/业务。","","concentrate",""
"downsize","/ˈdaʊnsaɪz/","v.","商业金融","义1. 裁员；精简","义1:
  • The firm downsized.
  • Downsize the workforce.
  • They downsized the plant.","缩编降本。","cut、restructure","expand",""
"merger","/ˈmɜːdʒə/","n.","商业金融","义1. 合并","义1:
  • The merger created a giant.
  • Approve the merger.
  • A cross-border merger.","merger 与 acquisition（收购）常并称 M&A。","combination","split",""
"arbitrage","/ˈɑːbɪtrɑːʒ/","n.","商业金融","义1. 套利","义1:
  • Arbitrage pockets the price gap.
  • Statistical arbitrage.
  • Arbitrage keeps markets fair.","利用价差无风险获利。","","",""
"fiduciary","/fɪˈdjuːʃəri/","adj./n.","商业金融","义1. 受托的（义务）","义1:
  • A fiduciary duty to clients.
  • The fiduciary must act in trust.
  • He is a fiduciary.","以受益人利益为先的法律义务。","","",""
"amortisation","/əˌmɔːtaɪˈzeɪʃn/","n.","商业金融","义1. 摊销（名词）","义1:
  • Amortisation lowers tax.
  • The schedule of amortisation.
  • Amortisation spreads cost.","amortise 的名词。","","",""
"commodity","/kəˈmɒdəti/","n.","商业金融","义1. 大宗商品","义1:
  • Oil is a commodity.
  • Commodity prices swung.
  • Trade the commodity.","可交易原材料（油/金属/粮）。","good","",""
"stakeholder","/ˈsteɪkhəʊldə/","n.","商业金融","义1. 利益相关方","义1:
  • Consult all stakeholders.
  • Stakeholders expect returns.
  • A key stakeholder.","股东/员工/社区等。","interest","",""
"turnover","/ˈtɜːnəʊvə/","n.","商业金融","义1. 营业额；周转率；流失率","义1:
  • Annual turnover rose.
  • Staff turnover is high.
  • Inventory turnover.","销售/人事/库存多义。","revenue、churn","",""
"capitalise","/ˈkæpɪtəlaɪz/","v.","商业金融","义1. 利用；资本化","义1:
  • Capitalise on the trend.
  • Capitalise the cost.
  • They capitalised the gain.","capitalise on 利用机会。","exploit、use","",""
"collateral","/kəˈlætərəl/","n.","商业金融","义1. 抵押品","义1:
  • Pledge collateral for the loan.
  • The collateral secures debt.
  • Seize the collateral.","担保物。","security","",""
"insolvent","/ɪnˈsɒlvənt/","adj.","商业金融","义1. 资不抵债的","义1:
  • The firm went insolvent.
  • An insolvent debtor.
  • Declare insolvent.","无法偿债；反义 solvent。","bankrupt","solvent","insolvent 法律‘无偿债能力’；bankrupt 已破产。"
"projection","/prəˈdʒekʃn/","n.","商业金融","义1. （财务）预测","义1:
  • The projection shows profit.
  • Revise the projection.
  • A five-year projection.","前瞻估算。","forecast","",""
"due diligence","/ˌdjuː ˈdɪlɪdʒəns/","n.","商业金融","义1. 尽职调查","义1:
  • Do due diligence before buying.
  • The due diligence found risks.
  • Skip due diligence at peril.","交易前核查。","","",""
"monopoly","/məˈnɒpəli/","n.","商业金融","义1. 垄断","义1:
  • The firm holds a monopoly.
  • Break the monopoly.
  • A natural monopoly.","独占市场；反义 competition。","","competition",""
"hedge","/hedʒ/","v./n.","商业金融","义1. 对冲； hedging","义1:
  • Hedge the currency risk.
  • A hedge against inflation.
  • They hedged the bet.","降低风险的反向操作。","offset","",""
"yield","/jiːld/","n./v.","商业金融","义1. 收益；产出","义1:
  • The bond yield fell.
  • Yield to maturity.
  • The crop yield rose.","投资回报/农业产量。","return、output","",""
"inflation","/ɪnˈfleɪʃn/","n.","商业金融","义1. 通货膨胀","义1:
  • Inflation eroded savings.
  • Tame inflation.
  • Inflation hit 9%.","物价普遍上涨；反义 deflation。","","deflation",""
"fiscal","/ˈfɪskl/","adj.","商业金融","义1. 财政的","义1:
  • Fiscal policy stimulates.
  • The fiscal year ends in June.
  • Fiscal deficit.","政府收支；反义 monetary（货币）。","","","fiscal 财政；monetary 货币。"
"sortie","/ˈsɔːti/","n.","军事国防","义1. （军机）出击；出击架次","义1:
  • The squadron flew a sortie.
  • A night sortie.
  • Count the sorties.","单次作战出动。","raid、mission","",""
"convoy","/ˈkɒnvɔɪ/","n.","军事国防","义1. 护航队；车队","义1:
  • A convoy crossed the sea.
  • Escort the convoy.
  • The aid convoy.","受护送的编队。","escort","",""
"garrison","/ˈɡærɪsn/","n./v.","军事国防","义1. 驻军；卫戍","义1:
  • The garrison held the fort.
  • Garrison the town.
  • A weak garrison.","常驻防守部队。","post、station","",""
"armistice","/ˈɑːmɪstɪs/","n.","军事国防","义1. 停战（协定）","义1:
  • An armistice ended the war.
  • Sign an armistice.
  • The armistice held.","暂停敌对；≠ peace treaty（和约）。","ceasefire","war","armistice 正式停战；ceasefire 交火暂停。"
"morale","/məˈrɑːl/","n.","军事国防","义1. 士气","义1:
  • Morale is low.
  • Boost troop morale.
  • Morale decided the battle.","斗志；也用于民间。","spirit","despair",""
"kinetic","/kɪˈnetɪk/","adj.","军事国防","义1. （武力）实弹/动能的","义1:
  • A kinetic strike.
  • Shift from cyber to kinetic.
  • Kinetic action.","与‘非动能’（网络/经济）相对。","","",""
"asymmetric","/ˌeɪsɪˈmetrɪk/","adj.","军事国防","义1. 不对称的（ warfare）","义1:
  • Asymmetric warfare favours the weak.
  • An asymmetric threat.
  • Asymmetric tactics.","弱对强的非常规战。","","symmetric",""
"reconnaissance","/rɪˈkɒnɪsns/","n.","军事国防","义1. 侦察","义1:
  • Send a reconnaissance drone.
  • Aerial reconnaissance.
  • The reconnaissance found the camp.","侦察（简写 recce）。","scouting","",""
"logistics","/ləˈdʒɪstɪks/","n.","军事国防","义1. 后勤；物流","义1:
  • Logistics won the war.
  • Fix the supply logistics.
  • Military logistics.","补给调动；也通用物流。","supply","",""
"decoy","/ˈdiːkɔɪ/","n.","军事国防","义1. 诱饵","义1:
  • Use a decoy to mislead.
  • The decoy drew fire.
  • A radar decoy.","迷惑敌方之物。","lure","",""
"bunker","/ˈbʌŋkə/","n.","军事国防","义1. 地堡；掩体","义1:
  • They hid in the bunker.
  • A concrete bunker.
  • Storm the bunker.","防御工事；也指高尔夫沙坑。","shelter","",""
"blockade","/blɒˈkeɪd/","n./v.","军事国防","义1. 封锁","义1:
  • A naval blockade.
  • Blockade the port.
  • Lift the blockade.","阻断进出。","seal","open",""
"artillery","/ɑːˈtɪləri/","n.","军事国防","义1. 炮兵；火炮","义1:
  • The artillery shelled the ridge.
  • Move the artillery.
  • Artillery support.","重型火炮部队。","guns","",""
"deploy","/dɪˈplɔɪ/","v.","军事国防","义1. 部署","义1:
  • Deploy the troops.
  • Deploy the missile.
  • Deploy assets fast.","调配到位；也用于软件发布。","station、dispatch","",""
"besiege","/bɪˈsiːdʒ/","v.","军事国防","义1. 围困；包围","义1:
  • They besieged the city.
  • The fort was besieged.
  • Besiege the enemy.","长期围城；也喻‘涌入’。","surround、beset","","besiege 军事围城；beset 困境缠身。"
"munitions","/mjuˈnɪʃnz/","n.","军事国防","义1. 军火；弹药","义1:
  • Ship the munitions.
  • Munitions ran low.
  • A munitions depot.","武器弹药统称。","ammunition","",""
"frontline","/ˈfrʌntlaɪn/","n./adj.","军事国防","义1. 前线","义1:
  • He served on the frontline.
  • Frontline units.
  • The frontline shifted.","作战最前沿；也喻一线。","front","rear",""
"espionage","/ˈespiənɑːʒ/","n.","军事国防","义1. 间谍活动","义1:
  • Espionage hurt the state.
  • Charge him with espionage.
  • Industrial espionage.","间谍；spy 同源。","spying","",""
"demobilise","/diːˈməʊbəlaɪz/","v.","军事国防","义1. 复员；遣散","义1:
  • Demobilise the army.
  • After the war, demobilise.
  • Troops were demobilised.","解散军队回民间。","stand down","mobilise",""
"salvo","/ˈsælvəʊ/","n.","军事国防","义1. 齐射；齐发","义1:
  • A salvo of shells.
  • The battery fired a salvo.
  • A salvo of applause.","同时多发；也喻‘一阵’。","volley","",""
"warhead","/ˈwɔːhed/","n.","军事国防","义1. 弹头","义1:
  • A nuclear warhead.
  • The warhead detonated.
  • Fit the warhead.","导弹前端战斗部。","","",""
"offside","/ˌɒfˈsaɪd/","adj./n.","体育","义1. （足球等）越位","义1:
  • The goal was offside.
  • Flag for offside.
  • He was caught offside.","进攻方接球位置违规。","","onside",""
"dribble","/ˈdrɪbl/","v.","体育","义1. （篮球/足球）运球","义1:
  • Dribble past the defender.
  • He dribbled up the wing.
  • Dribble the ball.","带球推进。","","",""
"sprint","/sprɪnt/","n./v.","体育","义1. 短跑；冲刺","义1:
  • A 100m sprint.
  • Sprint to the line.
  • The final sprint.","全力短距跑。","dash","jog","sprint 全力冲刺；dash 快速短跑。"
"backhand","/ˈbækhænd/","n./adj.","体育","义1. 反手（击球）","义1:
  • A crisp backhand.
  • She hit a backhand.
  • The backhand winner.","网球/乒乓反手。","","forehand",""
"forehand","/ˈfɔːhænd/","n.","体育","义1. 正手","义1:
  • A powerful forehand.
  • He sliced the forehand.
  • The forehand cross.","正手击球。","","backhand",""
"set piece","/ˈset piːs/","n.","体育","义1. （足球）定位球战术","义1:
  • A clever set piece.
  • Score from a set piece.
  • Rehearse the set piece.","任意球/角球套路。","","",""
"hat-trick","/ˈhæt trɪk/","n.","体育","义1. （足球）帽子戏法（独进3球）","义1:
  • He scored a hat-trick.
  • A hat-trick in ten minutes.
  • The hat-trick won it.","单场三球；也泛指三连。","","",""
"peloton","/ˈpelətɒn/","n.","体育","义1. （自行车赛）主集团","义1:
  • The peloton broke up.
  • He sat in the peloton.
  • The peloton surged.","大部队；环法术语。","pack","",""
"relay","/ˈriːleɪ/","n.","体育","义1. 接力；接力赛","义1:
  • A 4x100m relay.
  • Run the relay leg.
  • The relay team.","交接棒项目。","","",""
"podium","/ˈpəʊdiəm/","n.","体育","义1. 领奖台","义1:
  • He reached the podium.
  • A podium finish.
  • Step on the podium.","前三等奖台。","","",""
"free throw","/ˈfriː θrəʊ/","n.","体育","义1. （篮球）罚球","义1:
  • Sink the free throw.
  • Two free throws.
  • Miss the free throw.","无人防守的罚球。","","",""
"smash","/smæʃ/","n./v.","体育","义1. （网球/羽球）扣杀","义1:
  • A thunderous smash.
  • He smashed it down.
  • The smash won the point.","高压扣杀。","","",""
"marathon","/ˈmærəθən/","n.","体育","义1. 马拉松","义1:
  • Run a marathon.
  • The marathon tested him.
  • A marathon of meetings.","42.195km；也喻‘漫长’。","","",""
"aggregate","/ˈæɡrɪɡət/","n./adj.","体育","义1. （两回合）总比分","义1:
  • Win on aggregate.
  • The aggregate was 5-3.
  • Aggregate score.","主客场合计。","total","",""
"penalty","/ˈpenəlti/","n.","体育","义1. 点球；罚则","义1:
  • A penalty in the box.
  • Miss the penalty.
  • The penalty was harsh.","犯规判罚；足球点球。","foul shot","",""
"heat","/hiːt/","n.","体育","义1. （预赛）小组赛；热","义1:
  • Win the heat.
  • The first heat.
  • Advance from the heat.","淘汰赛前的轮次。","qualifier","final",""
"slider","/ˈslaɪdə/","n.","体育","义1. （棒球）滑球；滑板者","义1:
  • Throw a slider.
  • The slider broke late.
  • A rail slider.","棒球横向变化球。","","",""
"rally","/ˈræli/","n./v.","体育","义1. （网球）对拉；集会","义1:
  • A long rally.
  • They rallied from 0-2.
  • The rally ended.","来回对打；也‘重振’。","exchange","",""
"teammate","/ˈtiːmmeɪt/","n.","体育","义1. 队友","义1:
  • Trust your teammate.
  • A selfless teammate.
  • He thanked his teammates.","同队伙伴。","partner","opponent",""
"lane","/leɪn/","n.","体育","义1. 泳道；赛道；车道","义1:
  • Stay in your lane.
  • Lane four.
  • Switch lanes.","分道线内区域。","track","",""
"fixture","/ˈfɪkstʃə/","n.","体育","义1. （赛程）固定比赛","义1:
  • A tough fixture.
  • The fixture list.
  • Postpone the fixture.","既定赛事。","match、game","",""
"substitution","/ˌsʌbstɪˈtjuːʃn/","n.","体育","义1. 换人","义1:
  • A late substitution.
  • Make a substitution.
  • The substitution changed the game.","替补上场。","swap","",""
"tackle","/ˈtækl/","v./n.","体育","义1. （橄榄/足球）抢断；铲球","义1:
  • Tackle the runner.
  • A clean tackle.
  • He was tackled.","阻截持球者。","","",""
"NPC","/ˌen piː ˈsiː/","n.","游戏","义1. 非玩家角色","义1:
  • The NPC gave a quest.
  • Talk to the NPC.
  • An NPC blocks the path.","non-player character；由 AI 控制。","","player",""
"spawn","/spɔːn/","v.","游戏","义1. 生成；刷出","义1:
  • Enemies spawn at night.
  • Spawn the item.
  • The boss spawned.","怪物/物件出现。","appear","",""
"loot","/luːt/","n./v.","游戏","义1. 战利品；拾取","义1:
  • Grab the loot.
  • Loot the chest.
  • Rare loot dropped.","掉落物；也泛指掠夺。","plunder、drop","",""
"respawn","/riːˈspɔːn/","v.","游戏","义1. 复活；重生","义1:
  • You respawn at base.
  • Respawn after death.
  • The timer to respawn.","死亡后重新出现。","","",""
"aggro","/ˈæɡrəʊ/","n./v.","游戏","义1. 仇恨；引怪","义1:
  • Don’t pull aggro.
  • The tank holds aggro.
  • He aggroed the camp.","aggravation 缩写；敌意/嘲讽值。","threat、enmity","",""
"grind","/ɡraɪnd/","n./v.","游戏","义1. 刷（重复练级）","义1:
  • Grind for levels.
  • The daily grind.
  • Grind the same boss.","枯燥重复以获取资源。","farm","","grind 偏重复刷；farm 偏刷资源。"
"buff","/bʌf/","n./v.","游戏","义1. 增益（效果）","义1:
  • A damage buff.
  • Buff the ally.
  • The buff expired.","正面状态；反义 nerf/debuff。","boost","debuff、nerf","buff 增强；nerf 削弱。"
"debuff","/diːˈbʌf/","n.","游戏","义1. 减益（负面状态）","义1:
  • A slow debuff.
  • Cleansed the debuff.
  • The debuff lingers.","负面效果；反义 buff。","penalty","buff",""
"mob","/mɒb/","n.","游戏","义1. （成群的）怪物","义1:
  • A mob ambushed us.
  • Pull one mob at a time.
  • The mob respawned.","mobile object 缩写；敌群。","enemy","",""
"quest","/kwest/","n.","游戏","义1. 任务；支线","义1:
  • Accept the quest.
  • A side quest.
  • Finish the main quest.","游戏目标线。","mission","",""
"camp","/kæmp/","v.","游戏","义1. 蹲点；守（刷怪点）","义1:
  • Camp the spawn.
  • They camped the boss.
  • Don’t camp the lane.","长时间占据某点。","wait","",""
"meta","/ˈmetə/","n./adj.","游戏","义1. 版本强势套路","义1:
  • The current meta.
  • A meta pick.
  • The meta shifted.","most effective tactics available。","","",""
"patch","/pætʃ/","n./v.","游戏","义1. 补丁；更新","义1:
  • A new patch nerfed him.
  • Patch the bug.
  • Wait for the patch.","版本更新（常调整平衡）。","update","",""
"PvP","/ˌpiː viː ˈpiː/","n.","游戏","义1. 玩家对战","义1:
  • PvP mode opened.
  • Win at PvP.
  • PvP versus PvE.","player versus player；PvE 打环境。","","PvE",""
"PvE","/ˌpiː viː ˈiː/","n.","游戏","义1. 玩家对环境（打怪）","义1:
  • A PvE raid.
  • PvE content.
  • PvE vs PvP.","player versus environment。","","PvP",""
"lag","/læɡ/","n./v.","游戏","义1. 延迟；卡顿","义1:
  • The lag cost the kill.
  • Lag spiked.
  • Reduce lag.","网络/帧延迟。","delay","",""
"horde","/hɔːd/","n.","游戏","义1. （大群）怪/兵","义1:
  • A horde swarmed in.
  • Defend against the horde.
  • The undead horde.","成群的敌。","swarm、mob","",""
"rng","/ˌɑːr en ˈdʒiː/","n.","游戏","义1. 随机性（random number generator）","义1:
  • The drop is pure rng.
  • RNG decided the fight.
  • Bad rng again.","运气成分。","","",""
"cooldown","/ˈkuːldaʊn/","n.","游戏","义1. 冷却时间","义1:
  • The skill is on cooldown.
  • Wait for cooldown.
  • A short cooldown.","技能再次可用的等待。","CD","",""
"grief","/ɡriːf/","v.","游戏","义1. 恶意破坏（队友）","义1:
  • He griefed the team.
  • Griefing is banned.
  • A griefer ruined it.","故意坑害（源于 grief 悲伤，游戏贬用）。","sabotage","",""
"build","/bɪld/","n.","游戏","义1. （角色）配装/加点","义1:
  • A tank build.
  • Optimise the build.
  • A glass-cannon build.","属性/装备方案。","","",""
"franchise","/ˈfræntʃaɪz/","n.","媒体影视","义1. （影视）系列 IP；特许经营","义1:
  • A film franchise.
  • The franchise spans ten films.
  • Expand the franchise.","漫威式系列；也指加盟经营。","","",""
"cinematography","/ˌsɪnəməˈtɒɡrəfi/","n.","媒体影视","义1. 摄影（艺术）","义1:
  • The cinematography is stunning.
  • Award for cinematography.
  • The film’s cinematography.","电影画面手法。","","",""
"diegetic","/daɪəˈdʒetɪk/","adj.","媒体影视","义1. （声音）故事内的","义1:
  • Diegetic music from the radio.
  • A diegetic sound.
  • Non-diegetic score vs diegetic.","画内声（角色能听见）；non-diegetic 配乐角色听不见。","","non-diegetic",""
"jump cut","/ˈdʒʌmp kʌt/","n.","媒体影视","义1. 跳切","义1:
  • A jarring jump cut.
  • Use a jump cut for pace.
  • The jump cut broke flow.","打破连续的剪辑。","","",""
"close-up","/ˈkləʊs ʌp/","n.","媒体影视","义1. 特写","义1:
  • A close-up of the eyes.
  • Cut to a close-up.
  • The close-up lingers.","近距镜头。","","wide shot",""
"voiceover","/ˈvɔɪsəʊvə/","n.","媒体影视","义1. 画外音","义1:
  • A sombre voiceover.
  • Add a voiceover.
  • The voiceover narrates.","VO；幕后旁白。","","",""
"binge-watch","/ˈbɪndʒ wɒtʃ/","v.","媒体影视","义1. 刷剧","义1:
  • Binge-watch the season.
  • They binge-watched all night.
  • Binge-watch responsibly.","连续观看多集。","","",""
"spin-off","/ˈspɪn ɒf/","n.","媒体影视","义1. 衍生剧/衍生作","义1:
  • A spin-off of the show.
  • The spin-off premiered.
  • A profitable spin-off.","从原作衍生的新作。","","",""
"cameo","/ˈkæmiəʊ/","n.","媒体影视","义1. 客串","义1:
  • A celebrity cameo.
  • He made a cameo.
  • The cameo delighted fans.","名人短暂现身。","","",""
"showrunner","/ˈʃəʊrʌnə/","n.","媒体影视","义1. （剧集）主创/总制片","义1:
  • The showrunner quit.
  • A visionary showrunner.
  • The showrunner shaped it.","美剧掌舵人。","","",""
"reenact","/ˌriːɪˈnækt/","v.","媒体影视","义1. 翻拍；重现","义1:
  • Reenact the battle.
  • The film reenacts events.
  • Reenact the scene.","重演史实/情节。","restage","",""
"anime","/ˈænɪmeɪ/","n.","媒体影视","义1. 日本动画","义1:
  • Anime is huge worldwide.
  • Watch the anime.
  • The anime adapts the manga.","日源词；动画风格。","","",""
"premiere","/ˈpremieə/","n./v.","媒体影视","义1. 首映","义1:
  • The premiere sold out.
  • Premiere the film.
  • A star-studded premiere.","首次公映。","opening","",""
"documentary","/ˌdɒkjuˈmentri/","n./adj.","媒体影视","义1. 纪录片","义1:
  • A climate documentary.
  • Shoot a documentary.
  • The documentary won.","纪实影片。","","",""
"trailer","/ˈtreɪlə/","n.","媒体影视","义1. 预告片","义1:
  • Watch the trailer.
  • The trailer dropped.
  • Cut a tight trailer.","上映前短片。","teaser","","trailer 正式预告；teaser 先导 short。"
"cast","/kɑːst/","n./v.","媒体影视","义1. 演员阵容；选角","义1:
  • A stellar cast.
  • Cast the lead.
  • The cast reunited.","全体演员。","actors","",""
"rating","/ˈreɪtɪŋ/","n.","媒体影视","义1. 分级；收视/评分","义1:
  • A PG rating.
  • The show’s rating fell.
  • High IMDb rating.","年龄分级或评价分。","score、grade","",""
"reenactment","/ˌriːɪˈnæktmənt/","n.","媒体影视","义1. 重演（活动）","义1:
  • A civil-war reenactment.
  • The reenactment drew crowds.
  • Historical reenactment.","史实再现表演。","","",""
"streaming","/ˈstriːmɪŋ/","n./adj.","媒体影视","义1. 流媒体（播放）","义1:
  • Streaming changed TV.
  • A streaming platform.
  • Watch via streaming.","在线即时播放。","","",""
"encryption","/ɪnˈkrɪpʃn/","n.","科技工程","义1. 加密","义1:
  • Encryption protects the data.
  • End-to-end encryption is default.
  • They broke the encryption.","动词 encrypt；反义 decryption。","coding、scrambling","decryption",""
"biometric","/ˌbaɪəʊˈmetrɪk/","adj.","科技工程","义1. 生物识别的","义1:
  • Biometric login is faster.
  • The phone uses biometric ID.
  • Biometric gates control access.","指指纹/人脸/虹膜等身体特征识别。","biological","",""
"blockchain","/ˈblɒktʃeɪn/","n.","科技工程","义1. 区块链","义1:
  • The blockchain records every trade.
  • Blockchain enables trustless ledgers.
  • They built a private blockchain.","去中心化、不可篡改的分布式账本。","","",""
"middleware","/ˈmɪdlweə/","n.","科技工程","义1. 中间件","义1:
  • Middleware links the services.
  • The app talks via middleware.
  • We added a message middleware.","位于应用与系统之间的连接层软件。","","",""
"repository","/rɪˈpɒzətri/","n.","科技工程","义1. 仓库（代码/存储库）","义1:
  • Clone the repository.
  • The repository holds all versions.
  • Push your changes to the repo.","口语 repo；版本控制系统中的存储库。","repo、store","",""
"sandbox","/ˈsænbɒks/","n.","科技工程","义1. 沙箱；隔离运行环境","义1:
  • Run it in a sandbox.
  • The sandbox blocks network calls.
  • A sandbox isolates untrusted code.","用于安全测试，限制程序权限。","isolated environment","",""
"virtualization","/ˌvɜːtʃuəlaɪˈzeɪʃn/","n.","科技工程","义1. 虚拟化","义1:
  • Virtualization splits one server.
  • We use virtualization for testing.
  • Storage virtualization pools disks.","用软件模拟硬件资源。","emulation","",""
"container","/kənˈteɪnə/","n.","科技工程","义1. 容器（轻量虚拟化单元）","义1:
  • Ship the app in a container.
  • Containers start in seconds.
  • Orchestrate the containers with Kubernetes.","比虚拟机更轻，共享内核；如 Docker。","pod","",""
"redundant","/rɪˈdʌndənt/","adj.","科技工程","义1. 冗余的（备份用）","义1:
  • Use redundant power supplies.
  • Redundant links prevent outage.
  • The array is fully redundant.","工程中冗余=备份以提高可靠性，非‘多余’贬义。","backup、superfluous","essential","redundant 在工程指‘刻意多备的’；superfluous 指‘不必要的多余’。"
"fault-tolerant","/ˈfɔːlt tɒlərənt/","adj.","科技工程","义1. 容错的","义1:
  • The system is fault-tolerant.
  • Fault-tolerant design avoids downtime.
  • It stays up via fault tolerance.","部分组件失效仍能运行。","","",""
"gradient","/ˈɡreɪdiənt/","n.","科技工程","义1. 梯度","义1:
  • Compute the gradient each step.
  • The gradient points downhill.
  • A steep gradient slows training.","机器学习中指损失函数变化方向。","slope","",""
"dataset","/ˈdeɪtəset/","n.","科技工程","义1. 数据集","义1:
  • Train on a larger dataset.
  • The dataset is labelled.
  • We split the dataset 80/20.","训练/评测模型用的数据集合。","corpus、data set","",""
"inference","/ˈɪnfərəns/","n.","科技工程","义1. 推理；模型推断","义1:
  • Run inference on the edge.
  • Inference is faster than training.
  • Latency during inference matters.","训练后模型‘用’数据做预测的阶段。","prediction","",""
"overfit","/ˌəʊvəˈfɪt/","v.","科技工程","义1. 过拟合","义1:
  • The model overfit the train set.
  • Regularize to avoid overfitting.
  • Overfitting hurts generalization.","模型死记训练数据，泛化差；反义 underfit。","","underfit",""
"compile","/kəmˈpaɪl/","v.","科技工程","义1. 编译","义1:
  • Compile before you run.
  • The code compiles cleanly.
  • It failed to compile on ARM.","源代码转机器码。","build","",""
"runtime","/ˈrʌntaɪm/","n.","科技工程","义1. 运行时","义1:
  • A runtime error stopped it.
  • The runtime manages memory.
  • Ship the runtime with the app.","程序执行阶段及支撑环境。","","",""
"open-source","/ˌəʊpən ˈsɔːs/","adj.","科技工程","义1. 开源的","义1:
  • Use an open-source library.
  • The project is open-source.
  • Open-source code is auditable.","源代码公开、可自由使用修改。","public","proprietary",""
"transistor","/trænˈzɪstə/","n.","科技工程","义1. 晶体管","义1:
  • A chip has billions of transistors.
  • The transistor switched the signal.
  • Transistors replaced vacuum tubes.","现代电子学基本开关元件。","","",""
"lithography","/lɪˈθɒɡrəfi/","n.","科技工程","义1. 光刻（制造工艺）","义1:
  • Lithography prints the circuits.
  • EUV lithography is cutting-edge.
  • Lithography limits chip size.","芯片制造中用光将电路图印到硅片。","","",""
"protocol","/ˈprəʊtəkɒl/","n.","科技工程","义1. 协议；规程","义1:
  • Use the HTTPS protocol.
  • The protocol defines the handshake.
  • Follow the safety protocol.","网络通信规则，也泛指规程。","standard、procedure","",""
"augment","/ɔːɡˈment/","v.","科技工程","义1. 增强；扩充","义1:
  • Augment the data with synthetic samples.
  • AI augments human work.
  • Augment reality with overlays.","常与‘augmented reality（AR）’连用。","enhance、boost","reduce","augment 偏‘补充使之更完整’；enhance 偏‘提升质量’。"
"tokenize","/ˈtəʊkənaɪz/","v.","科技工程","义1. 分词；令牌化","义1:
  • Tokenize the sentence first.
  • The model tokenizes input text.
  • Tokenize the card number for safety.","NLP 中切词；安全中指替换为令牌。","","",""
"embedding","/ɪmˈbedɪŋ/","n.","科技工程","义1. 嵌入（向量表示）","义1:
  • Word embeddings capture meaning.
  • The embedding maps words to vectors.
  • We fine-tune the embeddings.","把离散对象映射为连续向量。","","",""
"backpropagation","/ˌbækprɒpəˈɡeɪʃn/","n.","科技工程","义1. 反向传播","义1:
  • Training uses backpropagation.
  • Backpropagation updates the weights.
  • Backpropagation flows the error back.","神经网络训练时计算梯度的核心算法。","","",""
"hyperparameters","/ˌhaɪpəˈpærəmɪtəz/","n.","科技工程","义1. 超参数","义1:
  • Tune the hyperparameters.
  • Learning rate is a hyperparameter.
  • Hyperparameters are set by hand.","训练前设定、非模型自学的参数。","","",""
"regularization","/ˌreɡjələraɪˈzeɪʃn/","n.","科技工程","义1. 正则化","义1:
  • Add regularization to generalize.
  • L2 regularization penalizes weights.
  • Regularization fights overfitting.","约束模型复杂度以防过拟合。","","",""
"convergence","/kənˈvɜːdʒəns/","n.","科技工程","义1. 收敛","义1:
  • Watch for training convergence.
  • Convergence is slow here.
  • The series reached convergence.","指训练误差稳定下降不再大幅波动。","stabilization","divergence",""
"edge-computing","/edʒ kəmˈpjuːtɪŋ/","n.","科技工程","义1. 边缘计算","义1:
  • Edge computing cuts latency.
  • Run inference at the edge.
  • Edge computing avoids the cloud.","在数据产生端就近计算。","","",""
"distributed","/dɪˈstrɪbjuːtɪd/","adj.","科技工程","义1. 分布式的","义1:
  • A distributed system shares load.
  • We run a distributed database.
  • Distributed training uses many GPUs.","多节点协同，无单点。","decentralized","centralized",""
"satellite","/ˈsætəlaɪt/","n.","科技工程","义1. 卫星；人造卫星","义1:
  • Launch a communications satellite.
  • The satellite relayed the signal.
  • GPS uses a satellite constellation.","也喻指附庸（satellite state）。","","",""
"drone","/drəʊn/","n.","科技工程","义1. 无人机；遥控飞行器","义1:
  • The drone mapped the field.
  • A military drone struck the target.
  • Delivery drones are being tested.","无人驾驶的飞行/航行器。","UAV","",""
"sensor","/ˈsensə/","n.","科技工程","义1. 传感器","义1:
  • The sensor reads temperature.
  • Lidar uses laser sensors.
  • A faulty sensor triggered the alarm.","把物理量转为信号的器件。","","",""
"telemetry","/təˈlemətri/","n.","科技工程","义1. 遥测","义1:
  • Telemetry showed rising heat.
  • We stream telemetry from the rover.
  • Loss of telemetry ended the test.","远程测量并传回数据。","","",""
"autonomous","/ɔːˈtɒnəməs/","adj.","科技工程","义1. 自主的；自动的","义1:
  • An autonomous car drove itself.
  • The drone is autonomous.
  • Autonomous systems make local decisions.","无需人实时干预。","self-governing、automatic","remote-controlled",""
"calibrate","/ˈkælɪbreɪt/","v.","科技工程","义1. 校准","义1:
  • Calibrate the sensor first.
  • We calibrated the scale.
  • Calibrate before each run.","调整使测量准确。","adjust、tune","",""
"modulate","/ˈmɒdjuleɪt/","v.","科技工程","义1. 调制；调节","义1:
  • Modulate the signal's amplitude.
  • She modulated her voice.
  • Modulate power to save energy.","改变载波参数以载信息；也指调节语气。","adjust、vary","",""
"dividend","/ˈdɪvɪdend/","n.","商业金融","义1. 股息；红利","义1:
  • The firm paid a dividend.
  • Dividends reward shareholders.
  • Cut the dividend to save cash.","公司分给股东的利润份额。","","",""
"solvency","/ˈsɒlvənsi/","n.","商业金融","义1. 偿付能力","义1:
  • Regulators check solvency.
  • The bank's solvency is sound.
  • Low capital hurts solvency.","反义 insolvency（资不抵债）。","soundness","insolvency",""
"insolvency","/ɪnˈsɒlvənsi/","n.","商业金融","义1. 资不抵债；破产（财务）","义1:
  • Insolvency forced a sale.
  • The court declared insolvency.
  • Insolvency risks spread fast.","资产小于负债。","bankruptcy","solvency","insolvency 偏财务状态；bankruptcy 偏法律程序。"
"deflation","/ˌdiːˈfleɪʃn/","n.","商业金融","义1. 通货紧缩","义1:
  • Deflation slowed spending.
  • Japan fought deflation for years.
  • Deflation raises real debt.","物价普遍下降，常伴需求疲软。","","inflation",""
"recession","/rɪˈseʃn/","n.","商业金融","义1. 经济衰退","义1:
  • The economy entered recession.
  • Two quarters of decline is a recession.
  • Recession cut tax revenue.","通常定义为连续两季 GDP 负增长。","downturn","boom",""
"monetary","/ˈmʌnɪtri/","adj.","商业金融","义1. 货币的","义1:
  • Monetary policy sets rates.
  • The monetary base grew.
  • Monetary easing boosted credit.","央行利率/货币供给政策。","","",""
"diversification","/daɪˌvɜːsɪfɪˈkeɪʃn/","n.","商业金融","义1. 分散；多元化","义1:
  • Diversification lowers risk.
  • They sought geographic diversification.
  • Diversification spread the bets.","投资中‘不把鸡蛋放一个篮子’。","spreading","concentration",""
"portfolio","/pɔːtˈfəʊliəʊ/","n.","商业金融","义1. 投资组合；作品集","义1:
  • A balanced portfolio helps.
  • Rebalance your portfolio yearly.
  • Her portfolio won the pitch.","金融资产组合，也指设计师作品集。","holdings","",""
"accrual","/əˈkruːəl/","n.","商业金融","义1. 应计；累计","义1:
  • Use accrual accounting.
  • Interest accrual builds monthly.
  • Accruals match cost to revenue.","权责发生制下，按发生而非收付记账。","","",""
"depreciation","/dɪˌpriːʃiˈeɪʃn/","n.","商业金融","义1. 折旧；贬值","义1:
  • Depreciation lowers taxable income.
  • The car's depreciation is steep.
  • Account for depreciation yearly.","资产价值随时间摊销；currency depreciation 指货币贬值。","devaluation","appreciation","depreciation 多指资产/账面；devaluation 指货币官方贬值。"
"goodwill","/ɡʊdˈwɪl/","n.","商业金融","义1. 商誉","义1:
  • They paid for the goodwill.
  • Goodwill appears on the balance sheet.
  • Brand builds goodwill.","收购价超出净资产的部分，无形资产。","","",""
"derivative","/dɪˈrɪvətɪv/","n.","商业金融","义1. 衍生品（金融）","义1:
  • Options are derivatives.
  • Derivatives hedge price risk.
  • The derivatives market is huge.","价值派生自标的资产（期权/期货等）。","","",""
"securitization","/sɪˌkjʊərɪtaɪˈzeɪʃn/","n.","商业金融","义1. 证券化","义1:
  • Securitization pooled the loans.
  • Mortgage securitization grew fast.
  • Securitization spread the risk.","把资产打包成可交易证券。","","",""
"underwriting","/ˈʌndəraɪtɪŋ/","n.","商业金融","义1. 承销；承保","义1:
  • Banks do the underwriting.
  • Underwriting sets the IPO price.
  • Insurers price the underwriting.","投行/保险承担发行或风险。","","",""
"prospectus","/prəˈspektəs/","n.","商业金融","义1. 招股说明书；简章","义1:
  • Read the prospectus first.
  • The prospectus lists the risks.
  • File the prospectus with regulators.","发行前披露文件。","offering document","",""
"default","/dɪˈfɔːlt/","n./v.","商业金融","义1. 违约；默认值","义1:
  • The loan went into default.
  • They defaulted on the bond.
  • Accept the default setting.","金融指未履约；软件指默认选项。","non-payment、failure","repayment",""
"bankruptcy","/ˈbæŋkrʌptsi/","n.","商业金融","义1. 破产（法律）","义1:
  • The firm filed for bankruptcy.
  • Bankruptcy shields from creditors.
  • Bankruptcy wiped the equity.","资不抵债时的法律程序。","insolvency","","bankruptcy=法律程序；insolvency=财务状态。"
"acquisition","/ˌækwɪˈzɪʃn/","n.","商业金融","义1. 收购","义1:
  • The acquisition cost $2bn.
  • They made a hostile acquisition.
  • Acquisition expands the footprint.","买入另一公司控制权。","takeover、purchase","",""
"divest","/daɪˈvest/","v.","商业金融","义1. 剥离；撤资","义1:
  • They divested the unit.
  • Divest from fossil fuels.
  • Divesting raised cash.","卖掉资产/业务；反义 invest。","sell off、dispose","invest、acquire",""
"bailout","/ˈbeɪlaʊt/","n.","商业金融","义1. 纾困；紧急救助","义1:
  • The bailout saved the bank.
  • Taxpayers funded the bailout.
  • A bailout avoids collapse.","政府/外部注资救危困机构。","rescue","",""
"subsidy","/ˈsʌbsədi/","n.","商业金融","义1. 补贴","义1:
  • The farm got a subsidy.
  • Remove the subsidy to cut cost.
  • Subsidies distort markets.","政府财政支持特定行业。","grant、aid","",""
"tariff","/ˈtærɪf/","n.","商业金融","义1. 关税","义1:
  • The tariff hit imports.
  • They raised the tariff on steel.
  • Tariffs spark trade wars.","对进出口商品征的税。","duty、levy","",""
"quota","/ˈkwəʊtə/","n.","商业金融","义1. 配额；限额","义1:
  • A quota capped the exports.
  • Hit your sales quota.
  • The fishing quota was cut.","定量上限，贸易或业绩均可。","limit、allowance","",""
"deficit","/ˈdefɪsɪt/","n.","商业金融","义1. 赤字；逆差","义1:
  • The budget ran a deficit.
  • A trade deficit widened.
  • The deficit needs financing.","支出大于收入；反义 surplus。","shortfall","surplus",""
"surplus","/ˈsɜːpləs/","n.","商业金融","义1. 盈余；顺差","义1:
  • A trade surplus helped growth.
  • The surplus was reinvested.
  • Budget surplus funds schools.","收入大于支出。","excess","deficit",""
"bond","/bɒnd/","n.","商业金融","义1. 债券","义1:
  • Buy government bonds for safety.
  • The bond yields 4%.
  • They issued a green bond.","借款凭证，付固定利息。","debt security","",""
"IPO","/ˌaɪ piː ˈəʊ/","n.","商业金融","义1. 首次公开募股","义1:
  • The firm plans an IPO.
  • The IPO priced at $20.
  • IPO pop rewarded early backers.","公司首次上市发行股票。","listing、float","",""
"venture","/ˈventʃə/","n.","商业金融","义1. 风险投资；冒险","义1:
  • A venture funded the startup.
  • They launched a new venture.
  • Venture capital is risky.","venture capital 指风投。","startup、risk","",""
"capital","/ˈkæpɪtl/","n.","商业金融","义1. 资本；资金","义1:
  • Raise more capital.
  • Human capital drives growth.
  • The capital was deployed.","可用于生产的资金/资产。","funds、resources","",""
"asset","/ˈæset/","n.","商业金融","义1. 资产","义1:
  • The asset was sold.
  • Intangibles are assets too.
  • They froze the stolen assets.","可为公司带来利益的资源；反义 liability。","holding、resource","liability",""
"liability","/ˌlaɪəˈbɪləti/","n.","商业金融","义1. 负债；责任","义1:
  • The liability was disclosed.
  • Pensions are a liability.
  • Limit your legal liability.","欠他人的债务或义务。","debt、obligation","asset",""
"revenue","/ˈrevənjuː/","n.","商业金融","义1. 营收；收入","义1:
  • Revenue grew 10%.
  • Recurring revenue is stable.
  • The unit turned a revenue.","总销售收入，未扣成本；profit 是净利。","sales、income","","revenue=营收总额；profit=扣成本后利润。"
"churn","/tʃɜːn/","n.","商业金融","义1. 客户流失（率）","义1:
  • Reduce customer churn.
  • High churn hurts growth.
  • The churn rate fell.","订阅/服务中客户退出比例。","turnover","",""
"battalion","/bəˈtæliən/","n.","军事国防","义1. 营（军队编制）","义1:
  • The battalion advanced at dawn.
  • A battalion held the ridge.
  • He commands a battalion.","通常含数连。","","",""
"brigade","/brɪˈɡeɪd/","n.","军事国防","义1. 旅（编制）","义1:
  • The brigade rotated home.
  • An armored brigade deployed.
  • The brigade trained for weeks.","大于营、小于师。","","",""
"division","/dɪˈvɪʒn/","n.","军事国防","义1. 师（编制）","义1:
  • The division broke through.
  • A motorized division moved north.
  • The division number is 3rd.","大型战术单位。","","",""
"platoon","/pləˈtuːn/","n.","军事国防","义1. 排（编制）","义1:
  • The platoon took the hill.
  • A platoon is led by a lieutenant.
  • The platoon dug in.","小于连。","","",""
"ordnance","/ˈɔːdnəns/","n.","军事国防","义1. 火炮；军械","义1:
  • The ordnance battered the wall.
  • Heavy ordnance was deployed.
  • Ordnance disposal cleared the bomb.","重型火炮与军械总称。","artillery、weapons","",""
"infantry","/ˈɪnfəntri/","n.","军事国防","义1. 步兵","义1:
  • The infantry led the assault.
  • Infantry held the village.
  • Mechanized infantry moved fast.","徒步或轻型机动地面兵种。","foot soldiers","",""
"cavalry","/ˈkævlri/","n.","军事国防","义1. 骑兵；装甲骑兵","义1:
  • Cavalry routed the flank.
  • Modern cavalry means tanks.
  • The cavalry arrived late.","传统骑马兵，今多指装甲/机动部队。","","",""
"amphibious","/æmˈfɪbiəs/","adj.","军事国防","义1. 两栖的","义1:
  • An amphibious landing began.
  • They trained for amphibious war.
  • Amphibious forces crossed the strait.","海空陆协同登陆作战。","","",""
"deployment","/dɪˈplɔɪmənt/","n.","军事国防","义1. 部署；调动","义1:
  • The deployment took a week.
  • Troop deployment drew protests.
  • A rapid deployment force stood ready.","部队/装备的前置布署。","stationing、dispatch","",""
"ceasefire","/ˈsiːsfaɪə/","n.","军事国防","义1. 停火","义1:
  • They agreed a ceasefire.
  • The ceasefire held for a day.
  • Violate the ceasefire and talks end.","交战方暂停敌对行动。","truce、armistice","hostilities","ceasefire 较短暂/局部；armistice 多为正式停战协定。"
"demilitarized","/diːˈmɪlɪtəraɪzd/","adj.","军事国防","义1. 非军事化的","义1:
  • A demilitarized zone was set.
  • The border is demilitarized.
  • They withdrew to demilitarized land.","禁止驻军/设防的区域（DMZ）。","","militarized",""
"insurgent","/ɪnˈsɜːdʒənt/","n./adj.","军事国防","义1. 叛乱者；起义的","义1:
  • Insurgents seized the town.
  • The insurgent group scattered.
  • Insurgent attacks resumed.","反政府武装人员。","rebel","loyalist",""
"militia","/məˈlɪʃə/","n.","军事国防","义1. 民兵","义1:
  • The militia defended the village.
  • Local militia joined the fight.
  • A tribal militia patrols here.","非正规、地方武装。","irregulars","",""
"guerrilla","/ɡəˈrɪlə/","n./adj.","军事国防","义1. 游击队员；游击的","义1:
  • Guerrillas hit at night.
  • They waged guerrilla war.
  • Guerrilla tactics exhausted the army.","非对称、袭扰式作战。","irregular fighter","",""
"airstrike","/ˈeəstraɪk/","n.","军事国防","义1. 空袭","义1:
  • An airstrike hit the base.
  • They called an airstrike.
  • The airstrike missed the target.","飞机实施的打击。","air raid","",""
"ballistic","/bəˈlɪstɪk/","adj.","军事国防","义1. 弹道的","义1:
  • A ballistic missile launched.
  • Ballistic trajectories arc high.
  • They tracked the ballistic path.","指受重力抛射的（导弹）。","","",""
"deterrent","/dɪˈterənt/","n.","军事国防","义1. 威慑（力量）","义1:
  • Nuclear weapons are a deterrent.
  • Deterrents prevent attack.
  • The deterrent failed to stop them.","以报复能力阻止对手。","restraint","",""
"escalate","/ˈeskəleɪt/","v.","军事国防","义1. 升级（冲突）","义1:
  • They escalated the conflict.
  • Tensions escalated quickly.
  • Do not escalate the standoff.","冲突/规模扩大；反义 de-escalate。","intensify","de-escalate",""
"de-escalate","/ˌdiːˈeskəleɪt/","v.","军事国防","义1. 降级；缓和","义1:
  • Both sides de-escalated.
  • De-escalate to avoid war.
  • They de-escalated the row.","缩小冲突规模。","ease、defuse","escalate",""
"occupation","/ˌɒkjuˈpeɪʃn/","n.","军事国防","义1. 占领","义1:
  • The occupation lasted years.
  • Troops ended the occupation.
  • Resistance to the occupation grew.","武力控制他国领土。","control、seizure","",""
"neutralize","/ˈnjuːtrəlaɪz/","v.","军事国防","义1. 中和；消灭（目标）","义1:
  • They neutralized the threat.
  • Neutralize the bunker first.
  • The strike neutralized the launcher.","使失去战斗力/威胁。","eliminate、counter","",""
"incursion","/ɪnˈkɜːʃn/","n.","军事国防","义1. 入侵；袭扰","义1:
  • An incursion crossed the line.
  • They repelled the incursion.
  • Border incursions rose.","小规模越境攻击。","raid、invasion","","incursion 小/短暂；invasion 大规模。"
"skirmish","/ˈskɜːmɪʃ/","n.","军事国防","义1. 小规模冲突","义1:
  • A skirmish broke out.
  • The skirmish cost a few men.
  • Border skirmishes continued.","零星交火，非决战。","clash、brush","",""
"stalemate","/ˈsteɪlmeɪt/","n.","军事国防","义1. 僵局","义1:
  • The war reached a stalemate.
  • Break the stalemate with a flanking move.
  • Talks ended in stalemate.","双方都无法推进。","deadlock、impasse","",""
"siege","/siːdʒ/","n.","军事国防","义1. 围困；围城","义1:
  • The siege lasted months.
  • They lifted the siege.
  • A siege starves the city out.","长期包围以迫使投降。","blockade","",""
"rout","/raʊt/","n./v.","军事国防","义1. 溃败；击溃","义1:
  • The army suffered a rout.
  • They routed the defenders.
  • A rout turned into a chase.","一方彻底崩溃的败仗。","defeat、overrun","",""
"jamming","/ˈdʒæmɪŋ/","n.","军事国防","义1. 干扰（电子）","义1:
  • Jamming cut the link.
  • They used jamming on comms.
  • GPS jamming disrupted the drones.","发射噪声压制敌方信号。","interference","",""
"cyberwarfare","/ˈsaɪbəwɔːfeə/","n.","军事国防","义1. 网络战","义1:
  • Cyberwarfare hit the grid.
  • They trained in cyberwarfare.
  • Cyberwarfare blurs war and peace.","以网络攻击削弱对手。","","",""
"demobilize","/diːˈməʊbəlaɪz/","v.","军事国防","义1. 复员；解散军队","义1:
  • They demobilized after the war.
  • Demobilize the reserves.
  • Demobilizing took a year.","战后遣散部队。","stand down","mobilize",""
"enlist","/ɪnˈlɪst/","v.","军事国防","义1. 入伍；征召","义1:
  • He enlisted at eighteen.
  • They enlisted local guides.
  • Enlist volunteers for the cause.","加入军队；也泛指招募。","join、recruit","discharge",""
"conscript","/kənˈskrɪpt/","n./v.","军事国防","义1. 征召入伍者；征兵","义1:
  • Conscripts filled the ranks.
  • They conscripted at nineteen.
  • Conscription is mandatory there.","义务兵役制下入伍者。","draftee、recruit","",""
"corner","/ˈkɔːnə/","n.","体育","义1. 角球","义1:
  • They won a corner.
  • The corner found the header.
  • He took the corner short.","球出底线后由守方踢出的定位球。","","",""
"striker","/ˈstraɪkə/","n.","体育","义1. 前锋；射手","义1:
  • The striker missed open goal.
  • Their striker scored twice.
  • A lone striker led the line.","主要得分手。","forward","",""
"goalkeeper","/ˈɡəʊlkiːpə/","n.","体育","义1. 守门员","义1:
  • The goalkeeper saved the shot.
  • The goalkeeper punched it clear.
  • A penalty beat the goalkeeper.","把守球门者；口语 keeper。","keeper、goalie","",""
"midfielder","/ˈmɪdfiːldə/","n.","体育","义1. 中场","义1:
  • The midfielder dictated tempo.
  • A box-to-box midfielder covered ground.
  • The midfielder threaded the pass.","连接攻防的中路球员。","half","",""
"defender","/dɪˈfendə/","n.","体育","义1. 后卫","义1:
  • The defender blocked the cross.
  • A center defender read the play.
  • The defender slid in to tackle.","防守位置的球员。","back","",""
"foul","/faʊl/","n./v.","体育","义1. 犯规","义1:
  • That was a clear foul.
  • He fouled in the box.
  • The foul gave a free kick.","违反规则的动作。","infringement","",""
"VAR","/ˌviː eɪ ˈɑː/","n.","体育","义1. 视频助理裁判","义1:
  • VAR checked the goal.
  • The referee consulted VAR.
  • VAR overturned the call.","Video Assistant Referee 缩写。","","",""
"serve","/sɜːv/","v./n.","体育","义1. 发球","义1:
  • She served an ace.
  • The serve was faulted.
  • He has a big serve.","开局发球动作。","","",""
"ace","/eɪs/","n.","体育","义1. （发球）直接得分；高手","义1:
  • He fired an ace.
  • She hit three aces.
  • An ace sealed the game.","发球对方未碰到即得分；也指顶尖选手。","","",""
"volley","/ˈvɒli/","n./v.","体育","义1. 截击；凌空抽射","义1:
  • He volleyed it in.
  • A half-volley beat the keeper.
  • She hit a crisp volley.","球未落地前的击球。","","",""
"hurdle","/ˈhɜːdl/","n./v.","体育","义1. 跨栏；障碍","义1:
  • He cleared the hurdle.
  • The 110m hurdles is technical.
  • She hurdled cleanly.","越过栏架的赛跑项目。","barrier","",""
"javelin","/ˈdʒævlɪn/","n.","体育","义1. 标枪","义1:
  • He threw the javelin far.
  • The javelin sailed past 80m.
  • Javelin needs core power.","投掷类田径项目。","","",""
"discus","/ˈdɪskəs/","n.","体育","义1. 铁饼","义1:
  • She launched the discus.
  • The discus spun out wide.
  • Discus demands rotation.","旋转投掷项目。","","",""
"long-jump","/ˈlɒŋ dʒʌmp/","n.","体育","义1. 跳远","义1:
  • He won the long jump.
  • The long jump needs speed.
  • A foul cost the long-jump lead.","助跑后远跳项目。","","",""
"high-jump","/ˈhaɪ dʒʌmp/","n.","体育","义1. 跳高","义1:
  • She cleared the high jump.
  • The high jump used the Fosbury flop.
  • A new high-jump record fell.","越过横杆的跳跃项目。","","",""
"gymnast","/ˈdʒɪmnæst/","n.","体育","义1. 体操运动员","义1:
  • The gymnast stuck the landing.
  • A young gymnast impressed.
  • The gymnast trained for years.","体操项目选手。","","",""
"vault","/vɔːlt/","n./v.","体育","义1. 跳马；撑杆跳","义1:
  • He vaulted over the horse.
  • The vault needs courage.
  • She won the vault event.","体操/田径中的跳跃器械或动作。","leap","",""
"beam","/biːm/","n.","体育","义1. 平衡木","义1:
  • She nailed the beam.
  • The beam is unforgiving.
  • A fall from the beam cost gold.","女子体操项目之一。","","",""
"routine","/ruːˈtiːn/","n.","体育","义1. （体操/花滑）成套动作","义1:
  • Her routine scored 9.5.
  • The routine mixed难度 and grace.
  • He botched the routine.","编排好的一串动作。","program","",""
"qualifier","/ˈkwɒlɪfaɪə/","n.","体育","义1. 资格赛；出线者","义1:
  • They won the qualifier.
  • The qualifier decided the last spot.
  • He is a qualifier from the region.","决定晋级名额的前置赛。","","",""
"semifinal","/ˌsemɪˈfaɪnl/","n.","体育","义1. 半决赛","义1:
  • They reached the semifinal.
  • The semifinal was tight.
  • A semifinal spot was at stake.","决赛前的两轮之一。","semi","",""
"referee","/ˌrefəˈriː/","n.","体育","义1. 裁判","义1:
  • The referee blew the whistle.
  • The referee reviewed the call.
  • Fans booed the referee.","执法者；口语 ref。","official、umpire","","referee 多用于足球/篮球等；umpire 多用于网球/板球/棒球。"
"umpire","/ˈʌmpaɪə/","n.","体育","义1. （网球等）裁判","义1:
  • The umpire called it out.
  • Challenge the umpire's call.
  • The umpire sat in the chair.","网球/板球/棒球裁判。","referee","",""
"substitute","/ˈsʌbstɪtjuːt/","n./v.","体育","义1. 替补；换人","义1:
  • He came on as a substitute.
  • They substituted at halftime.
  • A substitute scored the winner.","替补球员；也指替换。","sub、replacement","",""
"bench","/bentʃ/","n.","体育","义1. 替补席","义1:
  • He stayed on the bench.
  • The bench cheered the goal.
  • They emptied the bench late.","未上场球员坐席；‘on the bench’=未出场。","","",""
"captain","/ˈkæptɪn/","n.","体育","义1. 队长","义1:
  • The captain lifted the trophy.
  • The captain urged the team on.
  • He was named captain.","球队领袖。","skipper","",""
"relegation","/ˌrelɪˈɡeɪʃn/","n.","体育","义1. 降级","义1:
  • They face relegation.
  • Relegation was confirmed.
  • Avoid relegation with a win.","联赛末位降入下级；反义 promotion。","demotion","promotion",""
"promotion","/prəˈməʊʃn/","n.","体育","义1. 升级；晋级","义1:
  • They earned promotion.
  • Promotion was the goal.
  • A late win sealed promotion.","升入更高级联赛。","upgrade","relegation",""
"derby","/ˈdɑːbi/","n.","体育","义1. 德比（同城/同区对抗）","义1:
  • The derby ended in a draw.
  • The derby drew a full house.
  • He scored in the derby.","同城市/地区两队间的比赛。","","",""
"raid","/reɪd/","n./v.","游戏","义1. （团队）副本突袭","义1:
  • Join the raid tonight.
  • The raid needs a tank.
  • They cleared the raid.","多人协作挑战强力首领的活动。","assault","",""
"dungeon","/ˈdʌndʒən/","n.","游戏","义1. 地下城；副本","义1:
  • Enter the dungeon.
  • The dungeon has five bosses.
  • They ran the dungeon twice.","封闭关卡区域，常含怪物与奖励。","instance","",""
"boss","/bɒs/","n.","游戏","义1. 首领；Boss","义1:
  • The boss has two phases.
  • They defeated the final boss.
  • A hidden boss appeared.","关卡强力敌人；phase 指阶段。","enemy commander","",""
"griefer","/ˈɡriːfə/","n.","游戏","义1. 恶意捣乱玩家","义1:
  • A griefer ruined the match.
  • Ban the griefer.
  • Griefers target new players.","故意破坏他人游戏体验者。","troll","",""
"ping","/pɪŋ/","n.","游戏","义1. 延迟（网络）","义1:
  • High ping lagged the game.
  • Check your ping first.
  • A low ping helps aim.","网络往返时延；也指‘标记位置’动作。","latency","",""
"mod","/mɒd/","n.","游戏","义1. 模组；修改","义1:
  • Install a graphics mod.
  • The mod adds quests.
  • A mod fixed the bug.","玩家制作的修改/扩展内容。","modification","",""
"nerf","/nɜːf/","v.","游戏","义1. 削弱","义1:
  • They nerfed the sword.
  • The patch nerfed the meta.
  • Players hate being nerfed.","降低强度；反义 buff。","weaken","buff",""
"exploit","/ɪkˈsplɔɪt/","n.","游戏","义1. 漏洞利用；技巧bug","义1:
  • They abused the exploit.
  • Patch the exploit fast.
  • An exploit skipped the boss.","利用程序漏洞获利；也泛指 exploit（开发/利用）。","glitch abuse","","作名词指‘漏洞利用’；作动词 exploit 意为‘开发/剥削’。"
"clan","/klæn/","n.","游戏","义1. 氏族；战队","义1:
  • Join our clan.
  • The clan won the cup.
  • A rival clan raided us.","玩家团体；同 guild。","guild、faction","",""
"guild","/ɡɪld/","n.","游戏","义1. 公会","义1:
  • The guild recruited him.
  • A guild bank holds loot.
  • They left the guild.","MMO 中玩家组织；同 clan。","clan","",""
"glitch","/ɡlɪtʃ/","n.","游戏","义1. 故障；小 bug","义1:
  • A glitch froze the screen.
  • They reported the glitch.
  • A glitch let him clip through.","非预期的程序错误。","bug、fault","",""
"cheat","/tʃiːt/","n./v.","游戏","义1. 作弊；秘籍","义1:
  • He used a cheat.
  • Cheats ruin fair play.
  • Enter the cheat code.","违规获取优势；也指开发者秘籍。","hack","",""
"hack","/hæk/","n./v.","游戏","义1. 外挂；技巧","义1:
  • Ban the hacker.
  • A hack gave infinite ammo.
  • Use a speed hack.","作弊程序；也指巧妙技巧。","cheat、exploit","",""
"microtransaction","/ˌmaɪkrəʊtrænˈzækʃn/","n.","游戏","义1. 内购；小额交易","义1:
  • The game pushes microtransactions.
  • Microtransactions fund free play.
  • Players resent pay-to-win microtransactions.","游戏内小额付费。","","",""
"DLC","/ˌdiː el ˈsiː/","n.","游戏","义1. 可下载内容","义1:
  • Buy the DLC for more maps.
  • The DLC added a story.
  • Day-one DLC annoyed fans.","Downloadable Content 缩写。","","",""
"gacha","/ˈɡætʃə/","n.","游戏","义1. 抽卡（机制）","义1:
  • The gacha is rigged.
  • He pulled a rare from the gacha.
  • Gacha drives revenue.","随机抽奖式付费机制。","","",""
"roguelike","/ˈrɒɡlaɪk/","adj./n.","游戏","义1. Roguelike（随机生成/永久死亡）","义1:
  • It is a roguelike.
  • Roguelikes randomize levels.
  • Permadeath defines the roguelike.","随机关卡+死亡重来的品类。","","",""
"speedrun","/ˈspiːdrʌn/","n./v.","游戏","义1. 速通","义1:
  • He speedran the game.
  • The speedrun took 20 minutes.
  • Speedruns break the record.","以最短时间通关。","","",""
"walkthrough","/ˈwɔːkθruː/","n.","游戏","义1. 通关攻略","义1:
  • Read the walkthrough.
  • The walkthrough skips the boss.
  • A video walkthrough helped.","逐步指引。","guide","",""
"achievement","/əˈtʃiːvmənt/","n.","游戏","义1. 成就","义1:
  • Unlock the achievement.
  • He has every achievement.
  • The achievement popped late.","系统设定的达成目标。","","",""
"leaderboard","/ˈliːdəbɔːd/","n.","游戏","义1. 排行榜","义1:
  • Top the leaderboard.
  • The leaderboard reset weekly.
  • He fell off the leaderboard.","按成绩排名的榜单。","","",""
"rank","/ræŋk/","n./v.","游戏","义1. 段位；排名","义1:
  • He reached grandmaster rank.
  • Rank up by winning.
  • The rank decayed over time.","竞技等级。","tier、rating","",""
"tier","/tɪə/","n.","游戏","义1. 层级；档位","义1:
  • The top tier is hard.
  • Unlock the next tier.
  • A tiered reward system.","等级分层。","level、rank","",""
"loadout","/ˈləʊdaʊt/","n.","游戏","义1. 出装；装备配置","义1:
  • Set your loadout.
  • The loadout fits the map.
  • Switch loadout mid-match.","上场前选定的装备组合。","build、kit","",""
"perk","/pɜːk/","n.","游戏","义1. （被动）增益；特长","义1:
  • Pick a perk each level.
  • The perk boosts reload.
  • A stealth perk helps scouting.","被动强化技能。","bonus","",""
"skill-tree","/ˈskɪl triː/","n.","游戏","义1. 技能树","义1:
  • Spend points in the skill tree.
  • The skill tree branches wide.
  • Respec the skill tree.","可视化技能升级结构。","","",""
"bot","/bɒt/","n.","游戏","义1. 机器人（AI/外挂）","义1:
  • A bot filled the slot.
  • The bot aimed perfectly.
  • Ban the aim bot.","AI 控制角色，也指作弊脚本。","AI","",""
"aimbot","/ˈeɪmbɒt/","n.","游戏","义1. 自瞄外挂","义1:
  • He used an aimbot.
  • Aimbot is bannable.
  • The aimbot locked on heads.","自动瞄准作弊程序。","","",""
"skin","/skɪn/","n.","游戏","义1. 皮肤（外观）","义1:
  • He bought a rare skin.
  • The skin is cosmetic only.
  • A skin changes the look.","仅改外观、不影响数值。","","",""
"cosmetics","/kɒzˈmetɪks/","n.","游戏","义1.  cosmetic 外观道具","义1:
  • Cosmetics are for show.
  • The shop sells cosmetics.
  • Cosmetics don't affect stats.","纯外观、不增强实力的道具。","","",""
"montage","/ˈmɒntɑːʒ/","n.","媒体影视","义1. 蒙太奇；组接","义1:
  • A training montage played.
  • The montage condensed years.
  • The montage cut between faces.","将镜头组接压缩时间/表达情绪。","","",""
"score","/skɔː/","n.","媒体影视","义1. （电影）配乐","义1:
  • The score swells at the climax.
  • He composed the score.
  • A haunting score lifts the scene.","电影原创音乐；区别于 soundtrack（歌曲集）。","music","","score=原创器乐配乐；soundtrack=包含歌曲的原声碟。"
"soundtrack","/ˈsaʊndtræk/","n.","媒体影视","义1. 原声碟；声轨","义1:
  • The soundtrack topped charts.
  • Buy the soundtrack album.
  • The soundtrack sets the mood.","电影歌曲/音乐合集。","","",""
"dubbing","/ˈdʌbɪŋ/","n.","媒体影视","义1. 配音","义1:
  • The dubbing was poor.
  • They did dubbing in French.
  • Dubbing replaces the original voice.","用另一种语言替原声；subtitles 是字幕。","","",""
"subtitles","/ˈsʌbtaɪtlz/","n.","媒体影视","义1. 字幕","义1:
  • Turn on the subtitles.
  • The subtitles mistranslated it.
  • Subtitles help learners.","译文文字；dubbing 是配音。","captions","",""
"frame","/freɪm/","n.","媒体影视","义1. （影）帧；画面","义1:
  • Hold each frame.
  • The frame composition is stark.
  • Freeze on the final frame.","单幅画面；也指‘构陷’（frame someone）。","","",""
"tracking-shot","/ˈtrækɪŋ ʃɒt/","n.","媒体影视","义1. 跟拍镜头","义1:
  • A tracking shot follows the car.
  • The long tracking shot amazes.
  • Use a tracking shot for tension.","摄影机随主体移动。","","",""
"wide-shot","/ˈwaɪd ʃɒt/","n.","媒体影视","义1. 远景；广角镜头","义1:
  • Open with a wide shot.
  • The wide shot sets the scale.
  • A wide shot shows the crowd.","展现环境全貌；反义 close-up。","long shot","close-up",""
"dissolve","/dɪˈzɒlv/","n./v.","媒体影视","义1. 叠化（转场）","义1:
  • A dissolve bridges the scenes.
  • The edit dissolves to black.
  • Use a dissolve for time skip.","一画面淡出、另一淡入的转场。","","",""
"fade","/feɪd/","v./n.","媒体影视","义1. 淡入/淡出","义1:
  • Fade in from black.
  • The scene faded out.
  • A fade ends the episode.","画面明暗渐变转场。","","",""
"biopic","/ˈbaɪəʊpɪk/","n.","媒体影视","义1. 传记片","义1:
  • The biopic won awards.
  • A biopic of the queen opened.
  • The biopic glossed over scandal.","biographical picture 缩写。","","",""
"sequel","/ˈsiːkwəl/","n.","媒体影视","义1. 续集","义1:
  • The sequel tops the original.
  • A sequel is in production.
  • The sequel ignores the ending.","后续作品；prequel 是前传。","","prequel",""
"prequel","/ˈpriːkwəl/","n.","媒体影视","义1. 前传","义1:
  • The prequel tells the origin.
  • A prequel predates the trilogy.
  • The prequel fleshes out the villain.","讲述前史的作品。","","sequel",""
"reboot","/ˈriːbuːt/","n./v.","媒体影视","义1. 重启（新版）","义1:
  • They reboot the franchise.
  • The reboot ignores the old canon.
  • A soft reboot keeps the lore.","以新设定重启动系列。","remake","","reboot 重启动系列；remake 重拍单部。"
"casting","/ˈkɑːstɪŋ/","n.","媒体影视","义1. 选角","义1:
  • Casting took six months.
  • The casting surprised fans.
  • Casting shapes the film.","演员遴选。","","",""
"audition","/ɔːˈdɪʃn/","n./v.","媒体影视","义1. 试镜","义1:
  • She auditioned for the lead.
  • The audition went well.
  • Callbacks after the audition.","演员甄选表演。","","",""
"on-location","/ˌɒn ləʊˈkeɪʃn/","adj.","媒体影视","义1. 实景拍摄的","义1:
  • They shot on-location in Morocco.
  • On-location sound is hard.
  • On-location adds realism.","非棚内、真实外景拍摄。","","studio-bound",""
"prop","/prɒp/","n.","媒体影视","义1. 道具","义1:
  • The prop broke on set.
  • They built the prop in wood.
  • A fake prop looked real.","拍摄所用物件；property 缩写。","property","",""
"green-screen","/ˈɡriːn skriːn/","n.","媒体影视","义1. 绿幕（抠像）","义1:
  • Film against a green-screen.
  • Green-screen lets them add skies.
  • The green-screen shot was composited.","后期替换背景的技术。","chroma key","",""
"CGI","/ˌsiː dʒiː ˈaɪ/","n.","媒体影视","义1. 计算机生成图像","义1:
  • The CGI looked real.
  • CGI replaced the stunt.
  • Too much CGI dulls a film.","Computer-Generated Imagery 缩写。","","",""
"ratings","/ˈreɪtɪŋz/","n.","媒体影视","义1. 收视率；评级","义1:
  • The ratings dipped.
  • Strong ratings renew the show.
  • Ratings drive ad rates.","观看量/内容分级。","viewership","",""
"box-office","/ˈbɒks ɒfɪs/","n.","媒体影视","义1. 票房","义1:
  • The box-office beat estimates.
  • A box-office flop lost money.
  • The box-office record fell.","电影售票收入。","ticket sales","",""
"opening-weekend","/ˈəʊpnɪŋ ˈwiːkend/","n.","媒体影视","义1. 首周末（票房）","义1:
  • The opening-weekend was huge.
  • Opening-weekend sets the tone.
  • A weak opening-weekend hurt the film.","上映首个周末收入。","","",""
"critically-acclaimed","/ˌkrɪtɪkli əˈkleɪmd/","adj.","媒体影视","义1. 备受好评的","义1:
  • A critically-acclaimed drama.
  • The film was critically acclaimed.
  • Critically-acclaimed yet niche.","评论界高度评价。","acclaimed","panned",""
"indie","/ˈɪndi/","adj./n.","媒体影视","义1. 独立制作（的）","义1:
  • An indie film won big.
  • They back indie directors.
  • The indie scene thrives.","independent 缩写，非大厂出品。","independent","",""
"screening","/ˈskriːnɪŋ/","n.","媒体影视","义1. 放映；放映场","义1:
  • A festival screening sold out.
  • They held a private screening.
  • The screening drew debate.","一场电影播放。","","",""
"festival","/ˈfestɪvl/","n.","媒体影视","义1. （电影节等）节展","义1:
  • It premiered at the festival.
  • The festival awards the Palme.
  • A festival boosts indie films.","定期展映/评奖活动。","","",""
"terse","/tɜːs/","adj.","学术写作","义1. 简洁的（常带锋利）","义1:
  • A terse summary closed the section.
  • His reply was terse but clear.
  • The report is terse and precise.","短而有力；略带‘简略到冷’的意味。","concise、curt","verbose","terse 强调简到极致（常带态度）；concise 褒义‘精炼’；curt 偏无礼简短。"
"perspicuous","/pəˈspɪkjuəs/","adj.","学术写作","义1. 清晰易懂的","义1:
  • Her prose is perspicuous.
  • A perspicuous explanation helped.
  • The model is perspicuous.","表达清楚、不晦涩。","clear、lucid","obscure","perspicuous 偏‘一望即明’；lucid 偏‘条理清楚’。"
"trenchant","/ˈtrentʃənt/","adj.","学术写作","义1. 犀利的；尖锐的","义1:
  • A trenchant critique of the policy.
  • His analysis is trenchant.
  • She made a trenchant point.","批评/评论锋利深刻。","sharp、incisive","vague","trenchant 偏‘切中要害的锐利’；incisive 偏‘洞察力强’。"
"circumspect","/ˈsɜːkəmspekt/","adj.","学术写作","义1. 谨慎的；周全的","义1:
  • Be circumspect in claims.
  • A circumspect reviewer checks sources.
  • He was circumspect about the data.","言行审慎、考虑周遭。","cautious、prudent","reckless","circumspect 强调顾及全局后果；prudent 偏理性权衡。"
"germane","/dʒɜːˈmeɪn/","adj.","学术写作","义1. 切题的；相关的","义1:
  • A point germane to the thesis.
  • Stay germane to the question.
  • The example is germane.","与主题紧密相关；近 relevant 但更正式。","relevant、pertinent","irrelevant","germane 正式、强调‘恰到好处地相关’；relevant 通用。"
"antecedent","/ænˈtesɪdənt/","n.","学术写作","义1. 先例；先行词","义1:
  • Trace the antecedent of the idea.
  • The pronoun's antecedent is clear.
  • No antecedent exists for the claim.","逻辑/语法中‘前文所指’；也指历史先例。","precursor、forerunner","consequence",""
"corollary","/kəˈrɒləri/","n.","学术写作","义1. 推论；必然结果","义1:
  • A corollary of the theorem.
  • Unemployment is a corollary of downturn.
  • State the corollary clearly.","由前提出自然推出的结论。","consequence、deduction","","corollary 强调‘逻辑上紧接着的’；consequence 泛指结果。"
"precept","/ˈpriːsept/","n.","学术写作","义1. 准则；规诫","义1:
  • Follow the precept of parsimony.
  • The precept warns against bias.
  • A useful precept for writing.","指导行为的规则/格言。","rule、maxim","","precept 偏‘诫命式规则’；maxim 偏‘箴言’。"
"purview","/ˈpɜːvjuː/","n.","学术写作","义1. （职权/讨论的）范围","义1:
  • Outside the purview of this paper.
  • The court's purview is narrow.
  • Keep it within the purview.","权限/涵盖范围。","scope、remit","","purview 偏‘职权所及’；scope 通用‘范围’。"
"rubric","/ˈruːbrɪk/","n.","学术写作","义1. 评分标准；准则","义1:
  • Grade by the rubric.
  • The rubric weights argument.
  • State the rubric upfront.","评量/分类的明细标准。","criteria、guideline","",""
"modality","/məˈdæləti/","n.","学术写作","义1. 方式；模态","义1:
  • Different modalities of care.
  • The modality affects results.
  • Compare the two modalities.","达成某事的手段/形式。","mode、method","",""
"proclivity","/prəˈklɪvəti/","n.","学术写作","义1. （常贬）癖好；倾向","义1:
  • A proclivity for detail.
  • His proclivity to digress slows the talk.
  • Note the proclivity toward error.","反复出现的倾向，常带评价色彩。","bent、inclination","","proclivity 常指反复、带性格色彩的倾向；inclination 更中性。"
"penchant","/ˈpɒ̃ʃɒ̃/","n.","学术写作","义1. 偏爱；癖好","义1:
  • A penchant for paradox.
  • She has a penchant for italics.
  • His penchant for detail helps.","明显的喜好；常与 for 连用。","fondness、predilection","","penchant 偏‘口味上的偏爱’；predilection 偏‘预先的偏好’。"
"magnitude","/ˈmæɡnɪtjuːd/","n.","学术写作","义1. 量级；重要性","义1:
  • The magnitude of the effect.
  • Assess the magnitude of risk.
  • Errors vary in magnitude.","大小/程度/规模。","size、scale","",""
"threshold","/ˈθreʃhəʊld/","n.","学术写作","义1. 阈值；临界点","义1:
  • Cross the significance threshold.
  • Set a threshold for inclusion.
  • Below the threshold, ignore it.","触发变化的边界值。","limit、cutoff","",""
"coefficient","/ˌkəʊɪˈfɪʃnt/","n.","学术写作","义1. 系数","义1:
  • The coefficient measures sensitivity.
  • Estimate the coefficient precisely.
  • A negative coefficient implies inverse effect.","模型中表示关系的数值因子。","","",""
"dialectic","/ˌdaɪəˈlektɪk/","n.","学术写作","义1. 辩证（法）","义1:
  • The dialectic of thesis and antithesis.
  • Hegel's dialectic shapes the chapter.
  • Use dialectic to test claims.","通过对立统一推进认识的框架。","","",""
"remit","/rɪˈmɪt/","n.","学术写作","义1. 职权范围；任务","义1:
  • Within the remit of the committee.
  • The remit excludes funding.
  • Clarify the remit first.","职责/委托范围；同 purview。","purview、mandate","",""
"circumscribed","/ˈsɜːkəmskraɪbd/","adj.","学术写作","义1. 受限制的；划定的","义1:
  • A circumscribed scope.
  • The claim is circumscribed.
  • Keep the question circumscribed.","范围被明确限定。","limited、restricted","broad",""
"apropos","/ˌæprəˈpəʊ/","adj./prep.","学术写作","义1. 恰当的；关于","义1:
  • An apropos example.
  • Apropos of the debate, note this.
  • His remark was apropos.","切题；apropos of =‘关于…而言’。","relevant、fitting","irrelevant",""
"valenced","/ˈveɪlənst/","adj.","学术写作","义1. 带（情感）价位的","义1:
  • A negatively valenced term.
  • The item is valenced, not neutral.
  • Control for valenced wording.","心理学/语言学指词带正/负情感色彩。","","",""
"oxymoron","/ˌɒksɪˈmɔːrɒn/","n.","英语文学","义1. 矛盾修辞","义1:
  • Deafening silence is an oxymoron.
  • Bittersweet is a common oxymoron.
  • An open secret, a neat oxymoron.","把相反词放一起（如 jumbo shrimp）。","","",""
"archetype","/ˈɑːkɪtaɪp/","n.","英语文学","义1. 原型","义1:
  • The trickster is an archetype.
  • She fits the hero archetype.
  • The flood is a mythic archetype.","反复出现的典型形象/模式（荣格理论）。","prototype、model","",""
"hubris","/ˈhjuːbrɪs/","n.","英语文学","义1. 傲慢（招祸者）","义1:
  • His hubris doomed him.
  • Hubris precedes the fall.
  • The hero's hubris blinds him.","希腊悲剧中‘狂妄’典型缺陷。","arrogance、pride","humility","hubris 特指‘引致毁灭的傲慢’；arrogance 通用。"
"deuteragonist","/ˌdjuːtəˈræɡənɪst/","n.","英语文学","义1. 第二主角","义1:
  • The deuteragonist aids the hero.
  • A strong deuteragonist balances the cast.
  • The deuteragonist turns traitor.","戏份仅次于主角的角色。","","",""
"tritagonist","/traɪˈtæɡənɪst/","n.","英语文学","义1. 第三主角","义1:
  • The tritagonist provides comic relief.
  • A flat tritagonist weakens the cast.
  • Promote the tritagonist to lead.","第三重要角色。","","",""
"stock-character","/ˈstɒk kærəktə/","n.","英语文学","义1. 刻板角色；套路人物","义1:
  • The grumpy old man is a stock character.
  • Avoid stock characters.
  • The stock character amuses.","固定套路化、缺乏新意的角色。","","",""
"frame-narrative","/ˈfreɪm ˌnærətɪv/","n.","英语文学","义1. 框架叙事","义1:
  • A frame narrative wraps the tales.
  • The frame narrative is a voyage.
  • Break the frame narrative late.","故事套故事的叙事结构（如《坎特伯雷故事集》）。","","",""
"epistolary","/ɪˈpɪstələri/","adj.","英语文学","义1. 书信体的","义1:
  • An epistolary novel of letters.
  • The epistolary form builds intimacy.
  • She wrote it epistolary.","以书信/日记构成的小说。","","",""
"pastiche","/pæˈstiːʃ/","n.","英语文学","义1. 仿作；拼贴","义1:
  • A pastiche of noir style.
  • The pastiche honors the master.
  • A musical pastiche of the 80s.","刻意模仿某风格之作；区别于 parody（含讽刺）。","homage、imitation","","pastiche 模仿致敬；parody 模仿以嘲讽。"
"parody","/ˈpærədi/","n./v.","英语文学","义1. 戏仿；滑稽模仿","义1:
  • A parody of the epic.
  • They parody the genre.
  • The parody mocks tropes.","夸张模仿以讽刺；区别于 pastiche。","spoof、lampoon","",""
"satire","/ˈsætaɪə/","n.","英语文学","义1. 讽刺（文学）","义1:
  • A satire of court life.
  • The satire bites gently.
  • Juvenal's satire is harsh.","以幽默批判社会/人性。","","",""
"dramatic-irony","/ˈdræmətɪk ˈaɪrəni/","n.","英语文学","义1. 戏剧反讽","义1:
  • Dramatic irony: we know, she doesn't.
  • The dramatic irony builds dread.
  • Use dramatic irony for tension.","观众知而角色不知的反差。","","",""
"antihero","/ˈæntihɪərəʊ/","n.","英语文学","义1. 反英雄","义1:
  • An antihero with no code.
  • The antihero drifts through the plot.
  • Modern fiction loves the antihero.","缺乏传统英雄美德的主角。","","hero",""
"byronic-hero","/ˈbaɪrɒnɪk ˈhɪərəʊ/","n.","英语文学","义1. 拜伦式英雄","义1:
  • A byronic hero, proud and doomed.
  • The byronic hero seduces and leaves.
  • His brooding fits the byronic hero.","傲慢、孤独、魅惑而自毁的浪漫主角原型。","","",""
"gothic","/ˈɡɒθɪk/","adj.","英语文学","义1. 哥特（式）的","义1:
  • A gothic novel of ruins.
  • Gothic gloom pervades the book.
  • The gothic mansion looms.","阴暗、恐怖、衰败美的文学风格。","","",""
"magical-realism","/ˌmædʒɪkl ˈrɪəlɪzəm/","n.","英语文学","义1. 魔幻现实主义","义1:
  • Magical realism blends myth and fact.
  • The film uses magical realism.
  • A dead man writes back (magical realism).","在写实中自然嵌入奇幻。","","",""
"free-verse","/ˈfriː vɜːs/","n.","英语文学","义1. 自由诗","义1:
  • She writes in free verse.
  • Free verse drops strict meter.
  • Free verse still rhymes at times.","不固定格律韵脚的诗。","","blank-verse","free verse 无格律；blank verse 是无韵抑扬格五音步。"
"blank-verse","/ˈblæŋk vɜːs/","n.","英语文学","义1. 无韵诗（素体诗）","义1:
  • Shakespeare used blank verse.
  • Blank verse is unrhymed iambic pentameter.
  • The speech is in blank verse.","不押韵但守格律（抑扬格五音步）。","","free-verse",""
"enjambment","/ɪnˈdʒæmbmənt/","n.","英语文学","义1. 跨行（续句）","义1:
  • Enjambment speeds the line.
  • The enjambment breaks the sense.
  • Avoid enjambment for pause.","句义跨诗行不断（不于行末停顿）。","","",""
"veto","/ˈviːtəʊ/","n./v.","法律政治","义1. 否决","义1:
  • The president vetoed the bill.
  • They overturned the veto.
  • A veto blocks the measure.","否决权；pocket veto 为搁置否决。","reject","approve",""
"injunction","/ɪnˈdʒʌŋkʃn/","n.","法律政治","义1. 禁令（法院）","义1:
  • The court issued an injunction.
  • An injunction halted the build.
  • Seek an injunction.","法院命令停止/为某行为。","order、ban","",""
"prosecutor","/ˈprɒsɪkjuːtə/","n.","法律政治","义1. 检察官；公诉人","义1:
  • The prosecutor called witnesses.
  • A federal prosecutor took the case.
  • The prosecutor sought jail.","代表国家提起公诉。","DA","",""
"counsel","/ˈkaʊnsl/","n.","法律政治","义1. 辩护律师；法律顾问","义1:
  • Counsel objected to the question.
  • Seek counsel before signing.
  • Lead counsel cross-examined.","律师（集体）；也指‘意见’。","lawyer、adviser","",""
"perjury","/ˈpɜːdʒəri/","n.","法律政治","义1. 伪证（罪）","义1:
  • He was charged with perjury.
  • Perjury undermines justice.
  • Perjury carries a prison term.","庭上故意说谎。","","",""
"acquittal","/əˈkwɪtl/","n.","法律政治","义1. 无罪开释","义1:
  • The verdict was an acquittal.
  • Acquittal ended the trial.
  • Demand a full acquittal.","法院宣告无罪；conviction 为定罪。","exoneration","conviction",""
"conviction","/kənˈvɪkʃn/","n.","法律政治","义1. 定罪","义1:
  • The conviction was upheld.
  • A prior conviction surfaced.
  • The conviction ended his career.","有罪判决。","guilt、verdict","acquittal",""
"appeal","/əˈpiːl/","n./v.","法律政治","义1. 上诉","义1:
  • He appealed the sentence.
  • The appeal was dismissed.
  • File an appeal within 30 days.","请求上级法院复审。","petition","",""
"indemnity","/ɪnˈdemnəti/","n.","法律政治","义1. 赔偿； indemnity","义1:
  • Seek indemnity for loss.
  • The clause gives indemnity.
  • Indemnity shields the buyer.","保障免受损失/赔偿责任。","compensation、protection","",""
"covenant","/ˈkʌvənənt/","n.","法律政治","义1. 契约；盟约","义1:
  • A covenant restricts use.
  • The covenant bound both sides.
  • Break the covenant at peril.","具约束力的约定（也指宗教/历史盟约）。","agreement、pact","",""
"annexation","/ˌænekˈseɪʃn/","n.","法律政治","义1. 吞并； annexation","义1:
  • The annexation drew protest.
  • Annexation violates the charter.
  • They opposed the annexation.","一方并吞他方领土。","seizure","cession",""
"secession","/sɪˈseʃn/","n.","法律政治","义1. 脱离； secession","义1:
  • The secession failed.
  • Secession breached the union.
  • They debated peaceful secession.","从国家/联盟退出。","withdrawal","union",""
"whip","/wɪp/","n.","法律政治","义1. （政党）党鞭","义1:
  • The whip lined up the votes.
  • Defy the whip and risk censure.
  • The chief whip tallies members.","党内督导纪律、拉票者。","","",""
"manifesto","/ˌmænɪˈfestəʊ/","n.","法律政治","义1. 宣言；政纲","义1:
  • Publish a manifesto.
  • The manifesto promised reform.
  • The election manifesto mattered.","政党/运动公开主张。","platform、declaration","",""
"censure","/ˈsenʃə/","n./v.","法律政治","义1. 谴责（决议）","义1:
  • A vote of censure passed.
  • They censured the minister.
  • Censure stops short of removal.","正式批评，轻于弹劾/罢免。","rebuke、reprimand","commend","censure 正式机构谴责；reprimand 上级对下级申斥。"
"bilateral","/ˌbaɪˈlætərəl/","adj.","法律政治","义1. 双边的","义1:
  • A bilateral treaty.
  • Bilateral talks resumed.
  • Bilateral aid flows directly.","两国间；multilateral 多边。","","multilateral",""
"multilateral","/ˌmʌltiˈlætərəl/","adj.","法律政治","义1. 多边的","义1:
  • A multilateral accord.
  • Multilateral forums set norms.
  • Seek multilateral support.","多方参与；反义 bilateral。","","bilateral",""
"détente","/deɪˈtɒnt/","n.","法律政治","义1. （国际关系）缓和","义1:
  • A period of détente.
  • Détente eased the standoff.
  • The détente broke in 1980.","敌对国间紧张缓和（冷战用语）。","easing","escalation",""
"pathology","/pəˈθɒlədʒi/","n.","医疗健康","义1. 病理学；病变","义1:
  • The pathology explains the symptoms.
  • Send the tissue to pathology.
  • The pathology showed inflammation.","研究疾病本质的学科/病变本身。","","",""
"prevalence","/ˈprevələns/","n.","医疗健康","义1. 患病率；普遍率","义1:
  • The prevalence is 1 in 10.
  • Prevalence exceeds incidence here.
  • Survey the prevalence.","某时点上患病人数占比。","","incidence",""
"metastasis","/məˈtæstəsɪs/","n.","医疗健康","义1. （癌）转移","义1:
  • Metastasis reached the lung.
  • Prevent metastasis early.
  • The metastasis was spotted.","癌细胞扩散至他处。","","",""
"prophylaxis","/ˌprɒfɪˈlæksɪs/","n.","医疗健康","义1. 预防（法）","义1:
  • Antibiotic prophylaxis before surgery.
  • Use prophylaxis for malaria.
  • Prophylaxis cuts infection.","预防措施（尤指用药预防）。","prevention","",""
"antibody","/ˈæntibɒdi/","n.","医疗健康","义1. 抗体","义1:
  • The antibody binds the virus.
  • Build antibodies via vaccine.
  • Test for the antibody.","免疫蛋白；antigen 是抗原。","","antigen",""
"antigen","/ˈæntɪdʒən/","n.","医疗健康","义1. 抗原","义1:
  • The antigen triggers response.
  • Detect the antigen fast.
  • The antigen mutates.","引发免疫反应的物质。","","antibody",""
"congenital","/kənˈdʒenɪtl/","adj.","医疗健康","义1. 先天的","义1:
  • A congenital heart defect.
  • Congenital traits appear at birth.
  • Congenital, not acquired.","出生即有；非 hereditary（遗传）未必同义。","","acquired","congenital 指出生时存在；hereditary 指遗传得来。"
"hereditary","/həˈredɪtri/","adj.","医疗健康","义1. 遗传的","义1:
  • A hereditary condition.
  • Hereditary risk runs in families.
  • The trait is hereditary.","由基因传给后代。","inherited","",""
"asymptomatic","/ˌeɪsɪmptəˈmætɪk/","adj.","医疗健康","义1. 无症状的","义1:
  • Many cases are asymptomatic.
  • An asymptomatic carrier spreads it.
  • He tested positive but asymptomatic.","无临床表现。","","symptomatic",""
"biopsy","/ˈbaɪɒpsi/","n.","医疗健康","义1. 活检","义1:
  • A biopsy confirmed cancer.
  • Take a biopsy of the lump.
  • The biopsy came back clean.","取组织化验。","","",""
"endoscopy","/enˈdɒskəpi/","n.","医疗健康","义1. 内窥镜（检查）","义1:
  • An endoscopy views the gut.
  • He had an endoscopy today.
  • Endoscopy found the ulcer.","用内镜体内观察。","","",""
"radiography","/ˌreɪdiˈɒɡrəfi/","n.","医疗健康","义1. 放射照相；X 线","义1:
  • A chest radiography.
  • Radiography shows the break.
  • Use radiography to screen.","X 线成像。","X-ray","",""
"tomography","/təˈmɒɡrəfi/","n.","医疗健康","义1. 断层扫描","义1:
  • A CT tomography of the head.
  • Tomography reveals soft tissue.
  • They ordered a tomography.","分层成像（CT/MRI）。","CT/MRI scan","",""
"suture","/ˈsuːtʃə/","n./v.","医疗健康","义1. 缝合；缝线","义1:
  • Suture the wound.
  • The suture held.
  • Remove the suture in a week.","缝合伤口/缝线本身。","stitch","",""
"laceration","/ˌlæsəˈreɪʃn/","n.","医疗健康","义1. 撕裂伤","义1:
  • A deep laceration.
  • Clean the laceration first.
  • The laceration needed stitches.","皮肤裂伤。","gash、tear","",""
"hematoma","/ˌhiːməˈtəʊmə/","n.","医疗健康","义1. 血肿","义1:
  • A hematoma formed at the site.
  • Drain the hematoma.
  • The hematoma faded in days.","局部积血。","","",""
"dislocation","/ˌdɪsləˈkeɪʃn/","n.","医疗健康","义1. 脱位","义1:
  • A shoulder dislocation.
  • Reduce the dislocation.
  • The dislocation healed.","关节错位；fracture 是骨折。","","fracture",""
"sprain","/spreɪn/","n./v.","医疗健康","义1. 扭伤","义1:
  • A sprained ankle.
  • He sprained his wrist.
  • The sprain swelled.","韧带拉伤；非骨折。","","",""
"contusion","/kənˈtjuːʒn/","n.","医疗健康","义1. 挫伤；瘀伤","义1:
  • A contusion on the thigh.
  • The contusion turned purple.
  • A scalp contusion bled.","皮下出血（淤青）；bruise 同义。","bruise","",""
"anaphylaxis","/ˌænəfɪˈlæksɪs/","n.","医疗健康","义1. 过敏性休克","义1:
  • Anaphylaxis needs epinephrine.
  • A peanut triggered anaphylaxis.
  • Anaphylaxis is life-threatening.","严重全身过敏反应。","","",""
"caramelize","/ˈkærəməlaɪz/","v.","美食食品","义1. 焦糖化；炒糖色","义1:
  • Caramelize the onions.
  • The sugar caramelized.
  • Caramelize to deepen flavor.","糖受热变棕增香。","","",""
"deglaze","/dɪˈɡleɪz/","v.","美食食品","义1. （加液体）洗锅取汁","义1:
  • Deglaze the pan with wine.
  • Deglaze to make the sauce.
  • Deglaze and scrape the fond.","用酒/汤溶出锅底焦化物。","","",""
"emulsion","/ɪˈmʌlʃn/","n.","美食食品","义1. 乳化物","义1:
  • Mayonnaise is an emulsion.
  • An emulsion of oil and water.
  • Break the emulsion and start over.","两不相溶液体稳定混合（如油醋汁）。","","",""
"chiffonade","/ˌʃɪfəˈnɑːd/","n./v.","美食食品","义1. （叶菜）切细丝","义1:
  • Chiffonade the basil.
  • A chiffonade of mint.
  • Chiffonade for the garnish.","把香草叶卷起切细丝。","","",""
"parboil","/ˈpɑːbɔɪl/","v.","美食食品","义1. 预煮；半熟煮","义1:
  • Parboil the potatoes.
  • Parboil before roasting.
  • Parboil to speed the cook.","煮到半熟。","","",""
"sear","/sɪə/","v.","美食食品","义1. 煎封；高温焦化表面","义1:
  • Sear the steak.
  • Sear to lock the juices.
  • Sear then finish in the oven.","高温快速上色。","brown","",""
"poach","/pəʊtʃ/","v.","美食食品","义1. 水煮；低温浸煮","义1:
  • Poach the eggs.
  • Poach the fish in stock.
  • Poach gently, do not boil.","液体微沸中煮（蛋/鱼）。","","",""
"brine","/braɪn/","n./v.","美食食品","义1. 盐水；腌渍","义1:
  • Soak in a brine.
  • Brine the chicken overnight.
  • A brine keeps it moist.","盐糖水腌泡。","marinade","","brine 以盐为主；marinade 含酸/香料。"
"cure","/kjʊə/","v.","美食食品","义1. 腌制；熟成","义1:
  • Cure the salmon.
  • Cure the ham with salt.
  • Cure the meat to preserve.","盐/烟/发酵保存或增味。","preserve、smoke","",""
"proof","/pruːf/","v.","美食食品","义1. （面团）醒发","义1:
  • Proof the dough till doubled.
  • Let it proof in a warm spot.
  • Under-proofed bread is dense.","酵母发酵膨胀；也指酒精度。","rise","",""
"knead","/niːd/","v.","美食食品","义1. 揉（面）","义1:
  • Knead the dough ten minutes.
  • Knead to develop gluten.
  • Knead until smooth.","揉制使面筋形成。","","",""
"al-dente","/ˌæl ˈdenteɪ/","adj.","美食食品","义1. （意面）弹牙的","义1:
  • Cook the pasta al dente.
  • Al dente means firm to bite.
  • Test for al dente.","意式‘有嚼劲’火候。","","mushy",""
"fond","/fɒn/","n.","美食食品","义1. （锅底）焦化风味层","义1:
  • Scrape up the fond.
  • The fond flavors the sauce.
  • Deglaze to lift the fond.","煎烤后锅底褐变物，增香关键。","","",""
"jus","/ʒuː/","n.","美食食品","义1. 肉汁（原汁）","义1:
  • Serve with a red wine jus.
  • The jus glossed the plate.
  • Reduce the jus to intensity.","烤肉原汁调的酱。","gravy","","jus 偏清亮原汁；gravy 偏浓稠。"
"coulis","/ˈkuːli/","n.","美食食品","义1. 果泥/菜泥酱","义1:
  • A raspberry coulis.
  • Drizzle the coulis.
  • A tomato coulis accompanies.","过筛的果蔬浓浆。","","",""
"compote","/ˈkɒmpɒt/","n.","美食食品","义1. 糖渍水果","义1:
  • A cherry compote.
  • Serve compote with yogurt.
  • The compote simmered slow.","糖煮带汁水果。","","",""
"bouquet-garni","/ˌbuːkeɪ ɡɑːˈniː/","n.","美食食品","义1. 香料束","义1:
  • Drop in a bouquet garni.
  • The bouquet garni perfumes the stock.
  • Remove the bouquet garni.","捆扎的香草（百里香/月桂等）。","","",""
"bisque","/bɪsk/","n.","美食食品","义1. （海鲜）浓汤","义1:
  • A lobster bisque.
  • The bisque was silky.
  • Finish the bisque with cream.","贝类熬制的奶油浓汤。","","",""
"hollandaise","/ˌhɒlənˈdeɪz/","n.","美食食品","义1. 荷兰酱","义1:
  • Eggs Benedict with hollandaise.
  • Hollandaise emulsifies butter.
  • The hollandaise split in heat.","蛋黄+黄油乳化酱。","","",""
"aioli","/aɪˈəʊli/","n.","美食食品","义1. 蒜泥蛋黄酱","义1:
  • A garlic aioli.
  • Dip fries in aioli.
  • The aioli was pungent.","蒜味蛋黄酱（地中海）。","","",""
"scintillating","/ˈsɪntɪleɪtɪŋ/","adj.","外貌性格","义1. （谈吐）妙趣横生的","义1:
  • A scintillating speaker.
  • Her scintillating wit charmed all.
  • A scintillating conversation.","机智闪耀的；非外貌。","brilliant、sparkling","dull","scintillating 偏‘才智闪耀’；sparkling 可指眼神/幽默。"
"convivial","/kənˈvɪviəl/","adj.","外貌性格","义1. 欢乐好客的","义1:
  • A convivial host.
  • The convivial mood lifted all.
  • A convivial dinner party.","爱交际、气氛欢快。","sociable、festive","gloomy","convivial 偏‘欢聚氛围’；sociable 偏‘爱社交’。"
"equable","/ˈekwəbl/","adj.","外貌性格","义1. 性情平和稳定的","义1:
  • An equable judge.
  • Her equable nature soothed all.
  • Equable under pressure.","不易波动；反义 irascible。","even-tempered、steady","irascible",""
"enigmatic","/ˌenɪɡˈmætɪk/","adj.","外貌性格","义1. 神秘的；谜样的","义1:
  • An enigmatic stranger.
  • Her enigmatic silence intrigued him.
  • An enigmatic smile.","令人费解、似含深意。","mysterious、cryptic","clear","enigmatic 偏‘意味深长’；cryptic 偏‘故意隐晦’。"
"pulchritudinous","/ˌpʌlkrɪˈtjuːdɪnəs/","adj.","外貌性格","义1. （诙谐/正式）极美的","义1:
  • A pulchritudinous vision.
  • He called her pulchritudinous, jesting.
  • Pulchritudinous rivals the word 'beautiful'.","罕见大词，常带幽默或正式。","beautiful","ugly","pulchritudinous 多为玩笑/炫学用法，意为‘美的’。"
"unkempt","/ʌnˈkempt/","adj.","外貌性格","义1. 凌乱的；不修边幅的","义1:
  • Unkempt hair.
  • An unkempt beard.
  • The unkempt garden warned them.","未梳理、蓬乱。","disheveled、messy","tidy","unkempt 偏‘毛发/外观乱’；messy 泛指杂乱。"
"disheveled","/dɪˈʃevld/","adj.","外貌性格","义1. 衣衫不整的","义1:
  • A disheveled figure.
  • Her disheveled state told the night.
  • Disheveled but calm.","衣服/头发乱。","unkempt","neat",""
"rakish","/ˈreɪkɪʃ/","adj.","外貌性格","义1. 潇洒不羁的","义1:
  • A rakish grin.
  • His rakish hat tilted low.
  • A rakish, confident air.","带点坏男孩魅力。","jaunty、debonair","","rakish 偏‘浪子式潇洒’；debonair 偏‘优雅从容’。"
"debonair","/ˌdebəˈneə/","adj.","外貌性格","义1. 从容优雅的","义1:
  • A debonair gentleman.
  • His debonair bow charmed her.
  • Debonair in a crisis.","风度翩翩、从容。","suave、urbane","","debonair 偏‘潇洒从容’；urbane 偏‘世故雅致’。"
"cadaverous","/kəˈdævərəs/","adj.","外貌性格","义1. 枯瘦如尸的","义1:
  • A cadaverous face.
  • His cadaverous look alarmed them.
  • Cadaverous from long illness.","极度消瘦苍白。","gaunt、ghastly","rubicund","cadaverous 强调‘像尸体般’；gaunt 偏‘憔悴骨立’。"
"sinewy","/ˈsɪnjuːi/","adj.","外貌性格","义1. 筋肉结实的","义1:
  • Sinewy arms.
  • A sinewy climber.
  • Sinewy strength, not bulk.","瘦而有力。","wiry、muscular","flabby","sinewy 偏‘肌腱分明’；wiry 偏‘精瘦结实’。"
"cherubic","/ˈtʃerəbɪk/","adj.","外貌性格","义1. （似）小天使般圆润可爱的","义1:
  • A cherubic face.
  • His cherubic smile disarmed her.
  • Cherubic cheeks.","圆脸纯真可爱。","angelic","",""
"elfin","/ˈelfɪn/","adj.","外貌性格","义1. 精灵般小巧灵动的","义1:
  • An elfin features.
  • Her elfin laugh charmed.
  • Elfin and quick.","小巧、俏皮、似精灵。","pixie-like","",""
"ungainly","/ʌnˈɡeɪnli/","adj.","外貌性格","义1. 笨拙不雅的","义1:
  • An ungainly gait.
  • His ungainly reach missed.
  • Ungainly but fast.","动作不协调。","awkward、clumsy","graceful","ungainly 偏‘体态/动作不雅’；awkward 通用笨拙。"
"plain","/pleɪn/","adj.","外貌性格","义1. （相貌）平凡的","义1:
  • A plain face.
  • She was plain but kind.
  • Plain features, sharp mind.","不艳丽；也可指‘直率/朴素’。","ordinary、unadorned","handsome","plain 外貌‘普通’；也可指言谈‘直白’。"
"pensive","/ˈpensɪv/","adj.","外貌性格","义1. 沉思的；忧郁的","义1:
  • A pensive look.
  • She grew pensive at dusk.
  • A pensive mood fell.","陷入深思，常带淡淡忧伤。","thoughtful、reflective","","pensive 偏‘带愁的沉思’；reflective 偏‘回想’。"
"lagoon","/ləˈɡuːn/","n.","地理环境","义1. 潟湖","义1:
  • A turquoise lagoon.
  • The lagoon shelters the reef.
  • Fish throng the lagoon.","被沙坝/珊瑚与海隔开的浅水。","","",""
"ravine","/rəˈviːn/","n.","地理环境","义1. 沟壑；深谷","义1:
  • A wooded ravine.
  • The ravine hid the stream.
  • Cross the ravine by bridge.","狭深切谷。","gorge","","ravine 偏小而林木覆盖；gorge 更深峻。"
"canyon","/ˈkænjən/","n.","地理环境","义1. 峡谷（大）","义1:
  • The Grand Canyon.
  • A canyon of red rock.
  • The canyon yawns wide.","极深阔峡谷。","gorge","",""
"dune","/djuːn/","n.","地理环境","义1. 沙丘","义1:
  • A wind-shaped dune.
  • The dune shifts yearly.
  • Climb the dune at dawn.","风吹积的沙堆。","","",""
"taiga","/ˈtaɪɡə/","n.","地理环境","义1. 针叶林带（泰加林）","义1:
  • The Siberian taiga.
  • The taiga borders the tundra.
  • The taiga stores carbon.","寒带针叶林；在 tundra 之南。","boreal forest","tundra",""
"cirque","/sɜːk/","n.","地理环境","义1. 冰斗（围谷）","义1:
  • A glacial cirque.
  • The cirque holds a tarn.
  • Climb to the cirque.","山体凹盆状冰蚀地貌。","corrie","",""
"crevasse","/krɪˈvæs/","n.","地理环境","义1. 冰裂缝","义1:
  • A deep crevasse.
  • The crevasse swallowed the sled.
  • Rope up near the crevasse.","冰川上的深裂。","","","crevasse 冰/大裂缝；crevice 岩石小缝。"
"tributary","/ˈtrɪbjətri/","n.","地理环境","义1. 支流","义1:
  • A tributary joins the river.
  • The tributary swells in rain.
  • Map the tributaries.","流入干流的河流。","","confluence",""
"confluence","/ˈkɒnfluəns/","n.","地理环境","义1. （河流）汇合处","义1:
  • The confluence of two rivers.
  • A town at the confluence.
  • Meet at the confluence.","两河相会点。","junction","tributary",""
"cataract","/ˈkætərækt/","n.","地理环境","义1. 大瀑布","义1:
  • A roaring cataract.
  • The cataract fed the gorge.
  • They portaged past the cataract.","巨大急瀑；也指‘白内障’（医学）。","waterfall、falls","",""
"precipitation","/prɪˌsɪpɪˈteɪʃn/","n.","地理环境","义1. 降水","义1:
  • Annual precipitation.
  • Precipitation fell as snow.
  • Measure precipitation by gauge.","雨/雪等大气降水。","rainfall","",""
"condensation","/ˌkɒndenˈseɪʃn/","n.","地理环境","义1. 凝结","义1:
  • Condensation forms dew.
  • The condensation fogged the glass.
  • Condensation releases heat.","水汽变液态。","","evaporation",""
"evaporation","/ɪˌvæpəˈreɪʃn/","n.","地理环境","义1. 蒸发","义1:
  • Evaporation cools the skin.
  • Loss by evaporation.
  • Evaporation feeds the cloud.","液态变气态。","","condensation",""
"humidity","/hjuːˈmɪdəti/","n.","地理环境","义1. 湿度","义1:
  • High humidity today.
  • Humidity worsens the heat.
  • Measure the humidity.","空气中水汽含量。","","",""
"aridity","/əˈrɪdəti/","n.","地理环境","义1. 干旱（度）","义1:
  • The aridity of the desert.
  • Aridity limits farming.
  • Rising aridity hurts yields.","干燥程度。","dryness","humidity",""
"seismic","/ˈsaɪzmɪk/","adj.","地理环境","义1. 地震的；重大的","义1:
  • A seismic shock.
  • Seismic shifts in the market.
  • The seismic zone is active.","与地震相关；喻剧烈变动。","earthquake","",""
"tectonic","/tekˈtɒnɪk/","adj.","地理环境","义1. 地壳的；构造的","义1:
  • Tectonic plates collide.
  • A tectonic uplift raised the range.
  • Tectonic change in the industry.","板块/构造；喻深层变动。","","",""
"magma","/ˈmæɡmə/","n.","地理环境","义1. 岩浆","义1:
  • Magma rises beneath the vent.
  • The magma cooled to rock.
  • Magma feeds the volcano.","地下熔融岩；喷出后称 lava。","","lava","magma 地下熔岩；lava 喷出地表后。"
"impasto","/ɪmˈpæstəʊ/","n.","艺术音乐","义1. 厚涂（颜料）","义1:
  • Thick impasto catches light.
  • The impasto gives texture.
  • Van Gogh's impasto.","厚重堆砌的颜料。","","",""
"mosaic","/məʊˈzeɪɪk/","n.","艺术音乐","义1. 马赛克；镶嵌画","义1:
  • A Byzantine mosaic.
  • The mosaic tiles the dome.
  • A mosaic of broken glass.","以小片拼贴图案。","","",""
"relief","/rɪˈliːf/","n.","艺术音乐","义1. 浮雕","义1:
  • A carved relief.
  • The relief stands proud of the wall.
  • A low relief, subtle.","凸起于平面的雕刻；bas-relief 浅浮雕。","bas-relief","",""
"patina","/pəˈtiːnə/","n.","艺术音乐","义1. （铜/木）包浆；铜绿","义1:
  • A green patina on bronze.
  • The patina shows its age.
  • Value the patina, don't scrub.","岁月形成的表层光泽/锈。","sheen","",""
"gilded","/ˈɡɪldɪd/","adj.","艺术音乐","义1. 镀金的；金饰的","义1:
  • A gilded frame.
  • The gilded dome gleams.
  • Gilded lettering.","贴/镀金；gilded age 指镀金时代。","golden","",""
"rococo","/rəˈkəʊkəʊ/","adj.","艺术音乐","义1. 洛可可（式）的","义1:
  • Rococo ornament.
  • A rococo salon.
  • Rococo curls and gold.","18世纪繁复华丽风格。","","",""
"expressionism","/ɪkˈspreʃənɪzəm/","n.","艺术音乐","义1. 表现主义","义1:
  • German expressionism.
  • Expressionism distorts form.
  • The film is expressionist.","强调主观情感、扭曲现实。","","",""
"minimalism","/ˈmɪnɪməlɪzəm/","n.","艺术音乐","义1. 极简主义","义1:
  • Musical minimalism.
  • Minimalism strips the excess.
  • A minimalist white room.","去繁就简；也指音乐重复技法。","","ornamentation",""
"installation","/ˌɪnstəˈleɪʃn/","n.","艺术音乐","义1. 装置艺术","义1:
  • A light installation.
  • The installation fills the hall.
  • She makes installations.","空间/现成品构成的当代艺术。","","",""
"arabesque","/ˌærəˈbesk/","n.","艺术音乐","义1. 阿拉伯式花纹；阿拉贝斯克","义1:
  • An arabesque on the arch.
  • The dancer struck an arabesque.
  • Arabesque scrolls in gold.","植物卷曲纹饰；也指芭蕾单腿姿态。","","",""
"grotesque","/ɡrəʊˈtesk/","adj.","艺术音乐","义1. 怪诞的","义1:
  • A grotesque mask.
  • Grotesque hybrids in the painting.
  • The carving is grotesque.","奇异荒诞、掺半人兽。","bizarre、misshapen","comely","grotesque 偏‘怪异可笑/可怕’；bizarre 偏‘离奇’。"
"diminuendo","/dɪˌmɪnjuˈendəʊ/","n.","艺术音乐","义1. 渐弱","义1:
  • A slow diminuendo.
  • The diminuendo faded out.
  • End with a diminuendo.","乐中渐轻；反义 crescendo。","decrescendo","crescendo",""
"adagio","/əˈdɑːdʒiəʊ/","adv./n.","艺术音乐","义1. 柔板（的）","义1:
  • Play it adagio.
  • The adagio moved slowly.
  • Mark the movement adagio.","慢速演奏指示。","slow","allegro",""
"allegro","/əˈleɡrəʊ/","adv./n.","艺术音乐","义1. 快板（的）","义1:
  • An allegro opening.
  • Move allegro here.
  • The allegro sparkles.","快速演奏指示；反义 adagio。","fast","adagio",""
"arpeggio","/ɑːˈpedʒiəʊ/","n.","艺术音乐","义1. 琶音","义1:
  • Play it as an arpeggio.
  • The arpeggio cascaded.
  • An arpeggio opens the piece.","和弦音依次奏出。","","",""
"concerto","/kənˈtʃeətəʊ/","n.","艺术音乐","义1. 协奏曲","义1:
  • A piano concerto.
  • The concerto spotlights the soloist.
  • Beethoven's violin concerto.","独奏+乐队的乐曲。","","",""
"overture","/ˈəʊvətʃə/","n.","艺术音乐","义1. 序曲","义1:
  • The overture sets the tone.
  • A Wagner overture.
  • The overture previews the themes.","歌剧/剧目前奏曲。","prelude","",""
"legato","/ləˈɡɑːtəʊ/","adv./adj.","艺术音乐","义1. 连奏（的）","义1:
  • Play legato.
  • A legato phrase flows.
  • Legato, not staccato.","音连贯无断；反义 staccato。","smooth","staccato",""
"staccato","/stəˈkɑːtəʊ/","adv./adj.","艺术音乐","义1. 断奏（的）","义1:
  • A staccato rhythm.
  • Play it staccato.
  • Staccato punctuates the line.","音短促分离；反义 legato。","detached","legato",""
"pentatonic","/ˌpentəˈtɒnɪk/","adj.","艺术音乐","义1. 五声的","义1:
  • A pentatonic scale.
  • Pentatonic melodies feel 'eastern'.
  • Use pentatonic for the riff.","五音音阶（如宫商角徵羽）。","","",""
"falsetto","/fɔːlˈsetəʊ/","n.","艺术音乐","义1. 假声","义1:
  • Sing in falsetto.
  • His falsetto soared.
  • A falsetto breaks the line.","男声高假音。","","",""
"layover","/ˈleɪəʊvə/","n.","旅游","义1. （转机）停留","义1:
  • A long layover.
  • The layover is in Tokyo.
  • Kill time during the layover.","两程间等候；近 stopover（常更长）。","stopover","","layover 常短；stopover 常指特意停留数日。"
"stopover","/ˈstɒpəʊvə/","n.","旅游","义1. （旅程中）停留","义1:
  • A stopover in Rome.
  • Add a stopover to the trip.
  • The stopover broke the flight.","途中逗留点。","layover","",""
"boutique-hotel","/buːˈtiːk həʊˈtel/","n.","旅游","义1. 精品酒店","义1:
  • A boutique hotel in the old town.
  • The boutique hotel charms.
  • Stay at a boutique hotel.","小而设计感强的酒店。","","",""
"spa","/spɑː/","n.","旅游","义1. 水疗；温泉疗养地","义1:
  • A mountain spa.
  • Book a spa treatment.
  • The spa relaxed them.","养生/疗养场所。","","",""
"boardwalk","/ˈbɔːdwɔːk/","n.","旅游","义1. （海滨）木栈道","义1:
  • Stroll the boardwalk.
  • The boardwalk lines the beach.
  • Shops on the boardwalk.","沿海/湖的木板路。","","",""
"promenade","/ˌprɒməˈnɑːd/","n.","旅游","义1. （滨海）步道；散步","义1:
  • Walk the promenade.
  • The promenade faces the sea.
  • An evening promenade.","供散步的长道。","esplanade、walk","",""
"esplanade","/ˌespləˈneɪd/","n.","旅游","义1. （河/海）滨大道","义1:
  • An esplanade by the river.
  • Jog the esplanade.
  • The esplanade filled at dusk.","开阔的滨海/滨河散步道。","promenade","",""
"hamlet","/ˈhæmlət/","n.","旅游","义1. 小村落","义1:
  • A quiet hamlet.
  • The hamlet has no shop.
  • They passed a hamlet.","比 village 更小的村。","village","","hamlet 极小无教堂；village 稍大。"
"borough","/ˈbʌrə/","n.","旅游","义1. （市）辖区；自治镇","义1:
  • A London borough.
  • The borough voted.
  • Each borough has its character.","城市行政区/小镇。","district","",""
"precinct","/ˈpriːsɪŋkt/","n.","旅游","义1. （特定）区域；警区","义1:
  • The historic precinct.
  • The shopping precinct.
  • The pedestrian precinct.","划定的功能区域。","district、zone","",""
"quarter","/ˈkwɔːtə/","n.","旅游","义1. （城市）街区；旧城区","义1:
  • The old quarter.
  • The Jewish quarter.
  • Wander the quarter.","具特色的老城区。","district","",""
"enclave","/ˈenkleɪv/","n.","旅游","义1. 飞地；孤立群体","义1:
  • An ethnic enclave.
  • The enclave sits within the city.
  • A mountain enclave.","被异质区域包围的领地/社群。","","",""
"thoroughfare","/ˈθʌrəfeə/","n.","旅游","义1. 大道；通衢","义1:
  • A busy thoroughfare.
  • The thoroughfare closed for fair.
  • Avoid the main thoroughfare.","主要通行道路。","arterial road","",""
"roundabout","/ˈraʊndəbaʊt/","n.","旅游","义1. 环岛（交通）","义1:
  • Take the roundabout.
  • The roundabout eased the junction.
  • Exit at the second roundabout.","环形交叉口；美式常称 traffic circle。","traffic circle","",""
"junction","/ˈdʒʌŋkʃn/","n.","旅游","义1. （道路/铁路）交汇处","义1:
  • A busy junction.
  • The junction connects two lines.
  • Wait at the junction.","汇合点。","intersection","",""
"signage","/ˈsaɪnɪdʒ/","n.","旅游","义1. 标识系统","义1:
  • Clear signage helps tourists.
  • The signage is bilingual.
  • Improve the signage.","指示牌总称。","","",""
"concierge","/ˌkɒnsiˈeəʒ/","n.","旅游","义1. （酒店）礼宾；门房","义1:
  • Ask the concierge.
  • The concierge booked tickets.
  • A helpful concierge.","酒店前台服务者。","","",""
"amenity","/əˈmiːnəti/","n.","旅游","义1. 便利设施","义1:
  • The hotel amenities.
  • Parks are a public amenity.
  • List the amenities.","便利/舒适设施。","facility","",""
"rampart","/ˈræmpɑːt/","n.","旅游","义1. （古城）壁垒","义1:
  • Walk the rampart.
  • The rampart rings the town.
  • The rampart still stands.","城墙/防御土垒。","bulwark、wall","",""
"Nebuchadnezzar","/ˌnebjukədˈnezə/","n.","历史人物","义1. 尼布甲尼撒二世（新巴比伦王）","义1:
  • Nebuchadnezzar took Jerusalem.
  • Nebuchadnezzar built the Hanging Gardens (traditionally).
  • Nebuchadnezzar exiled the Jews.","公元前 6 世纪巴比伦王，建空中花园（传说）。","","",""
"Cyrus","/ˈsaɪrəs/","n.","历史人物","义1. 居鲁士大帝（波斯阿契美尼德开国君）","义1:
  • Cyrus founded the Persian Empire.
  • Cyrus freed the exiled Jews.
  • Cyrus is remembered for tolerance.","公元前 6 世纪，宽容著称。","","",""
"Darius","/dəˈraɪəs/","n.","历史人物","义1. 大流士一世（波斯王）","义1:
  • Darius reorganized the empire.
  • Darius fought the Greeks at Marathon.
  • Darius built the royal road.","公元前期波斯王，希波战争一方。","","",""
"William-the-Conqueror","/ˌwɪljəm ðə kənˈkərə/","n.","历史人物","义1. 征服者威廉（诺曼底公爵/英王）","义1:
  • William conquered England in 1066.
  • William won at Hastings.
  • William commissioned the Domesday Book.","诺曼征服，改变英国史。","","",""
"Saladin","/ˈsælədɪn/","n.","历史人物","义1. 萨拉丁（阿尤布王朝苏丹）","义1:
  • Saladin took Jerusalem.
  • Saladin fought the Crusaders.
  • Saladin was famed for chivalry.","12 世纪穆斯林领袖，第三次十字军对手。","","",""
"Kublai-Khan","/ˌkuːblaɪ ˈkɑːn/","n.","历史人物","义1. 忽必烈（元世祖）","义1:
  • Kublai Khan founded the Yuan dynasty.
  • Kublai Khan received Marco Polo.
  • Kublai Khan ruled China.","蒙古帝国大汗，建元灭宋。","","",""
"Marco-Polo","/ˌmɑːkəʊ ˈpəʊləʊ/","n.","历史人物","义1. 马可·波罗（威尼斯旅行家）","义1:
  • Marco Polo reached China.
  • Marco Polo served Kublai Khan.
  • Marco Polo's book awed Europe.","13 世纪旅行者，沟通东西。","","",""
"Dante","/ˈdænti/","n.","历史人物","义1. 但丁（意大利诗人）","义1:
  • Dante wrote the Divine Comedy.
  • Dante shaped the Italian tongue.
  • Dante's Inferno is famed.","《神曲》作者，文艺复兴前驱。","","",""
"Leonardo-da-Vinci","/ˌliːənɑːdəʊ də ˈvɪntʃi/","n.","历史人物","义1. 列奥纳多·达·芬奇（文艺复兴全才）","义1:
  • Leonardo painted the Mona Lisa.
  • Leonardo sketched flying machines.
  • Leonardo epitomized the Renaissance.","画家/工程师/科学家。","","",""
"Michelangelo","/ˌmaɪkəlˈændʒələʊ/","n.","历史人物","义1. 米开朗基罗（文艺复兴艺术巨匠）","义1:
  • Michelangelo carved David.
  • Michelangelo painted the Sistine Chapel.
  • Michelangelo was a rival of Raphael.","雕塑/绘画/建筑大师。","","",""
"Galileo","/ˌɡælɪˈleɪəʊ/","n.","历史人物","义1. 伽利略（天文学家/物理学家）","义1:
  • Galileo championed the telescope.
  • Galileo was tried by the Church.
  • Galileo showed Jupiter's moons.","近代科学奠基者之一。","","",""
"Copernicus","/kəˈpɜːnɪkəs/","n.","历史人物","义1. 哥白尼（天文学家）","义1:
  • Copernicus proposed heliocentrism.
  • Copernicus overturned the old cosmos.
  • Copernicus influenced Galileo.","日心说提出者。","","",""
"Kepler","/ˈkeplə/","n.","历史人物","义1. 开普勒（天文学家）","义1:
  • Kepler found the laws of planetary motion.
  • Kepler built on Tycho's data.
  • Kepler refined Copernicus.","行星运动三定律。","","",""
"Gutenberg","/ˈɡuːtənbɜːɡ/","n.","历史人物","义1. 古腾堡（印刷术革新者）","义1:
  • Gutenberg invented movable type in Europe.
  • Gutenberg's press spread books.
  • Gutenberg changed literacy.","活字印刷推动知识传播。","","",""
"Columbus","/kəˈlʌmbəs/","n.","历史人物","义1. 哥伦布（航海家）","义1:
  • Columbus reached the Americas in 1492.
  • Columbus sailed for Spain.
  • Columbus opened the Columbian Exchange.","开启欧陆美洲接触。","","",""
"Magellan","/məˈɡelən/","n.","历史人物","义1. 麦哲伦（航海家）","义1:
  • Magellan led the first circumnavigation.
  • Magellan died in the Philippines.
  • Magellan's voyage proved the globe.","首次环球航行（本人未归）。","","",""
"Elizabeth-I","/ɪˈlɪzəbəθ ðə ˈfɜːst/","n.","历史人物","义1. 伊丽莎白一世（英格兰女王）","义1:
  • Elizabeth I reigned for 45 years.
  • Elizabeth I defeated the Armada.
  • Elizabeth I's era was a golden age.","都铎盛世， virgin queen。","","",""
"Lincoln","/ˈlɪŋkən/","n.","历史人物","义1. 林肯（美国第 16 任总统）","义1:
  • Lincoln abolished slavery.
  • Lincoln led the Union.
  • Lincoln was assassinated in 1865.","美国内战、解放黑奴。","","",""
"Gandhi","/ˈɡɑːndi/","n.","历史人物","义1. 甘地（印度独立领袖）","义1:
  • Gandhi preached non-violence.
  • Gandhi led the salt march.
  • Gandhi won independence by peace.","非暴力不合作运动。","","",""
"Mandela","/mænˈdelə/","n.","历史人物","义1. 曼德拉（南非反种族隔离领袖）","义1:
  • Mandela fought apartheid.
  • Mandela spent 27 years jailed.
  • Mandela became president in 1994.","种族和解象征。","","",""
"Churchill","/ˈtʃɜːtʃɪl/","n.","历史人物","义1. 丘吉尔（英国首相）","义1:
  • Churchill led Britain in WWII.
  • Churchill rallied with his speeches.
  • Churchill warned of the Iron Curtain.","二战领袖，冷战演说。","","",""
"Roosevelt","/ˈrəʊzəvelt/","n.","历史人物","义1. 罗斯福（美国总统，FDR）","义1:
  • Roosevelt launched the New Deal.
  • Roosevelt led through the Depression.
  • Roosevelt served four terms.","新政、二战同盟领袖。","","",""
"Stalin","/ˈstɑːlɪn/","n.","历史人物","义1. 斯大林（苏联领导人）","义1:
  • Stalin industrialized the USSR.
  • Stalin won WWII with huge cost.
  • Stalin's purges killed millions.","铁腕统治，大清洗。","","",""
"Lenin","/ˈlenɪn/","n.","历史人物","义1. 列宁（苏维埃缔造者）","义1:
  • Lenin led the 1917 Revolution.
  • Lenin founded the USSR.
  • Lenin's ideas shaped the state.","十月革命，建苏维埃。","","",""
"Sun-Yat-sen","/ˌsʌn jɑːtˈsen/","n.","历史人物","义1. 孙中山（中国革命先行者）","义1:
  • Sun Yat-sen founded the republic.
  • Sun Yat-sen led the 1911 Revolution.
  • Sun Yat-sen is 'father of the nation'.","辛亥革命，推翻帝制。","","",""
"Tokugawa","/ˈtɒkuɡɑːwə/","n.","历史人物","义1. 德川（日本幕府将军家）","义1:
  • The Tokugawa shoguns ruled Japan.
  • Tokugawa closed the country.
  • Tokugawa kept peace for 250 years.","江户幕府，锁国时期。","","",""
"Meiji","/ˈmeɪdʒi/","n.","历史人物","义1. 明治（日本天皇/时代）","义1:
  • The Meiji Restoration modernized Japan.
  • Meiji opened the country to trade.
  • Meiji built a modern army.","明治维新，日本近代化。","","",""
"juxtapose","/ˈdʒʌkstəpəʊz/","v.","学术写作","义1. 并置；把……并列以形成对照","义1:
  • The essay juxtaposes two conflicting theories.
  • The curator juxtaposed classical and modern works.
  • Juxtaposing the data reveals a paradox.","juxtaposition (n.) 常作文学/艺术手法分析术语。","contrast、compare、place side by side","separate、isolate","juxtapose 把两物放一起以显差异；compare 中性比较；contrast 强调差异本身。"
"thesiss","/ˈθiːsɪs/","n.","学术写作","义1. 论点；学位论文","义1:
  • His thesis is that institutions shape behaviour.
  • The book advances a provocative thesis.
  • She is writing her doctoral thesis.","复数 theses；在议论文中指“中心论点”。","argument、claim、dissertation","antithesis","thesis 指论证性主张或学位论文；argument 泛指论证；dissertation 多指博士论文。"
"axiom","/ˈæksiəm/","n.","学术写作","义1. 公理；不证自明之理","义1:
  • Euclid built geometry from a few axioms.
  • We treated fairness as an axiom.
  • The axiom underlies the proof.","axiomatic (adj.) 自明的。","maxim、self-evident truth、postulate","paradox","axiom 数学/逻辑中无可辩驳的起点；maxim 道德格言；postulate 待证假设。"
"triangulate","/traɪˈæŋɡjəleɪt/","v.","学术写作","义1. （用多源）交叉验证；三角定位","义1:
  • We triangulated the finding with three methods.
  • Researchers triangulate data sources.
  • Triangulating perspectives strengthens validity.","方法论术语，强调多证据互证。","cross-check、corroborate","","triangulate 特指多方法/多源互证；cross-check 一般复核。"
"operationalize","/ˌɒpəˈreɪʃənəlaɪz/","v.","学术写作","义1. 使可操作化（把概念转为可测指标）","义1:
  • We operationalized 'trust' as response time.
  • The variable must be operationalized clearly.
  • Operationalizing the construct was tricky.","社科方法论常用。","define operationally、measure","","operationalize 把抽象概念变成可观测变量；measure 仅测量。"
"scrutinize","/ˈskruːtənaɪz/","v.","学术写作","义1. 仔细审查；细察","义1:
  • Reviewers scrutinized the methods.
  • Scrutinize the assumptions behind it.
  • The committee scrutinized every claim.","scrutiny (n.) 审查。","examine、inspect、analyze","ignore、glance","scrutinize 极仔细地看；examine 一般检查；inspect 例行查验。"
"concomitant","/kənˈkɒmɪtənt/","adj./n.","学术写作","义1. 伴随的；共生事物","义1:
  • Growth brings concomitant risks.
  • Poverty and its concomitant ills.
  • There are concomitant benefits.","正式；concomitantly (adv.)。","accompanying、simultaneous、associated","unrelated","concomitant 强调同时发生且相关；simultaneous 仅同时；accompanying 伴随。"
"proximate","/ˈprɒksɪmət/","adj.","学术写作","义1. 最接近的；直接的（原因）","义1:
  • The proximate cause was a spark.
  • Distinguish proximate from root causes.
  • Proximate factors explain the event.","对 ultimate（根本的）；proximity (n.) 邻近。","immediate、nearest、direct","ultimate、remote","proximate cause 直接诱因；ultimate cause 根本原因。"
"synthesis","/ˈsɪnθəsɪs/","n.","学术写作","义1. 综合；合成（整合为整体）","义1:
  • The essay is a synthesis of three views.
  • Protein synthesis occurs in cells.
  • We attempted a synthesis of the data.","对 analysis；synthesize (v.)。","integration、combination、blend","analysis、breakdown","synthesis 把部分整合为新整体；analysis 拆开分析；combination 一般组合。"
"counterfactual","/ˌkaʊntəˈfæktʃuəl/","adj./n.","学术写作","义1. 反事实的（假设未发生情形）","义1:
  • We ran a counterfactual simulation.
  • The counterfactual reveals what mattered.
  • Consider the counterfactual case.","历史/因果推断常用。","hypothetical、contrary-to-fact","factual","counterfactual 假设与事实相反以推因果；hypothetical 一般假设。"
"substantive","/ˈsʌbstəntɪv/","adj.","学术写作","义1. 实质性的；重大的","义1:
  • We reached no substantive agreement.
  • A substantive change is needed.
  • The critique is substantive.","对 procedural（程序性的）。","substantial、real、meaningful","trivial、cosmetic","substantive 触及实质内容；substantial 量大；trivial 无关紧要。"
"infer","/ɪnˈfɜː/","v.","学术写作","义1. 推断；推理得出","义1:
  • We inferred intent from the actions.
  • Do not infer causation too quickly.
  • Readers infer the theme.","inference (n.)；易与 imply 混。","deduce、conclude、gather","imply、state","infer 由证据推（接收端）；imply 暗示（发出端）。"
"proposition","/ˌprɒpəˈzɪʃn/","n.","学术写作","义1. 命题；主张","义1:
  • The proposition is debatable.
  • We tested the proposition empirically.
  • His central proposition fails.","propose (v.)；逻辑/哲学中“命题”。","claim、statement、thesis","","proposition 可真可假的陈述；claim 主张；thesis 中心论点。"
"validity","/vəˈlɪdəti/","n.","学术写作","义1. 效度；有效性","义1:
  • The test's validity is questionable.
  • We assessed construct validity.
  • Threats to validity remain.","对 reliability（信度）；valid (adj.)。","soundness、legitimacy、cogency","invalidity","validity 测量是否测到该测的；reliability 结果是否稳定可复现。"
"disseminate","/dɪˈsemɪneɪt/","v.","学术写作","义1. 传播；散布（知识、信息）","义1:
  • We disseminated the findings widely.
  • The journal disseminates research.
  • Funds disseminate slowly.","dissemination (n.)；比 spread 正式。","spread、circulate、propagate","suppress、withhold","disseminate 正式传播知识；circulate 流通；propagate 繁殖/宣传。"
"simile","/ˈsɪməli/","n.","英语文学","义1. 明喻（用 like/as 比较）","义1:
  • 'Brave as a lion' is a simile.
  • The simile brightens the line.
  • She used a apt simile.","对 metaphor。","comparison、metaphor","metaphor","simile 显式用 like/as；metaphor 隐式等同。"
"pathos","/ˈpeɪθɒs/","n.","英语文学","义1. 悲情；唤起怜悯的力量","义1:
  • The speech evoked pathos.
  • He wielded pathos skillfully.
  • Too much pathos feels manipulative.","对 ethos/logos；pathetic (adj.) 此处指动人。","pity、sorrow、emotion","apathy","pathos 引发同情悲悯；ethos 靠品格说服；logos 靠逻辑。"
"sestet","/seˈstet/","n.","英语文学","义1. 六行诗节（十四行诗后六行）","义1:
  • The sestet resolves the octave.
  • The sestet shifts tone.
  • Study the sestet closely.","对 octave。","stanza、sexain","octave","sestet 六行收束；octave 前八行设问。"
"tercet","/ˈtɜːsɪt/","n.","英语文学","义1. 三行诗节","义1:
  • The terza rima uses tercets.
  • Each tercet rhymes ABA.
  • A tercet closes the poem.","tercet 三行；如 Dante 的三韵体。","triplet、stanza","","tercet 三行诗节；triplet 三行押韵 unit。"
"cacophony","/kəˈkɒfəni/","n.","英语文学","义1. 不谐音；刺耳之声","义1:
  • The street was a cacophony.
  • Cacophony contrasts with euphony.
  • The cacophony broke calm.","对 euphony（悦耳）。","dissonance、noise、clamor","euphony、harmony","cacophony 刺耳混杂；dissonance 不和谐音；clamor 喧嚷。"
"euphony","/ˈjuːfəni/","n.","英语文学","义1. 悦耳之音","义1:
  • The line has euphony.
  • Poets seek euphony.
  • Euphony softens the mood.","对 cacophony。","harmony、melody、sweetness","cacophony、dissonance","euphony 听觉悦耳；harmony 和谐；melody 旋律。"
"litotes","/ˈlaɪtətiːz/","n.","英语文学","义1. 曲言法（以否定反表肯定）","义1:
  • 'Not bad' is litotes for good.
  • Litotes understates for effect.
  • He used litotes to be modest.","如 'no small feat' 意为很大成就。","understatement、meiosis","hyperbole","litotes 用否定弱化以强调；understatement 泛轻描淡写；hyperbole 夸大。"
"chiasmus","/kaɪˈæzməs/","n.","英语文学","义1. 交错法（ABBA 结构）","义1:
  • 'Ask not what your country can do…' is chiasmus.
  • Chiasmus mirrors structure.
  • The speech deploys chiasmus.","修辞格，如 'never let a fool kiss you / you kiss no fool'。","antimetabole、rhetorical device","","chiasmus 结构交叉；antimetabole 词序颠倒重复。"
"subtext","/ˈsʌbtekst/","n.","英语文学","义1. 潜台词；言外之意","义1:
  • The subtext is political.
  • Read the subtext between lines.
  • His calm hid a subtext of fear.","对 text（明示）。","undertone、implicit meaning","explicit text","subtext 未明说之意；undertone 隐含情绪/态度。"
"zeugma","/ˈzjuːɡmə/","n.","英语文学","义1. 轭式搭配（一词管两宾语，一实一虚）","义1:
  • 'He took his vows and his leave' is zeugma.
  • Zeugma yokes two senses.
  • The poet enjoys zeugma.","修辞格，如 'lost his wallet and his temper'。","syllepsis、rhetorical device","","zeugma 一词支配不同性质宾语；syllepsis 语法上刻意不一。"
"objective","/əbˈdʒektɪv/","adj./n.","英语文学","义1. 客观的（无偏见的）","义1:
  • Strive for an objective tone.
  • The narrator is objective.
  • An objective account avoids bias.","对 subjective；objective correlative 艾略特术语。","impartial、neutral、unbiased","subjective、biased","objective 去个人色彩；neutral 不偏不倚；impartial 不偏袒。"
"subjective","/səbˈdʒektɪv/","adj.","英语文学","义1. 主观的（出自个人感受）","义1:
  • Taste is subjective.
  • The essay is subjective.
  • Avoid subjective claims in data.","对 objective。","personal、biased、impressionistic","objective","subjective 基于个人；personal 私人；impressionistic 印象式。"
"oligarchy","/ˈɒlɪɡɑːki/","n.","法律政治","义1. 寡头政治","义1:
  • An oligarchy of elites ruled.
  • The oligarchy controlled wealth.
  • Critics call it a corporate oligarchy.","oligarch (n.)；对 democracy。","rule by few、plutocracy、elite dominance","democracy","oligarchy 少数精英统治；plutocracy 富豪统治；aristocracy 贵族统治。"
"theocracy","/θiˈɒkrəsi/","n.","法律政治","义1. 神权政治","义1:
  • The state became a theocracy.
  • The theocracy fused church and state.
  • Reform challenged the theocracy.","theocratic (adj.)。","rule by clergy、clerical state","secular state","theocracy 宗教领袖执政；secular state 世俗国家；autocracy 一人统治。"
"enfranchise","/ɪnˈfræntʃaɪz/","v.","法律政治","义1. 授予选举权；解放","义1:
  • Women were enfranchised in 1920.
  • The reform enfranchised minorities.
  • Enfranchise the disenfranchised.","对 disenfranchise；franchise (n.) 选举权。","empower、give the vote、liberate","disenfranchise、disempower","enfranchise 给政治投票权；empower 泛赋权；liberate 解放。"
"abrogate","/ˈæbrəɡeɪt/","v.","法律政治","义1. 废除（条约/法律）","义1:
  • They abrogated the treaty.
  • The power to abrogate is disputed.
  • Abrogate the obsolete law.","正式，常接 treaty；对 ratify。","repeal、annul、abolish","enact、ratify","abrogate 单方废约（常含违约意味）；repeal 立法废除；annul 宣告自始无效。"
"usurp","/juːˈzɜːp/","v.","法律政治","义1. 篡夺（权力/王位）","义1:
  • He usurped the throne.
  • The general usurped power.
  • Usurp authority at your peril.","usurper (n.) 篡权者。","seize、appropriate、take over","relinquish","usurp 非法夺取本属他人的权；seize 夺取；appropriate 挪用。"
"disenfranchise","/ˌdɪsɪnˈfræntʃaɪz/","v.","法律政治","义1. 剥夺（某人的）选举权","义1:
  • The law disenfranchised thousands.
  • Felons are disenfranchised.
  • Reforms aim to enfranchise, not disenfranchise.","对 enfranchise。","disempower、disfranchise、exclude","enfranchise、empower","disenfranchise 剥权；disempower 泛夺能；exclude 排斥。"
"proliferation","/prəˌlɪfəˈreɪʃn/","n.","法律政治","义1. 扩散；激增（尤核武）","义1:
  • They fear nuclear proliferation.
  • Proliferation of weapons continued.
  • Curb the proliferation.","proliferate (v.)。","spread、multiplication、expansion","containment","proliferation 快速扩散（常带负面/安全）；spread 中性扩散；multiplication 倍增。"
"ambulatory","/ˈæmbjələtəri/","adj.","医疗健康","义1. 可行走的；门诊的","义1:
  • The patient is ambulatory.
  • Ambulatory care avoids admission.
  • Ambulatory surgery same-day.","对 inpatient（住院）；ambulate (v.) 行走。","mobile、outpatient、walking","bedridden、inpatient","ambulatory 能走动/门诊；outpatient 不住院就诊；mobile 可移动。"
"anemia","/əˈniːmiə/","n.","医疗健康","义1. 贫血","义1:
  • She was diagnosed with anemia.
  • Anemia causes fatigue.
  • Treat the anemia with iron.","anaemic (adj.) 贫血的/虚弱的。","blood deficiency、anaemia","polycythemia","anemia 红细胞/血红素不足；anaemia 同词英式拼法。"
"hypertension","/ˌhaɪpəˈtenʃn/","n.","医疗健康","义1. 高血压","义1:
  • He has hypertension.
  • Control hypertension with diet.
  • Hypertension risks stroke.","对 hypotension（低血压）；hypertensive (adj.)。","high blood pressure","hypotension","hypertension 血压过高；high blood pressure 同义俗称。"
"immunize","/ˈɪmjənaɪz/","v.","医疗健康","义1. 使免疫；接种疫苗","义1:
  • Immunize the child early.
  • They immunized the village.
  • Immunize against flu.","immunization (n.)；immune (adj.) 免疫的。","vaccinate、inoculate、protect","infect","immunize 广义获得免疫；vaccinate 接种疫苗；inoculate 接种（菌）。"
"sedate","/sɪˈdeɪt/","v./adj.","医疗健康","义1. 给……服镇静剂；镇静的","义1:
  • They sedated the patient.
  • A sedate recovery room.
  • Sedate him before surgery.","sedative (n./adj.) 镇静剂；对 stimulate。","calm、tranquilize、quiet","stimulate、agitate","sedate 用药镇静；calm 泛安抚；tranquilize 使镇定（常动物）。"
"scrub","/skrʌb/","v./n.","医疗健康","义1. （外科）刷手消毒；擦洗","义1:
  • Scrub before surgery.
  • The nurse scrubbed in.
  • Surgical scrub is vital.","medical 专指术前无菌刷手。","cleanse、sanitize、disinfect","contaminate","scrub 用力擦洗（医：刷手）；sanitize 消毒；disinfect 杀灭病原。"
"contagion","/kənˈteɪdʒən/","n.","医疗健康","义1. 传染；接触传染物","义1:
  • Fear spread by contagion.
  • Isolate to stop contagion.
  • The contagion jumped species.","contagious (adj.)；对 contagious 强调“接触传”。","infection、transmission、spread","immunity","contagion 接触传播；infection 感染；transmission 传播机制。"
"vector","/ˈvektə/","n.","医疗健康","义1. （疾病）传播媒介","义1:
  • Mosquitoes are the vector.
  • Control the vector.
  • The vector spreads dengue.","本义向量；医：病媒（如蚊）。","carrier、transmitter","","vector 携带病原的生物媒介；carrier 携带者（也可人）；transmitter 传播体。"
"dysfunction","/dɪsˈfʌŋkʃn/","n.","医疗健康","义1. 功能障碍","义1:
  • Erectile dysfunction.
  • Organ dysfunction noted.
  • Cognitive dysfunction persists.","dysfunctional (adj.) 功能失调的。","impairment、malfunction、disorder","function","dysfunction 功能失常；impairment 受损；disorder 紊乱/病。"
"metabolism","/məˈtæbəlɪzəm/","n.","医疗健康","义1. 新陈代谢","义1:
  • Exercise boosts metabolism.
  • Her metabolism slowed.
  • Drugs alter metabolism.","metabolic (adj.) 代谢的。","processing、breakdown","","metabolism 体内化学转化；breakdown 分解；processing 处理。"
"atrody","/ˈætrəfi/","n./v.","医疗健康","义1. 萎缩（废用性）","义1:
  • The muscle atrophied.
  • Disuse causes atrophy.
  • Atrophy of the limb.","atrophy 肌肉/器官萎缩；对 hypertrophy（肥大）。","wasting、shrinkage、degeneration","growth、hypertrophy","atrophy 因不用而萎缩；wasting 消耗；shrinkage 缩小。"
"septic","/ˈseptɪk/","adj.","医疗健康","义1. 败血症的；腐败的","义1:
  • The wound turned septic.
  • Septic shock is deadly.
  • A septic tank treats waste.","sepsis (n.) 败血症；aseptic 无菌的。","infected、purulent、festering","aseptic、sterile","septic 感染化脓/败血；infected 被感染；purulent 化脓。"
"anesthetic","/ˌænəsˈθetɪk/","n./adj.","医疗健康","义1. 麻醉剂；麻醉的","义1:
  • Given a local anesthetic.
  • The anesthetic wore off.
  • Anesthetic risk discussed.","anaesthetic 英式；anesthesia (n.) 麻醉状态。","numbing agent、sedative","stimulant","anesthetic 阻断痛觉的药；sedative 镇静；numbing 使麻木。"
"intubation","/ˌɪntjuːˈbeɪʃn/","n.","医疗健康","义1. 插管（气道）","义1:
  • He needed intubation.
  • Intubation saved her.
  • Emergency intubation performed.","intubate (v.) 插管；对 extubate 拔管。","tube insertion、airway placement","extubation","intubation 置入导管开通气道；extubation 拔管。"
"neonatal","/ˌniːəʊˈneɪtl/","adj.","医疗健康","义1. 新生儿的（出生28天内）","义1:
  • Neonatal care improved.
  • Neonatal death declined.
  • A neonatal unit opened.","neonate (n.) 新生儿；prenatal 产前；postnatal 产后。","newborn、infant","geriatric","neonatal 特指新生儿期；newborn 泛新生；infant 婴儿。"
"reduce","/rɪˈdjuːs/","v.","美食食品","义1. 收汁；熬浓","义1:
  • Reduce the sauce.
  • Reduce by half.
  • Reduce until glossy.","cooking 专指浓缩汤汁。","boil down、thicken","dilute","reduce 熬煮收浓；thicken 增稠；boil down 煮干。"
"zest","/zest/","n./v.","美食食品","义1. （柑橘）外皮；增添风味","义1:
  • Add lemon zest.
  • Zest the orange.
  • A zest of lime brightens it.","取 citrus 外层有色皮（非白瓤）。","peel、rind、flavor","","zest 柑橘香皮；peel 整皮；rind 厚皮（瓜/橙）。"
"temper","/ˈtempə/","v.","美食食品","义1. 调温（巧克力）；回火","义1:
  • Temper the chocolate.
  • Temper to 31°C.
  • Tempered chocolate snaps.","chocolate tempering 使结晶稳定有光泽。","condition、stabilize","","temper 控温结晶；condition 处理；stabilize 稳定。"
"render","/ˈrendə/","v.","美食食品","义1. 熬（油）；提炼油脂","义1:
  • Render the fat.
  • Render lard from pork.
  • Render until crisp.","cooking 专指炼脂。","melt down、extract","","render 慢火熬出油脂；melt 融化；extract 萃取。"
"scald","/skɔːld/","v.","美食食品","义1. 烫（短时沸水/热液）","义1:
  • Scald the milk.
  • Scald the tomatoes.
  • Do not scald the cream.","scald 近沸不沸；对 boil。","blanch、heat","chill","scald 加热至将沸；blanch 焯；heat 加热。"
"fold","/fəʊld/","v.","美食食品","义1. 翻拌（轻柔混合）","义1:
  • Fold in the egg whites.
  • Fold gently.
  • Fold until just combined.","烘焙手法，保气泡。","incorporate、mix","stir vigorously","fold 切拌保松；stir 搅；mix 混。"
"flambe","/flɒmˈbeɪ/","adj./v.","美食食品","义1. 火焰上桌（燃酒）","义1:
  • Flambé the pancakes.
  • A flambé of cherries.
  • Flambé at the table.","法语；flamber (v.)。","torched、ignited","","flambé 淋酒点燃；torched 喷枪烧；ignited 点燃。"
"entree","/ˈɒntreɪ/","n.","美食食品","义1. 主菜（美）；前菜（法/英）","义1:
  • The entree is salmon.
  • Order the entree.
  • In France entree is a starter.","美式指主菜，英/法指开胃菜——注意歧义。","main course、starter","","entree 美=主菜，英/法=前菜；main 主菜；starter 前菜。"
"amuse-bouche","/æˌmjuːz ˈbuːʃ/","n.","美食食品","义1. 开胃一口小吃","义1:
  • An amuse-bouche greeted us.
  • The chef sent an amuse-bouche.
  • Tiny amuse-bouche prelude.","法语“逗嘴的小食”，餐厅赠前菜。","taster、amuse-gueule","","amuse-bouche 赠予小前菜；taster 试吃；appetizer 开胃菜（点单）。"
"savory","/ˈseɪvəri/","adj.","美食食品","义1. 咸香的；开胃的（非甜）","义1:
  • A savory pie.
  • Savory over sweet.
  • Savory umami depth.","美式 savory 也拼 savoury；对 sweet。","salty、umami、piquant","sweet、bland","savory 咸鲜不甜；salty 咸；piquant 微辣开胃。"
"floral","/ˈflɔːrəl/","adj.","美食食品","义1. 花香的（形容酒/茶）","义1:
  • Floral notes in the wine.
  • A floral tea.
  • Floral aroma.","品鉴词；也指“花的”。","flowery、aromatic","earthy","floral 花香调；flowery 似花；aromatic 芳香。"
"earthy","/ˈɜːθi/","adj.","美食食品","义1. 土味的；质朴的","义1:
  • Earthy mushrooms.
  • An earthy red wine.
  • Earthy beet flavor.","品鉴词，常指泥土/矿物感。","soil-like、rustic、gamey","floral、clean","earthy 土/矿物质朴感；rustic 粗朴；gamey 野味。"
"freckled","/ˈfreklɪd/","adj.","外貌性格","义1. 有雀斑的","义1:
  • A freckled face.
  • Freckled arms.
  • The freckled boy.","freckle (n.) 雀斑。","speckled、spotted","clear-skinned","freckled 雀斑密布；speckled 斑点；spotted 有斑。"
"ruddy","/ˈrʌdi/","adj.","外貌性格","义1. （面色）红润的","义1:
  • A ruddy complexion.
  • Ruddy cheeks from cold.
  • The ruddy farmer.","常指健康红；也指“微醉红”。","rosy、flushed、red","pale、wan","ruddy 健康红润；rosy 粉红；flushed 潮红。"
"coiffed","/kwɑːft/","adj.","外貌性格","义1. （头发）精心打理的","义1:
  • Immaculately coiffed hair.
  • A coiffed gentleman.
  • She was well coiffed.","coiffure (n.) 发式；coif (v.) 梳。","styled、coiffured、groomed","disheveled","coiffed 发型打理好；groomed 整体整洁；styled 造型。"
"ethereal","/ɪˈθɪəriəl/","adj.","外貌性格","义1. 空灵的；超凡脱俗的","义1:
  • An ethereal beauty.
  • Ethereal voice.
  • Ethereal light.","本义“像空气的/天的”。","delicate、otherworldly、airy","earthy、heavy","ethereal 轻盈如仙；delicate 精致；otherworldly 超尘。"
"unassuming","/ˌʌnəˈsjuːmɪŋ/","adj.","外貌性格","义1. 谦逊不张扬的","义1:
  • An unassuming hero.
  • He is unassuming.
  • Unassuming elegance.","unassuming 不摆架子。","modest、humble、unpretentious","arrogant、pretentious","unassuming 自然不炫；modest 谦虚；unpretentious 不矫饰。"
"vexed","/vekst/","adj.","外貌性格","义1. 烦恼的；争论不休的","义1:
  • A vexed expression.
  • A vexed question.
  • She looked vexed.","vex (v.) 使恼火；vexed issue 棘手争议。","annoyed、irritated、contested","calm、settled","vexed 被小事惹烦；irritated 被激恼；contested 有争议。"
"melancholy","/ˈmelənkəli/","adj./n.","外貌性格","义1. 忧郁的； melancholy","义1:
  • A melancholy mood.
  • Melancholy in the music.
  • He sank into melancholy.","melancholic (adj.)；比 sad 更具文学气质。","sad、wistful、pensive","cheerful、sanguine","melancholy 深沉忧郁（常带诗意）；sad 一般悲；wistful 怅惘。"
"capricious","/kəˈprɪʃəs/","adj.","外貌性格","义1. 反复无常的；任性的","义1:
  • A capricious boss.
  • Capricious weather.
  • Her capricious mood.","caprice (n.) 突发奇想。","fickle、whimsical、erratic","steady、predictable","capricious 多变难测；fickle 易变心；whimsical 异想天开。"
"equanimity","/ˌekwəˈnɪməti/","n.","外貌性格","义1. 镇定；临危不乱","义1:
  • She faced it with equanimity.
  • Keep your equanimity.
  • He recovered his equanimity.","equanimous (adj.)。","composure、calm、balance","agitation、panic","equanimity 情绪平稳不被扰；composure 沉着；balance 平衡。"
"ingratiating","/ɪnˈɡreɪʃieɪtɪŋ/","adj.","外貌性格","义1. 讨好的；迎合的","义1:
  • An ingratiating smile.
  • Ingratiating manner.
  • He was ingratiating.","ingratiate (v.) 迎合讨好；常带贬义。","sycophantic、obsequious、fawning","aloof、blunt","ingratiating 刻意讨好；obsequious 卑躬；sycophantic 谄媚。"
"sycophant","/ˈsɪkəfænt/","n.","外貌性格","义1. 谄媚者；马屁精","义1:
  • The king's sycophants.
  • He is a sycophant.
  • Beware sycophants.","sycophantic (adj.)。","flatterer、toady、yes-man","critic、straight-talker","sycophant 拍马者；toady 趋炎；yes-man 应声虫。"
"alluvial","/əˈluːviəl/","adj.","地理环境","义1. 冲积的（河流沉积）","义1:
  • Alluvial plains are fertile.
  • Alluvial soil.
  • An alluvial fan formed.","alluvium (n.) 冲积物。","deposited、sedimentary","","alluvial 水流沉积的；sedimentary 沉积岩；deposited 沉积。"
"bluff","/blʌf/","n.","地理环境","义1. 峭壁；海蚀断崖","义1:
  • A chalk bluff.
  • The bluff overlooked the sea.
  • Climb the bluff.","bluff 也指“虚张声势”（性格）。","cliff、escarpment","valley","bluff 宽平顶峭壁；cliff 陡崖；escarpment 长崖。"
"humid","/ˈhjuːmɪd/","adj.","地理环境","义1. 潮湿的（空气含水多）","义1:
  • Humid tropics.
  • A humid summer.
  • Humid air.","humidity (n.)；对 arid。","moist、damp、muggy","arid、dry","humid 空气潮；moist 微湿；muggy 闷热潮。"
"geyser","/ˈɡaɪzə/","n.","地理环境","义1. 间歇泉","义1:
  • The geyser erupted.
  • Icelandic geysers.
  • Old Faithful geyser.","冰岛/黄石特征。","hot spring、spouter","","geyser 间歇喷发；hot spring 温泉（不喷）；spouter 喷口。"
"outcrop","/ˈaʊtkrɒp/","n.","地理环境","义1. （岩层）露头","义1:
  • A granite outcrop.
  • Rock outcrops appear.
  • Shelter by the outcrop.","outcrop 地表外露岩。","exposure、protrusion","","outcrop 岩层出露；exposure 暴露面；protrusion 突起。"
"vertebrate","/ˈvɜːtɪbrət/","n./adj.","动植物","义1. 脊椎动物","义1:
  • Fish are vertebrates.
  • Vertebrate evolution.
  • A vertebrate fossil.","对 invertebrate（无脊椎）。","backboned animal","invertebrate","vertebrate 有脊柱；invertebrate 无脊柱；backboned 有脊。"
"invertebrate","/ɪnˈvɜːtɪbrət/","n./adj.","动植物","义1. 无脊椎动物","义1:
  • Insects are invertebrates.
  • Invertebrate diversity.
  • An invertebrate larva.","对 vertebrate。","insect、worm","vertebrate","invertebrate 无脊柱（昆虫/软体等）；insect 昆虫；worm 蠕虫。"
"chlorophyll","/ˈklɒrəfɪl/","n.","动植物","义1. 叶绿素","义1:
  • Chlorophyll makes leaves green.
  • Chlorophyll captures light.
  • Lack of chlorophyll.","chlorophyll 光合作用色素。","green pigment","","chlorophyll 绿色光合色素；pigment 色素泛称。"
"spiracle","/ˈspaɪrəkl/","n.","动植物","义1. （昆虫/鲨）气孔；呼吸孔","义1:
  • The shark's spiracle.
  • Spiracles on the larva.
  • Spiracle opens.","spiracle 呼吸孔；对 gill（鳃）。","breathing hole、blowhole","","spiracle 昆虫/鲨呼吸孔；blowhole 鲸喷孔；gill 鳃。"
"molting","/ˈməʊltɪŋ/","n.","动植物","义1. 蜕皮；换羽","义1:
  • Molting in summer.
  • The crab is molting.
  • Molting reveals new shell.","molt (v.) 美；moult 英。","shedding、ecdysis","","molting 脱旧表（皮/羽）；shedding 脱落；ecdysis 蜕皮（专）。"
"diurnal","/daɪˈɜːnl/","adj.","动植物","义1. 昼行的；每日的","义1:
  • Diurnal animals forage by day.
  • A diurnal rhythm.
  • Diurnal tides.","对 nocturnal。","daytime、daily","nocturnal","diurnal 白天活动；nocturnal 夜间；daily 每日（非生物义）。"
"terrestrial","/təˈrestriəl/","adj.","动植物","义1. 陆地的；地球的","义1:
  • Terrestrial mammals.
  • Terrestrial ecosystems.
  • A terrestrial planet.","对 aquatic/arboreal。","land-based、earthly","aquatic、marine","terrestrial 陆地/地球；aquatic 水生；marine 海洋。"
"aquatic","/əˈkwætɪk/","adj.","动植物","义1. 水生的","义1:
  • Aquatic plants.
  • Aquatic sports.
  • An aquatic mammal.","对 terrestrial；aquatic 也指水上运动。","water、marine、hydro-","terrestrial","aquatic 水中生活；marine 海洋；hydro- 水（构词）。"
"camouflage","/ˈkæməflɑːʒ/","n./v.","动植物","义1. 伪装；保护色","义1:
  • The octopus camouflages.
  • Camouflage hides prey.
  • Military camouflage.","camouflage 也指军事伪装。","disguise、concealment","exposure","camouflage 拟色隐蔽；disguise 改扮；concealment 藏匿。"
"mimicry","/ˈmɪmɪkri/","n.","动植物","义1. 拟态；模仿","义1:
  • Batesian mimicry.
  • Mimicry fools predators.
  • Vocal mimicry.","mimic (v.) 模仿；拟态（生物）。","imitation、camouflage","","mimicry 模仿/拟态；imitation 仿制；camouflage 伪装。"
"bioluminescence","/ˌbaɪəʊluːmɪˈnesns/","n.","动植物","义1. 生物发光","义1:
  • Deep fish use bioluminescence.
  • Bioluminescence attracts mates.
  • Bioluminescent plankton.","bioluminescent (adj.)。","living light","","bioluminescence 生物体发光；luminescence 冷光（泛）。"
"forage","/ˈfɒrɪdʒ/","v./n.","动植物","义1. 觅食；饲料","义1:
  • Bees forage flowers.
  • Forage for berries.
  • Cattle forage.","forage 也指（军）粮秣。","browse、gather、scrounge","","forage 寻食（动物/人）；browse 啃食；scrounge 搜寻。"
"sapling","/ˈsæplɪŋ/","n.","动植物","义1. 树苗","义1:
  • Plant a sapling.
  • The sapling grew.
  • Protect the saplings.","sapling 幼树；对 seedling（幼苗）。","young tree、seedling","mature tree","sapling 小树；seedling 幼苗（草/菜）；young tree 幼树。"
"specimen","/ˈspesɪmən/","n.","动植物","义1. 标本；样本","义1:
  • A butterfly specimen.
  • Collect a specimen.
  • A blood specimen.","specimen 也指医学样本。","sample、example","","specimen 标本/样本；sample 抽样；example 例子。"
"neoclassical","/ˌniːəʊˈklæsɪkl/","adj.","艺术音乐","义1. 新古典的","义1:
  • Neoclassical architecture.
  • A neoclassical symphony.
  • Neoclassical restraint.","回归古典秩序；对 romantic。","classical revival、ordered","romantic、baroque","neoclassical 复古理性；romantic 浪漫；baroque 繁复。"
"abstract","/ˈæbstrækt/","adj./n.","艺术音乐","义1. 抽象的（非具象）","义1:
  • Abstract painting.
  • An abstract composition.
  • Move to abstract.","abstract art 抽象艺术；对 figurative（具象）。","non-representational、conceptual","figurative、realistic","abstract 非写实；figurative 具象；conceptual 观念。"
"figurative","/ˈfɪɡərətɪv/","adj.","艺术音乐","义1. 具象的（描绘物形）","义1:
  • Figurative sculpture.
  • Figurative vs abstract.
  • A figurative work.","对 abstract；figurative 也指“比喻的”。","representational、realistic","abstract","figurative 描形；representational 再现；abstract 抽象。"
"easel","/ˈiːzl/","n.","艺术音乐","义1. 画架","义1:
  • Set up the easel.
  • Paint at the easel.
  • A wooden easel.","easel 支撑画布/画板。","stand、frame","","easel 画架；stand 支架；frame 框。"
"gouache","/ɡuˈɑːʃ/","n.","艺术音乐","义1. 树胶水彩（不透明）","义1:
  • Paint in gouache.
  • Gouache layers well.
  • A gouache study.","gouache 不透明水彩；对 watercolor。","opaque watercolor、tempera","","gouache 不透明水彩；watercolor 透明水彩；tempera 蛋彩。"
"etching","/ˈetʃɪŋ/","n.","艺术音乐","义1. 蚀刻版画","义1:
  • A Rembrandt etching.
  • Etching on copper.
  • The etching is fine.","etch (v.) 蚀刻。","print、engraving","","etching 酸蚀版画；engraving 雕刻版；print 版画泛称。"
"treble","/ˈtrebl/","n./adj.","艺术音乐","义1. 高音（部）；三倍的","义1:
  • The treble is shrill.
  • Treble clef.
  • Treble recorder.","对 bass（低音）；treble 也指“三倍”。","soprano、high、triple","bass、low","treble 高音声部；soprano 女高音；bass 低音。"
"bass","/beɪs/","n./adj.","艺术音乐","义1. 低音（部）","义1:
  • The bass line.
  • A bass guitar.
  • Bass drum.","对 treble；bass 也指鲈鱼。","low、contralto","treble、soprano","bass 低音；low 低；contralto 女低音。"
"alto","/ˈæltəʊ/","n.","艺术音乐","义1. 中音（女低/男高）","义1:
  • An alto voice.
  • The alto sang.
  • Alto sax.","对 soprano/tenor。","contralto、mezzo","soprano","alto 中音声部；contralto 女低；mezzo 次女高。"
"tenor","/ˈtenə/","n.","艺术音乐","义1. 男高音","义1:
  • A tenor aria.
  • The tenor led.
  • Tenor sax.","对 bass/baritone。","lead、high male","bass","tenor 男高；baritone 男中；bass 男低。"
"pitch","/pɪtʃ/","n.","艺术音乐","义1. 音高","义1:
  • The pitch is high.
  • Match the pitch.
  • A perfect pitch.","perfect pitch 绝对音感；对 tempo（速度）。","tone、frequency","tempo","pitch 音高低；tone 音色/音；tempo 速度。"
"riff","/rɪf/","n.","艺术音乐","义1. （爵士/摇滚）反复乐句","义1:
  • A guitar riff.
  • The riff hooks you.
  • Hum the riff.","riff 短促重复动机；喻口头禅。","phrase、motif","","riff 重复乐句；phrase 乐句；motif 母题。"
"bridge","/brɪdʒ/","n.","艺术音乐","义1. （歌曲）间奏/桥段","义1:
  • The bridge modulates.
  • Sing the bridge.
  • A jazzy bridge.","bridge 也指琴马/桥。","interlude、middle eight","","bridge 连接段（变化）；interlude 插段；middle eight 八小节桥。"
"campsite","/ˈkæmpsaɪt/","n.","旅游","义1. 营地","义1:
  • Find a campsite.
  • The campsite by the lake.
  • Reserve the campsite.","campsite 野营点；对 hostel。","camp、ground","","campsite 露营位；camp 营；ground 场地。"
"picturesque","/ˌpɪktʃəˈresk/","adj.","旅游","义1. 如画的；别致美的","义1:
  • A picturesque village.
  • Picturesque harbour.
  • Picturesque lanes.","picturesque 像画般美；对 bland。","scenic、charming、quaint","drab、ugly","picturesque 如画美；scenic 风景好；quaint 古雅。"
"offbeat","/ˌɒfˈbiːt/","adj.","旅游","义1. 非主流的；另类的","义1:
  • Offbeat destinations.
  • An offbeat café.
  • Offbeat charm.","offbeat 不落俗套；对 mainstream。","unusual、quirky、alternative","mainstream、conventional","offbeat 小众另类；quirky 古怪有趣；alternative 另类。"
"unspoiled","/ʌnˈspɔɪld/","adj.","旅游","义1. 未受破坏的","义1:
  • Unspoiled beaches.
  • An unspoiled island.
  • Unspoiled nature.","unspoiled 原始自然；对 commercialized。","pristine、untouched、virgin","spoiled、developed","unspoiled 未遭破坏；pristine 原始洁净；untouched 未触及。"
"waypoint","/ˈweɪpɔɪnt/","n.","旅游","义1. （路线）途经点","义1:
  • Set a waypoint.
  • The waypoint marked the pass.
  • Navigate by waypoints.","waypoint 导航点；对 destination。","checkpoint、stop","destination","waypoint 中间点；checkpoint 检查点；destination 终点。"
"embark","/ɪmˈbɑːk/","v.","旅游","义1. 登船/机；着手","义1:
  • Embark on the ship.
  • Embark on a journey.
  • Embark at dawn.","embarkation (n.)；对 disembark。","board、set out、launch","disembark、dismount","embark 登程/开始；board 登载；set out 出发。"
"disembark","/ˌdɪsɪmˈbɑːk/","v.","旅游","义1. 下船/机","义1:
  • Disembark at the port.
  • Disembark carefully.
  • We disembarked.","对 embark。","alight、get off、land","embark、board","disembark 下船/机；alight 下车；land 着陆。"
"lodging","/ˈlɒdʒɪŋ/","n.","旅游","义1. 住宿；住所","义1:
  • Find lodging.
  • Book lodging early.
  • Cheap lodging.","lodging 住宿（泛）；对 camp。","accommodation、shelter、rooms","","lodging 住处；accommodation 食宿；shelter 遮蔽。"
"voyage","/ˈvɔɪɪdʒ/","n./v.","旅游","义1. 航行（尤海上/长途）","义1:
  • A sea voyage.
  • Embark on a voyage.
  • The voyage lasted months.","voyage 长途航行；对 trip（短途）。","journey、expedition、cruise","","voyage 航海/航天长途；journey 旅程；expedition 探险。"
"pharaoh","/ˈfeərəʊ/","n.","历史人物","义1. 法老（古埃及王）","义1:
  • The pharaoh ruled Egypt.
  • A tomb of the pharaoh.
  • Pharaohs built pyramids.","pharaoh 古埃及君主；如 Tutankhamun。","king、ruler","","pharaoh 埃及王号；king 王（泛）；ruler 统治者。"
"vizier","/vɪˈzɪə/","n.","历史人物","义1. （伊斯兰）维齐尔；大臣","义1:
  • The grand vizier.
  • A vizier advised the sultan.
  • The vizier fell.","vizier 奥斯曼/阿拉伯高官；如 Nizam。","minister、counselor","","vizier 伊斯兰宰辅；minister 部长；counselor 顾问。"
"caliph","/ˈkeɪlɪf/","n.","历史人物","义1. 哈里发（伊斯兰领袖）","义1:
  • The caliph led the faithful.
  • A caliphate formed.
  • The caliph conquered.","caliphate (n.) 哈里发国。","successor、commander","","caliph 穆罕默德继任者；successor 继任；commander 统帅。"
"shogun","/ˈʃəʊɡʌn/","n.","历史人物","义1. 将军（日本幕府首领）","义1:
  • The Tokugawa shogun.
  • A shogun ruled Japan.
  • The shogunate.","shogunate (n.) 幕府。","warlord、regent","","shogun 日本武家元首；warlord 军阀；regent 摄政。"
"samurai","/ˈsæmʊraɪ/","n.","历史人物","义1. 武士（日本）","义1:
  • The samurai served the lord.
  • A samurai code.
  • Samurai warriors.","samurai 日本封建武士阶层。","warrior、knight","","samurai 日本武士；knight 骑士；warrior 战士。"
"czar","/zɑː/","n.","历史人物","义1. 沙皇（俄皇）","义1:
  • The czar decreed.
  • A reforming czar.
  • The last czar.","tsar/czar 同；czarina 女皇。","emperor、tsar","","czar 俄国皇帝；emperor 皇帝（泛）；tsar 同拼。"
"regent","/ˈriːdʒənt/","n.","历史人物","义1. 摄政（代幼主执政）","义1:
  • The queen was regent.
  • A regent ruled.
  • The regency.","regency (n.) 摄政期；对 monarch。","proxy、guardian","monarch","regent 代政者；proxy 代理人；guardian 监护人。"
"conquistador","/kɒnˈkiːstədɔː/","n.","历史人物","义1. 征服者（西/葡殖民者）","义1:
  • Cortez the conquistador.
  • Conquistadors in the Americas.
  • The conquistador seized gold.","conquistador 美洲征服者；如 Pizarro。","conqueror、invader","","conquistador 西葡征服者；conqueror 征服者；invader 入侵者。"
"emissary","/ˈemɪsəri/","n.","历史人物","义1. 使者；特使","义1:
  • An emissary was sent.
  • The papal emissary.
  • The emissary negotiated.","emissary 派出的代表；对 ambassador（大使）。","envoy、messenger、delegate","","emissary 专使；envoy 使节；messenger 信使。"
"usurper","/juːˈzɜːpə/","n.","历史人物","义1. 篡位者","义1:
  • The usurper seized the throne.
  • A hated usurper.
  • The usurper reigned.","usurp (v.) 篡夺；历史常见。","pretender、usurper","legitimate ruler","usurper 非法夺权者；pretender 王位宣称者；ruler 合法君。"
"martyr","/ˈmɑːtə/","n.","历史人物","义1. 殉道者；烈士","义1:
  • A Christian martyr.
  • A martyr for liberty.
  • The martyr died.","martyrdom (n.) 殉难；也指“故作受害”。","saint、victim、hero","betrayer","martyr 为信念献身；saint 圣徒；victim 受害者。"
"polymath","/ˈpɒlɪmæθ/","n.","历史人物","义1. 博学通才","义1:
  • Da Vinci was a polymath.
  • A Renaissance polymath.
  • The polymath wrote on all.","polymathic (adj.)；如 Leibniz。","genius、sage、Renaissance man","specialist","polymath 多领域大家；genius 天才；specialist 专才。"
"luminaries","/luːˈmɪnəriz/","n.","历史人物","义1. （复）泰斗；杰出人物","义1:
  • The luminaries of science.
  • Gather the luminaries.
  • Luminaries of the age.","luminary 单数“发光者/名家”。","notables、celebrities、stars","","luminaries 领域巨擘；notables 名流；celebrities 名流（偏娱乐）。"
"reformer","/rɪˈfɔːmə/","n.","历史人物","义1. 改革者","义1:
  • A social reformer.
  • The reformer abolished slavery.
  • Reformers clashed with the old guard.","reform (v.) 改革；如 Luther。","ameliorator、activist","reactionary","reformer 推动变革；activist 行动者；reactionary 守旧。"
"reactionary","/riˈækʃənri/","adj./n.","历史人物","义1. 反动的；保守派","义1:
  • A reactionary clique.
  • Reactionary forces resisted.
  • The reactionary opposed reform.","对 reformer；reactionary 贬义“倒退”。","conservative、counter-revolutionary","reformer、progressive","reactionary 反对进步；conservative 保守；progressive 进步。"
"demagogue","/ˈdeməɡɒɡ/","n.","历史人物","义1. 煽动家；蛊惑民心的政客","义1:
  • The demagogue roused the crowd.
  • Beware the demagogue.
  • A demagogue rose.","demagogic (adj.)；贬义。","agitator、rabble-rouser","statesman","demagogue 煽动民意；agitator 鼓动者；statesman 政治家。"
"statesman","/ˈsteɪtsmən/","n.","历史人物","义1. 政治家（贤明）","义1:
  • A wise statesman.
  • The statesman brokered peace.
  • An elder statesman.","statesmanlike (adj.)；对 politician（中性/贬）。","politician、leader、diplomat","demagogue","statesman 德能兼备的政治家；politician 政客（泛）；diplomat 外交官。"
"conservative","/kənˈsɜːvətɪv/","adj./n.","历史人物","义1. 保守的；保守派","义1:
  • A conservative outlook.
  • The Conservative Party.
  • He was conservative.","Conservative 英国/美保守党；对 liberal。","traditional、right-wing","liberal、radical","conservative 维护传统；traditional 传统；liberal 自由。"
"liberal","/ˈlɪbərəl/","adj./n.","历史人物","义1. 自由的；开明的；自由派","义1:
  • Liberal reforms.
  • A liberal thinker.
  • The Liberal Party.","Liberal 自由党；对 conservative。","progressive、open-minded","conservative、illiberal","liberal 开放进步；progressive 进步；open-minded 开明。"
"radical","/ˈrædɪkl/","adj./n.","历史人物","义1. 激进的；根本的；激进派","义1:
  • Radical change.
  • A radical pamphleteer.
  • The radicals split.","对 moderate（温和）；radical 也指“根本”。","extreme、revolutionary、root","moderate、conservative","radical 彻底/激进；revolutionary 革命；root 根本（义）。"
"moderate","/ˈmɒdərət/","adj./n.","历史人物","义1. 温和的；温和派","义1:
  • A moderate view.
  • The moderates won.
  • He stayed moderate.","对 radical；moderate (v.) 主持。","temperate、centrist","radical、extreme","moderate 中立温和；centrist 中间派；temperate 节制。"
"dynast","/ˈdaɪnæst/","n.","历史人物","义1. 王朝君主；世袭统治者","义1:
  • A Ming dynast.
  • The dynast consolidated power.
  • The last dynast.","dynasty (n.) 王朝；dynastic (adj.)。","ruler、monarch","","dynast 朝代君主；ruler 统治者；monarch 君主。"
"courtier","/ˈkɔːtiə/","n.","历史人物","义1. 朝臣","义1:
  • A cunning courtier.
  • Courtiers surrounded the king.
  • The courtier flattered.","court 宫廷；对 monarch。","court favorite、noble","sovereign","courtier 侍君臣；noble 贵族；sovereign 君主。"
"pretender","/prɪˈtendə/","n.","历史人物","义1. 王位宣称者","义1:
  • A pretender to the throne.
  • The Pretender landed.
  • The pretender rebelled.","pretender 宣称有权者；对 usurper。","claimant、usurper","heir","pretender 称王位者；claimant 权利主张者；heir 继承人。"
"founder","/ˈfaʊndə/","n./v.","历史人物","义1. 创立者；（船）沉没","义1:
  • The founder of the order.
  • A city founder.
  • The ship foundered.","founder 也指（事业）失败/船沉。","originator、creator、establish","destroyer","founder 创建者；originator 始发；creator 创造者。"
"patriarch","/ˈpeɪtriɑːk/","n.","历史人物","义1. 家长； patriarch（族长/牧首）","义1:
  • The family patriarch.
  • A biblical patriarch.
  • The patriarch blessed.","patriarchal (adj.) 父权；对 matriarch。","elder、chief、forefather","matriarch","patriarch 男性族长/宗主；elder 长者；matriarch 女族长。"
"matriarch","/ˈmeɪtriɑːk/","n.","历史人物","义1. 女家长；女族长","义1:
  • The clan matriarch.
  • A matriarch ruled.
  • The matriarch guided.","对 patriarch。","elder、dowager","patriarch","matriarch 女性族长；elder 长者；dowager 孀居贵妇。"
"descendant","/dɪˈsendənt/","n.","历史人物","义1. 后裔","义1:
  • A descendant of the king.
  • Descendants of Confucius.
  • The descendant inherited.","对 ancestor（祖先）。","heir、offspring、successor","ancestor、forebear","descendant 后代；heir 继承人；offspring 子女。"
"ancestor","/ˈænsestə/","n.","历史人物","义1. 祖先","义1:
  • An ancestor of the clan.
  • Honor the ancestors.
  • Trace to an ancestor.","对 descendant。","forebear、progenitor","descendant","ancestor 先辈；forebear 祖宗；progenitor 始祖。"
"progenitor","/prəˈdʒenɪtə/","n.","历史人物","义1. 祖先；先驱","义1:
  • A progenitor of the dynasty.
  • The progenitor of modern art.
  • The progenitor founded.","progenitor 创始祖先/先驱；对 heir。","ancestor、forefather、pioneer","descendant","progenitor 开创者；ancestor 祖先；pioneer 先驱。"
"chronicler","/ˈkrɒnɪklə/","n.","历史人物","义1. 编年史家；记录者","义1:
  • The court chronicler.
  • A chronicler of the war.
  • The chronicler wrote.","chronicle (n./v.) 编年史；对 historian。","historian、recorder、annalist","","chronicler 按年记录者；historian 史家；recorder 记录员。"
"visionary","/ˈvɪʒənri/","adj./n.","历史人物","义1. 有远见的人；空想的","义1:
  • A visionary leader.
  • The visionary founded the school.
  • Too visionary to act.","visionary 也指“幻想的”。","prophetic、idealistic、dreamer","pragmatist","visionary 远见者；prophetic 先知式；dreamer 空想者。"
"tyrant","/ˈtaɪrənt/","n.","历史人物","义1. 暴君","义1:
  • The tyrant oppressed.
  • Overthrow the tyrant.
  • A benevolent tyrant.","tyranny (n.) 暴政；对 liberator。","despot、dictator","liberator","tyrant 专制暴君；despot 专制者；dictator 独裁者。"
"liberator","/ˈlɪbəreɪtə/","n.","历史人物","义1. 解放者","义1:
  • A liberator of the people.
  • The liberator entered.
  • Hailed as liberator.","对 tyrant；liberate (v.) 解放。","emancipator、deliverer","tyrant、oppressor","liberator 解救者；emancipator 废奴者；deliverer 拯救者。"
"mercenary","/ˈmɜːsənəri/","adj./n.","历史人物","义1. 雇佣兵；唯利是图的","义1:
  • A band of mercenaries.
  • Mercenary motives.
  • Hire mercenaries.","mercenary 也指“图利的”（贬）。","hireling、soldier of fortune","idealist、patriot","mercenary 为钱作战；hireling 受雇者；soldier of fortune 冒险军人。"
"oracle","/ˈɒrəkl/","n.","历史人物","义1. 神谕；神使（古希腊）","义1:
  • Consult the oracle.
  • The oracle spoke.
  • The Delphic oracle.","oracle 也指“权威解答”。","prophet、seer、shrine","","oracle 神谕/宣示者；prophet 先知；seer 见者。"
"kernel","/ˈkɜːnl/","n.","科技工程","义1. 内核；核心","义1:
  • The OS kernel.
  • A kernel function.
  • Patch the kernel.","kernel 也指（数学）核/果仁。","core、nucleus","shell","kernel 系统核心；core 核心；shell 外壳/界面。"
"nanotech","/ˈnænəʊtek/","n.","科技工程","义1. 纳米技术","义1:
  • Nanotech in medicine.
  • Advances in nanotech.
  • Nanotech coatings.","nanotechnology 全称；nano- 十亿分之一。","nanotechnology","","nanotech 纳米科技（简）；nanotechnology 全称。"
"render2","/ˈrendə/","v.","科技工程","义1. （图形）渲染","义1:
  • Render the scene.
  • Real-time render.
  • Render at 60fps.","render 也指（烹饪）炼脂；此指图形绘制。","draw、generate","","render 图形渲染；draw 绘制；generate 生成。"
"recursion","/rɪˈkɜːʃn/","n.","科技工程","义1. 递归","义1:
  • Use recursion for trees.
  • Recursion can overflow.
  • Recursion vs loop.","recursive (adj.)；对 iteration。","self-reference","iteration","recursion 自调用；iteration 循环；self-reference 自指。"
"syntax","/ˈsɪntæks/","n.","科技工程","义1. 语法；句法","义1:
  • A syntax error.
  • Check the syntax.
  • Syntax matters.","syntactic (adj.)；对 semantics（语义）。","grammar、structure","semantics","syntax 形式结构；grammar 语法；semantics 意义。"
"semantics","/sɪˈmæntɪks/","n.","科技工程","义1. 语义（学）","义1:
  • The semantics differ.
  • Formal semantics.
  • Semantics over syntax.","semantic (adj.)；对 syntax。","meaning、interpretation","syntax","semantics 含义层；meaning 意义；syntax 形式。"
"token","/ˈtəʊkən/","n.","科技工程","义1. 令牌；标记","义1:
  • An auth token.
  • A token in the parser.
  • Issue a token.","token 也指（通用）代币/象征。","marker、symbol、ticket","","token 凭证/符号；marker 标记；ticket 票据。"
"vector2","/ˈvektə/","n.","科技工程","义1. （数学/编程）向量","义1:
  • A 3D vector.
  • Add the vectors.
  • Vector graphics scale.","vector 也指（医）病媒；此指数学向量。","array、directed quantity","","vector 有向量；array 数组；quantity 量。"
"node","/nəʊd/","n.","科技工程","义1. 节点","义1:
  • A network node.
  • Traverse the nodes.
  • A leaf node.","node 也指（生物）节/（物理）波节。","point、vertex","","node 网络/树节点；vertex 顶点；point 点。"
"latent","/ˈleɪtənt/","adj.","科技工程","义1. 潜伏的；潜在的","义1:
  • A latent variable.
  • Latent heat.
  • Latent defect.","latency (n.) 延迟；latent 隐藏未现。","hidden、dormant、potential","active、manifest","latent 隐藏待显；dormant 休眠；potential 潜在。"
"amortize","/əˈmɔːtaɪz/","v.","商业金融","义1. 摊销；分期偿还","义1:
  • Amortize the loan.
  • Amortize the cost.
  • Amortize over years.","amortization (n.)；对 capitalize（资本化）。","write off、repay gradually","capitalize","amortize 分期摊费用/债；write off 核销；capitalize 资本化。"
"oligopoly","/ˌɒlɪˈɡɒpəli/","n.","商业金融","义1. 寡头垄断","义1:
  • An oligopoly of airlines.
  • Oligopoly pricing.
  • The market is an oligopoly.","对 monopoly/competition。","few-seller market","competition","oligopoly 少数卖方控市；monopoly 单一；competition 竞争。"
"dilution","/daɪˈluːʃn/","n.","商业金融","义1. 稀释（股权/价值）","义1:
  • Share dilution.
  • Avoid dilution.
  • Dilution of control.","dilute (v.) 稀释；对 concentration。","weakening、thinning","concentration","dilution 摊薄股权；weakening 削弱；concentration 集中。"
"capitalize","/ˈkæpɪtəlaɪz/","v.","商业金融","义1. 资本化；利用","义1:
  • Capitalize the cost.
  • Capitalize on the trend.
  • Capitalize the IP.","capitalize 也指“大写”。","fund、exploit、invest","expense","capitalize 计入资产/善用；fund 注资；exploit 利用（贬/中）。"
"underwrite","/ˈʌndəraɪt/","v.","商业金融","义1. 承销；承保","义1:
  • Underwrite the issue.
  • Banks underwrite risk.
  • Underwrite the loan.","underwriter 承销商/承保人。","insure、guarantee、sponsor","","underwrite 承担风险/包销；insure 保险；guarantee 担保。"
"float","/fləʊt/","v./n.","商业金融","义1. （股票）上市；浮动","义1:
  • Float the company.
  • An IPO float.
  • Let the rate float.","float 也指漂浮/筹资上市。","list、launch、issue","delist","float 发行上市；list 挂牌；issue 发行。"
"foreclose","/fɔːˈkləʊz/","v.","商业金融","义1. 取消赎回权（止赎）","义1:
  • Foreclose the mortgage.
  • The bank foreclosed.
  • Foreclose the property.","foreclosure (n.)；对 redeem（赎回）。","repossess、seize","redeem","foreclose 因欠贷收产；repossess 收回；seize 扣押。"
"bull","/bʊl/","n./adj.","商业金融","义1. 看涨（者）；牛市","义1:
  • A bull market.
  • The bulls bought.
  • Bullish sentiment.","对 bear（看跌）；bullish (adj.)。","optimist、rally","bear","bull 看多；bear 看空；rally 反弹。"
"spread","/spred/","n./v.","商业金融","义1. 价差； spread","义1:
  • A narrow spread.
  • The bid-ask spread.
  • Spread the risk.","spread 也指传播/涂抹。","margin、gap、difference","","spread 买卖价差；margin 利润/保证金；gap 缺口。"
"maturity","/məˈtʃʊərəti/","n.","商业金融","义1. （债务）到期；成熟","义1:
  • Reach maturity.
  • At maturity pay.
  • Maturity date.","mature (v.) 到期；对 issuance（发行）。","due date、ripeness","issuance","maturity 债到期/成熟；due date 到期日；ripeness 熟。"
"coupon","/ˈkuːpɒn/","n.","商业金融","义1. 息票；优惠券","义1:
  • A bond coupon.
  • Clip the coupon.
  • A discount coupon.","coupon 也指消费券。","voucher、ticket","","coupon 债息凭证/优惠；voucher 代金券；ticket 票。"
"armor","/ˈɑːmə/","n./v.","军事国防","义1. 装甲；披甲","义1:
  • A plate of armor.
  • Armor the vehicle.
  • Heavy armor advanced.","armour 英式；对 infantry（步兵）。","shield、plating","exposure","armor 防护装甲；shield 盾；plating 装甲板。"
"fortify","/ˈfɔːtɪfaɪ/","v.","军事国防","义1. 加强防御；强化","义1:
  • Fortify the wall.
  • Fortify the position.
  • Fortify with vitamins.","fortification (n.) 防御工事；对 assault。","strengthen、reinforce、entrench","weaken、breach","fortify 筑垒加固；reinforce 增援；entrench 固守。"
"mobilize","/ˈməʊbɪlaɪz/","v.","军事国防","义1. 动员","义1:
  • Mobilize the army.
  • Mobilize resources.
  • Mobilize public support.","mobilization (n.)；对 demobilize（复员）。","rally、activate、organize","demobilize、stand down","mobilize 调集备战；rally 集结；activate 激活。"
"treachery","/ˈtretʃəri/","n.","军事国防","义1. 背叛；变节","义1:
  • An act of treachery.
  • Treachery betrayed the plan.
  • Punish treachery.","treacherous (adj.) 背叛的/危险的；对 loyalty。","betrayal、treason、perfidy","loyalty、fidelity","treachery 背叛行为；treason 叛国；perfidy 背信。"
"ambush","/ˈæmbʊʃ/","n./v.","军事国防","义1. 伏击","义1:
  • Lay an ambush.
  • Ambush the convoy.
  • Walk into an ambush.","ambush 也指（非军事）突袭。","trap、surprise attack","","ambush 预设埋伏；trap 陷阱；surprise attack 突袭。"
"retreat","/rɪˈtriːt/","n./v.","军事国防","义1. 撤退； retreat","义1:
  • Order a retreat.
  • Retreat under fire.
  • A tactical retreat.","对 advance；retreat 也指静修处。","withdrawal、pullback","advance、attack","retreat 后退撤；withdrawal 撤出；pullback 后撤。"
"offensive","/əˈfensɪv/","adj./n.","军事国防","义1. 进攻（的）；攻势","义1:
  • Launch an offensive.
  • An offensive stance.
  • The offensive stalled.","对 defensive；offensive 也指“冒犯的”。","attack、aggressive、assault","defensive、retreat","offensive 主动攻；defensive 防御；assault 强攻。"
"defensive","/dɪˈfensɪv/","adj./n.","军事国防","义1. 防御（的）","义1:
  • A defensive line.
  • Stay on the defensive.
  • Defensive tactics.","对 offensive。","protective、guarding","offensive、aggressive","defensive 守势；protective 保护；offensive 攻。"
"clearance","/ˈklɪərəns/","n.","体育","义1. （足球）解围","义1:
  • A defensive clearance.
  • Clear the ball.
  • A last-ditch clearance.","clearance 也指（通用）清关/间隙。","clear、clear-out","","clearance 解围；clear 清；clear-out 清空。"
"overtime","/ˈəʊvətaɪm/","n.","体育","义1. 加时赛","义1:
  • Force overtime.
  • Win in overtime.
  • Overtime thriller.","overtime 也指加班（工作）。","extra time、added time","regulation","overtime 加时；extra time 同；regulation 常规时间。"
"handicap","/ˈhændikæp/","n./v.","体育","义1.  handicap；让分","义1:
  • A two-stroke handicap.
  • Overcome a handicap.
  • The handicap system.","handicap 也指（通用）障碍/残障。","disadvantage、impairment","advantage","handicap 让分/障碍；disadvantage 不利；impairment 损伤。"
"stamina","/ˈstæmɪnə/","n.","体育","义1. 耐力；持久力","义1:
  • Great stamina.
  • Build stamina.
  • Stamina faded.","stamina 身心耐力；对 fatigue。","endurance、staying power","fatigue","stamina 持久力；endurance 耐力；staying power 后劲。"
"comeback","/ˈkʌmbæk/","n.","体育","义1. 逆转；复出","义1:
  • A stunning comeback.
  • His comeback.
  • Stage a comeback.","comeback 也指（通用）回归。","recovery、return","collapse","comeback 反超/回归；recovery 恢复；return 回来。"
"seeded","/ˈsiːdɪd/","adj.","体育","义1. （选手）种子排位的","义1:
  • A seeded player.
  • The top-seeded team.
  • Seeded eighth.","seed (v.) 定为种子；对 unseeded。","ranked、listed","unseeded","seeded 种子排位；ranked 排名；unseeded 非种子。"
"draw","/drɔː/","n./v.","体育","义1. （比赛）平局；抽签","义1:
  • The match ended a draw.
  • Draw lots.
  • A 1-1 draw.","draw 也指拉/画（通用）。","tie、stalemate","win、loss","draw 平局；tie 同；stalemate 僵局。"
"farm","/fɑːm/","v./n.","游戏","义1. 刷资源；farm","义1:
  • Farm the mats.
  • A gold farm.
  • Farm mobs.","farm 也指（现实）耕种/农场。","grind、harvest","","farm 刷材料；grind 刷级；harvest 收获。"
"lore","/lɔː/","n.","游戏","义1. （世界观）背景设定","义1:
  • Deep game lore.
  • The lore explains it.
  • Rich in lore.","lore 也指（现实）传说/知识。","backstory、mythos","","lore 设定背景；backstory 背景故事；mythos 神话体系。"
"FPS","/ˌef piː ˈes/","n.","游戏","义1. 第一人称射击（游戏）","义1:
  • An FPS shooter.
  • Play an FPS.
  • FPS aiming.","First-Person Shooter；也指帧率 frames per second。","shooter、first-person","","FPS 第一人称射击；shooter 射击游戏；first-person 第一人称。"
"MMORPG","/ˌem em əʊ ɑː ˈpiː dʒiː/","n.","游戏","义1. 大型多人在线角色扮演","义1:
  • An MMORPG world.
  • Play an MMORPG.
  • MMORPG guilds.","Massively Multiplayer Online RPG。","online RPG","","MMORPG 大型网游；online RPG 在线角色扮演；RPG 角色扮演。"
"co-op","/ˈkəʊ ɒp/","adj./n.","游戏","义1. 合作模式","义1:
  • Co-op mode.
  • Play co-op.
  • A co-op campaign.","cooperative 缩写；对 solo/PVP。","cooperative、team","solo、PvP","co-op 合作；cooperative 协作；team 组队。"
"permanent","/ˈpɜːmənənt/","adj.","游戏","义1. （死亡）永久的","义1:
  • Permadeath mode.
  • A permanent ban.
  • Permanent upgrade.","permadeath 一命通关；对 temporary。","lasting、final","temporary","permanent 永久；lasting 持久；temporary 临时。"
"aggravate","/ˈæɡrəveɪt/","v.","游戏","义1. （状态）加重；激怒","义1:
  • Aggravate the injury.
  • Don't aggravate him.
  • Aggravate the wound.","aggravate 也指（通用）使恶化/惹恼；对 soothe。","worsen、irk、provoke","alleviate、soothe","aggravate 加重/惹恼；worsen 恶化；irk 使烦。"
"finale","/fɪˈnɑːli/","n.","媒体影视","义1. 终场；大结局","义1:
  • A explosive finale.
  • The season finale.
  • The finale resolved it.","对 premiere；finale 也指（音乐）终曲。","ending、closure","premiere、opening","finale 收尾高潮；ending 结尾；premiere 首映。"
"remake","/ˈriːmeɪk/","n./v.","媒体影视","义1. 翻拍；重制","义1:
  • A remake of the classic.
  • Remake the film.
  • The remake paled.","remake 也指（音乐）翻唱/重混。","reimagining、recreation","original","remake 重拍；reimagining 重新构想；original 原作。"
"blockbuster","/ˈblɒkbʌstə/","n.","媒体影视","义1. 大片；轰动之作","义1:
  • A summer blockbuster.
  • The blockbuster grossed billions.
  • A blockbuster hit.","blockbuster 也指（通用）巨型成功。","hit、smash","flop","blockbuster 高成本大片；hit 热作；flop 扑街。"
"flop","/flɒp/","n./v.","媒体影视","义1. （票房）惨败","义1:
  • The film flopped.
  • A box-office flop.
  • Another flop.","flop 也指（通用）扑通倒下。","failure、bomb","hit、blockbuster","flop 失败作；failure 失败；bomb 炸裂惨败。"
"pacing","/ˈpeɪsɪŋ/","n.","媒体影视","义1. 节奏（快慢）","义1:
  • Tight pacing.
  • The pacing dragged.
  • Improve the pacing.","pacing 叙事/剪辑节奏；对 tempo（音乐）。","rhythm、tempo","drag","pacing 叙事节奏；rhythm 韵律；tempo 速度。"
"adaptation","/ˌædæpˈteɪʃn/","n.","媒体影视","义1. （小说）改编作","义1:
  • A faithful adaptation.
  • Adapt the novel.
  • The adaptation premiered.","adapt (v.) 改编；对 original。","version、reworking","original","adaptation 改编；version 版本；reworking 重制。"